# www.meshy.ai
mtllib Meshy_AI_chibi_baby_dragon_fig_0930143821_image-to-3d-texture.mtl
o Meshy_AI_chibi_baby_dragon_fig_0930143821_image-to-3d-texture
v 0.121377 0.542639 0.694306
v 0.078256 0.540580 0.719515
v 0.026812 0.478944 0.705476
v 0.113897 0.605052 0.718326
v 0.036034 0.529986 0.707636
v 0.149193 0.438937 0.673428
v 0.157261 0.500765 0.668419
v 0.104711 0.520508 0.676121
v 0.080072 0.594880 0.649437
v 0.121066 0.588889 0.641690
v 0.102932 0.632563 0.613681
v 0.083409 0.669252 0.570630
v 0.162692 0.689691 0.535676
v 0.115704 0.707523 0.514170
v 0.050282 0.648753 0.599116
v 0.080435 0.606055 0.664891
v 0.132221 0.629351 0.676362
v 0.119180 0.741211 0.521600
v 0.112302 0.740123 0.460983
v 0.139626 0.625485 0.698474
v 0.118164 0.755802 0.393555
v 0.163086 0.743079 0.423828
v 0.182070 0.461341 0.659649
v 0.232826 0.631127 0.552414
v 0.220860 0.708717 0.476777
v 0.193331 0.538057 0.636003
v 0.224617 0.532215 0.620122
v 0.249824 0.487865 0.619690
v 0.243652 0.682640 0.487012
v 0.294349 0.402793 0.573601
v 0.290370 0.579282 0.536095
v 0.254989 0.656298 0.477578
v 0.321765 0.795507 0.404303
v 0.354606 0.754006 0.384167
v 0.304691 0.627928 0.426158
v 0.317379 0.391797 0.553761
v 0.352843 0.415865 0.516308
v 0.391329 0.454598 0.428879
v 0.318022 0.613281 0.389648
v 0.352772 0.563410 0.351518
v 0.318359 0.590656 0.340740
v 0.349055 0.368243 0.530234
v 0.397637 0.476522 0.316331
v 0.415877 0.324877 0.372111
v 0.085195 0.731799 0.146227
v 0.112303 0.764580 0.181212
v 0.137658 0.757146 0.209023
v 0.110064 0.740754 0.118689
v 0.180130 0.748146 0.154172
v 0.118044 0.810128 0.170538
v 0.116443 0.820911 0.337895
v 0.151069 0.766982 0.341091
v 0.113341 0.804112 0.373519
v 0.136306 0.732289 0.364735
v 0.156868 0.762066 0.305477
v 0.146730 0.754808 0.235364
v 0.183672 0.812757 0.362868
v 0.159257 0.726866 0.270578
v 0.219205 0.712358 0.226051
v 0.201965 0.833294 0.268843
v 0.225261 0.829799 0.217255
v 0.246162 0.801146 0.189209
v 0.206420 0.810199 0.398516
v 0.237352 0.812086 0.412366
v 0.232422 0.708156 0.165039
v 0.232173 0.716787 0.226150
v 0.240693 0.848450 0.366263
v 0.228485 0.854093 0.244480
v 0.265333 0.879745 0.297626
v 0.288629 0.878358 0.159618
v 0.289294 0.730302 0.190327
v 0.258083 0.701172 0.216655
v 0.317659 0.872689 0.321584
v 0.288769 0.901357 0.202107
v 0.343911 0.875224 0.113409
v 0.308804 0.825970 0.390527
v 0.328060 0.948693 0.145725
v 0.323556 0.935807 0.062178
v 0.324869 0.946982 0.082548
v 0.360198 0.909783 0.230240
v 0.358954 0.713300 0.367925
v 0.359907 0.695704 0.292601
v 0.326172 0.635036 0.295632
v 0.295906 0.657212 0.248069
v 0.350809 0.850796 0.331222
v 0.342633 0.867332 0.315989
v 0.352026 0.670378 0.316181
v 0.392190 0.648842 0.345640
v 0.380385 0.646002 0.274913
v 0.351665 0.937226 0.175170
v 0.360450 0.923928 0.115866
v 0.386562 0.756915 0.304673
v 0.387263 0.820505 0.296819
v 0.394968 0.841077 0.205206
v 0.417694 0.668375 0.293414
v 0.390777 0.780937 0.236332
v 0.370949 0.775030 0.203865
v 0.394609 0.677537 0.328416
v 0.436029 0.632469 0.310532
v 0.434353 0.656649 0.300262
v 0.415272 0.694446 0.250652
v 0.375357 0.545178 0.165808
v 0.375000 0.537375 0.142352
v 0.352539 0.618577 0.164577
v 0.385380 0.496748 0.108451
v 0.332901 0.543682 0.057310
v 0.379568 0.504813 0.305606
v 0.391990 0.476562 0.150186
v 0.442814 0.505383 0.101079
v 0.414452 0.550004 0.308930
v 0.414472 0.417967 0.298798
v 0.393599 0.668575 0.148285
v 0.423758 0.660668 0.147866
v 0.420880 0.578139 0.166805
v 0.418405 0.590189 0.249493
v 0.393207 0.500977 0.254436
v 0.420319 0.534634 0.228886
v 0.499391 0.434135 0.279337
v 0.449986 0.665299 0.162898
v 0.420949 0.353568 0.234275
v 0.414522 0.398247 0.276325
v 0.437427 0.638320 0.281099
v 0.429715 0.576184 0.174739
v 0.467709 0.469674 0.195293
v 0.441479 0.582998 0.195128
v 0.505714 0.407777 0.270848
v 0.445918 0.554834 0.086288
v 0.421783 0.742576 0.154378
v 0.491645 0.374444 0.243599
v 0.446535 0.474609 0.203484
v 0.461325 0.669650 0.194241
v 0.445256 0.759019 0.199869
v 0.458772 0.706140 0.207550
v 0.483354 0.577533 0.104595
v 0.451508 0.753301 0.181182
v 0.550632 0.422648 0.240772
v 0.499546 0.548101 0.165491
v 0.575225 0.447315 0.119298
v 0.287144 0.453424 0.010577
v 0.299243 0.380190 0.026065
v 0.278541 0.354735 -0.022279
v 0.299143 0.391846 0.056351
v 0.285482 0.461914 0.041766
v 0.321210 0.441367 0.040860
v 0.336133 0.379618 0.019141
v 0.291336 0.349609 0.022344
v 0.336027 0.394981 0.033028
v 0.348910 0.389989 0.092501
v 0.368653 0.402826 0.089304
v 0.361039 0.385759 0.043845
v 0.381719 0.381707 0.092684
v 0.395743 0.440430 0.143316
v 0.395443 0.312958 0.102462
v 0.383884 0.409449 0.139635
v 0.441317 0.439834 0.091351
v 0.399818 0.328117 0.148073
v 0.496275 0.381975 0.064889
v 0.416393 0.389195 0.236777
v 0.464020 0.307214 0.242216
v 0.497397 0.511228 0.065005
v 0.543706 0.523916 0.031778
v 0.546897 0.368296 0.184826
v 0.502416 0.459457 0.166479
v 0.525104 0.486830 0.122648
v 0.507387 0.472646 0.084718
v 0.513785 0.450068 0.083757
v 0.551868 0.544813 0.083916
v 0.542269 0.543843 0.040135
v 0.533626 0.444794 0.117783
v 0.540116 0.444825 0.095224
v 0.613242 0.426424 0.024887
v 0.586348 0.391721 0.183970
v 0.555351 0.520267 0.061807
v 0.551568 0.531984 0.035737
v 0.547663 0.333289 0.067748
v 0.566983 0.326434 0.081370
v 0.553353 0.289369 0.091266
v 0.613205 0.394295 0.029778
v 0.635477 0.446401 0.045839
v 0.567739 0.315920 0.140820
v 0.614449 0.394065 0.137562
v 0.633814 0.430080 0.107995
v 0.630434 0.386283 0.069027
v 0.641970 0.429823 0.023697
v 0.651834 0.426363 0.048724
v -0.026283 0.416122 -0.110886
v 0.002709 0.558788 -0.098950
v 0.034266 0.414039 -0.105191
v 0.076512 0.505102 -0.079295
v 0.086698 0.675021 0.033707
v 0.080028 0.640549 0.023185
v 0.048518 0.653335 -0.006676
v 0.081662 0.481731 -0.067769
v 0.066096 0.427966 -0.067789
v 0.089925 0.605424 -0.006462
v 0.103311 0.614332 -0.020813
v 0.100107 0.526866 -0.029733
v 0.084965 0.695504 0.079181
v 0.097718 0.674748 0.068029
v 0.105629 0.410543 -0.110153
v 0.124981 0.675195 0.078160
v 0.166473 0.738462 0.125596
v 0.154777 0.526150 -0.065340
v 0.182866 0.493649 -0.083090
v 0.137181 0.664478 0.011313
v 0.131454 0.519934 -0.062997
v 0.222520 0.589028 -0.039815
v 0.202429 0.413170 -0.109913
v 0.164725 0.704657 0.076871
v 0.198996 0.722260 0.132813
v 0.218321 0.640386 0.025291
v 0.196251 0.680120 0.032908
v 0.185523 0.374063 -0.067320
v 0.234293 0.436278 -0.074093
v 0.222987 0.452065 -0.093769
v 0.246726 0.547278 -0.035733
v 0.271018 0.500457 0.002808
v 0.243182 0.694640 0.122677
v 0.252461 0.664638 0.064553
v 0.249142 0.558156 -0.017003
v 0.249927 0.709532 0.140463
v 0.268804 0.635716 0.094809
v 0.264739 0.694835 0.125681
v 0.255263 0.614281 0.088558
v 0.269992 0.508576 0.050418
v 0.279835 0.548442 0.066090
v 0.293828 0.664075 0.235487
v 0.325589 0.654667 0.186520
v 0.333567 0.570672 0.095309
v 0.282986 0.523211 0.038325
v 0.339315 0.781216 0.178236
v 0.310313 0.561734 0.062227
v 0.308213 0.664805 0.219992
v 0.310111 0.610549 0.113392
v 0.417527 0.758202 0.165884
v 0.337190 0.932283 0.060933
v 0.383361 0.837363 0.165269
v 0.419131 0.766071 0.188423
v -0.051861 0.197669 0.744290
v -0.039968 0.140489 0.739255
v 0.003443 0.212572 0.757226
v -0.050685 0.088689 0.708459
v 0.016269 0.144957 0.746729
v 0.023571 0.276300 0.692117
v -0.050039 0.234295 0.738636
v 0.055357 0.237726 0.730883
v -0.010363 0.376403 0.701837
v 0.047665 0.205368 0.745730
v 0.068153 0.134785 0.718492
v 0.057357 0.078575 0.698984
v 0.133333 0.228767 0.645809
v 0.145668 0.335262 0.656625
v 0.128772 0.168796 0.684616
v 0.176882 0.408234 0.642917
v 0.175938 0.389513 0.646345
v 0.223695 0.199413 0.618149
v 0.176284 0.367726 0.638083
v 0.252126 0.059938 0.591634
v 0.281183 0.130058 0.617884
v 0.280276 0.208150 0.579063
v 0.248332 0.383502 0.607201
v 0.262705 0.243466 0.595079
v 0.282965 0.166423 0.613995
v 0.306641 0.345905 0.542784
v 0.314711 0.346944 0.549103
v 0.325433 0.254156 0.531805
v 0.318055 0.101585 0.562374
v 0.345059 0.181379 0.548006
v 0.338068 0.335051 0.523343
v 0.335644 0.268490 0.524067
v 0.374415 0.155130 0.486353
v 0.361015 0.089686 0.423685
v 0.403156 0.152378 0.333848
v 0.410148 0.185499 0.337752
v -0.031944 0.034674 0.661514
v -0.210237 0.014697 0.523750
v -0.065515 -0.003182 0.563112
v -0.059914 -0.072698 0.548375
v -0.145007 -0.043177 0.464405
v -0.178234 -0.040640 0.461427
v -0.115880 -0.070168 0.531878
v -0.133303 -0.006339 0.391104
v -0.123651 -0.062341 0.435038
v -0.087304 -0.009832 0.448591
v -0.014036 -0.082849 0.503988
v -0.066040 -0.073787 0.487769
v -0.055922 -0.009234 0.466202
v -0.070815 0.136244 0.718254
v 0.007371 0.005580 0.608771
v 0.033627 0.055453 0.686657
v 0.009452 -0.099275 0.557063
v 0.047101 -0.085120 0.547240
v 0.175561 0.003226 0.490257
v 0.034616 -0.008297 0.453586
v 0.033203 -0.114884 0.537541
v 0.032227 -0.083083 0.515625
v 0.069281 -0.076818 0.493594
v 0.068128 -0.077606 0.463130
v 0.035531 -0.125371 0.571852
v 0.075712 -0.083441 0.553096
v 0.070668 -0.007149 0.420898
v 0.082473 -0.075544 0.522939
v 0.092687 -0.092101 0.545876
v 0.050760 -0.143014 0.573843
v 0.083403 -0.093314 0.518163
v 0.144738 -0.030819 0.407391
v 0.112236 -0.096706 0.526985
v 0.118467 -0.047634 0.373761
v 0.197750 0.037050 0.593737
v 0.112643 -0.005859 0.354621
v 0.113384 -0.121094 0.491010
v 0.146460 -0.001717 0.314434
v 0.107600 0.002726 0.273438
v 0.128370 -0.012181 0.301334
v 0.147501 -0.049079 0.444687
v 0.145014 -0.137053 0.519915
v 0.142268 -0.000638 0.303647
v 0.164184 -0.013540 0.283907
v 0.172476 -0.071979 0.422916
v 0.181127 -0.030833 0.382242
v 0.176692 -0.026633 0.309570
v 0.195722 -0.026838 0.280839
v 0.189907 -0.053353 0.335391
v 0.158186 -0.128690 0.434730
v 0.193981 -0.085327 0.362771
v 0.182858 -0.085357 0.343969
v 0.181024 -0.074846 0.323587
v 0.214037 -0.093533 0.302123
v 0.220457 -0.061759 0.314052
v 0.282464 0.045322 0.515069
v 0.233587 -0.088914 0.278386
v 0.286032 0.034310 0.331535
v 0.375852 0.109032 0.309294
v 0.216798 0.302763 -0.096997
v 0.272110 0.283428 -0.051706
v 0.249357 0.210565 -0.021750
v 0.273834 0.233962 0.014080
v 0.261708 0.171979 0.021438
v 0.297323 0.150449 0.022489
v 0.248645 0.253776 -0.075581
v 0.294331 0.243834 0.004485
v 0.265774 0.227141 -0.034912
v 0.303809 0.273441 0.015619
v 0.351877 0.174006 0.052660
v 0.337897 0.194348 0.026209
v 0.330555 0.239837 0.043168
v 0.369537 0.187312 0.094131
v 0.347096 0.121891 0.164336
v 0.352255 0.124000 0.116847
v 0.388422 0.228286 0.125520
v 0.356332 0.186471 0.162246
v 0.382224 0.098401 0.128292
v 0.381032 0.223426 0.173507
v 0.387694 0.194157 0.166326
v 0.344328 0.130467 0.222141
v 0.402713 0.182617 0.276568
v 0.432962 0.077600 0.107926
v 0.421832 0.124483 0.248593
v 0.396882 0.288795 0.133357
v 0.518855 0.183232 0.082523
v 0.420898 0.191023 0.189245
v 0.410366 0.252530 0.250385
v 0.501787 0.228637 0.094692
v 0.438847 0.176311 0.266840
v 0.421270 0.193572 0.165169
v 0.456044 0.269468 0.125655
v 0.458251 0.074963 0.119134
v 0.446049 0.204990 0.220609
v 0.472650 0.235659 0.230479
v 0.543294 0.155198 0.112404
v 0.436856 0.045607 0.105707
v 0.550922 0.169653 0.144463
v 0.462367 0.120518 0.228940
v 0.471210 0.150627 0.227639
v 0.453465 0.052173 0.174951
v 0.504904 0.218707 0.096360
v 0.524530 0.246017 0.195149
v 0.461864 0.051862 0.119685
v 0.477832 0.081907 0.163274
v 0.497367 0.284965 0.214183
v 0.531535 0.162060 0.090620
v 0.524271 0.247396 0.083780
v 0.551521 0.171588 0.080404
v 0.553858 0.195390 0.152870
v 0.568394 0.163540 0.094986
v 0.572982 0.179099 0.107512
v 0.215639 -0.045895 0.252698
v 0.186928 0.014453 0.240409
v 0.231350 0.059571 0.055050
v 0.257886 0.069314 0.062296
v 0.251017 0.000015 0.152422
v 0.214952 -0.068333 0.227624
v 0.228516 0.031960 0.223799
v 0.222651 -0.028691 0.184635
v 0.236668 0.005464 0.196640
v 0.249340 -0.013559 0.252597
v 0.281346 0.050444 0.259813
v 0.267824 -0.025843 0.228447
v 0.231694 0.083886 0.039635
v 0.267519 0.007445 0.114511
v 0.286843 -0.018972 0.277523
v 0.274300 0.038500 0.083158
v 0.312248 0.007659 0.222197
v 0.327130 0.066874 0.108529
v 0.270183 -0.120571 0.095443
v 0.328433 -0.040078 0.098134
v 0.326601 -0.029778 0.043595
v 0.336379 0.130496 0.208341
v 0.354065 0.069508 0.160442
v 0.354212 -0.030974 0.023112
v 0.335339 -0.053449 0.011644
v 0.336648 -0.023367 0.081415
v 0.366478 0.092497 0.197377
v 0.377357 -0.032358 0.081916
v 0.355404 -0.098742 0.095460
v 0.405494 -0.069636 0.092174
v 0.338427 -0.059583 0.105993
v 0.375427 0.075960 0.145968
v 0.445035 -0.110765 -0.012326
v 0.433034 0.028753 0.143114
v 0.435847 -0.077233 0.010279
v 0.453840 -0.080043 0.050442
v 0.444232 0.036538 0.112198
v -0.099604 -0.028063 0.112952
v -0.167858 -0.031709 0.116736
v -0.125756 0.056696 0.028164
v -0.088560 -0.000206 0.081676
v -0.095749 0.059543 0.022348
v -0.099165 0.059530 0.048426
v -0.108398 0.006374 0.232021
v -0.116300 0.002903 0.204014
v -0.077378 0.020111 0.157548
v -0.123670 -0.033555 0.164323
v -0.105882 0.111870 0.002455
v -0.070993 0.014578 0.010473
v -0.084497 -0.008137 0.122310
v -0.061000 0.010277 0.177210
v -0.048791 -0.029470 0.147484
v 0.009323 -0.068724 0.104126
v -0.042024 0.076190 -0.040060
v -0.009071 -0.068790 0.141029
v -0.001651 0.030022 -0.035569
v -0.000010 0.097605 -0.056622
v -0.007874 -0.013627 -0.003289
v 0.036224 0.079700 -0.038111
v 0.064790 0.011494 0.012839
v 0.065740 -0.058605 0.159695
v 0.022797 -0.040380 0.159764
v 0.070702 -0.042459 0.190066
v 0.078087 -0.007165 0.107339
v 0.035548 0.006450 0.194585
v 0.051880 -0.001007 0.169890
v 0.072732 0.013259 0.153744
v 0.067886 0.005363 0.219290
v 0.088177 0.058229 0.026953
v 0.091887 0.005118 0.065240
v 0.097400 -0.016497 0.193123
v 0.114313 0.113356 0.003565
v 0.098289 0.114934 0.019110
v 0.050910 0.066717 -0.072297
v 0.128396 -0.068027 0.218302
v 0.086583 -0.024429 0.118165
v 0.136933 0.007204 0.234556
v 0.148622 -0.067899 0.179477
v 0.092052 0.053531 0.046875
v 0.139230 0.061588 0.022630
v 0.130308 -0.046583 0.250550
v 0.194473 0.121605 -0.044698
v 0.155030 -0.055041 0.144140
v 0.147676 -0.026106 0.256544
v 0.147952 -0.062818 0.201348
v 0.181082 -0.073461 0.201168
v 0.186426 -0.066510 0.220476
v 0.214995 0.105486 0.016459
v 0.216797 0.120117 0.047190
v 0.215850 0.121020 -0.022894
v -0.096408 0.108901 -0.099168
v -0.059750 0.070075 -0.086094
v -0.062964 0.177112 -0.114819
v -0.091843 0.217502 -0.101332
v -0.061573 0.196598 -0.139920
v -0.019481 0.139383 -0.103448
v -0.012493 0.136180 -0.119145
v 0.000649 0.309776 -0.152895
v -0.091475 0.319851 -0.118928
v 0.006480 0.398433 -0.109358
v -0.000275 0.136385 -0.087150
v -0.003037 0.252076 -0.161376
v 0.006755 0.137048 -0.121498
v -0.089198 0.262313 -0.130583
v 0.068780 0.202884 -0.137321
v 0.089974 0.278568 -0.128038
v 0.024414 0.144455 -0.109375
v 0.070754 0.074727 -0.086175
v 0.083955 0.400428 -0.079835
v 0.075531 0.197021 -0.112542
v 0.109311 0.122802 -0.097188
v 0.098148 0.239164 -0.093446
v 0.126392 0.244699 -0.082339
v 0.133301 0.145617 -0.081241
v 0.102545 0.364265 -0.075509
v 0.138580 0.358824 -0.106025
v 0.106095 0.281282 -0.078127
v 0.166054 0.361295 -0.072672
v 0.140530 0.147821 -0.033121
v 0.146172 0.226192 -0.053976
v 0.161232 0.222903 -0.082196
v 0.223650 0.217810 -0.056238
v -0.221155 0.709477 0.477095
v -0.245488 0.680047 0.479923
v -0.295162 0.564375 0.543873
v -0.157684 0.676862 0.553317
v -0.245299 0.596130 0.572831
v -0.096171 0.614726 0.629382
v -0.166307 0.743449 0.432782
v -0.080126 0.639931 0.610349
v -0.084922 0.729774 0.457967
v -0.101007 0.683177 0.646554
v -0.097759 0.622093 0.678103
v -0.079200 0.656616 0.688156
v -0.059660 0.668470 0.632718
v -0.054103 0.670709 0.659907
v -0.052973 0.690765 0.518645
v -0.047311 0.607064 0.702904
v -0.041642 0.805960 0.524376
v -0.065943 0.886624 0.429336
v -0.072699 0.744880 0.503335
v -0.045178 0.639283 0.686903
v -0.038498 0.661512 0.573630
v -0.023813 0.753295 0.561011
v -0.053190 0.701964 0.560208
v -0.025369 0.778003 0.581033
v -0.008170 0.764031 0.563894
v -0.019415 0.753979 0.629965
v 0.007841 0.847378 0.516815
v -0.035602 0.903899 0.424661
v 0.023907 0.754943 0.591537
v -0.004571 0.671786 0.696668
v 0.050545 0.707855 0.654167
v -0.006808 0.776032 0.582691
v -0.000500 0.621195 0.707852
v 0.017884 0.514356 0.683197
v 0.055084 0.605341 0.675430
v 0.076142 0.848966 0.448177
v 0.073493 0.823614 0.506676
v 0.041346 0.570531 0.665429
v 0.052289 0.720966 0.620918
v 0.051261 0.703570 0.594206
v 0.105693 0.760441 0.542758
v 0.080577 0.797923 0.397704
v 0.025810 0.878330 0.370368
v 0.062475 0.736362 0.393582
v 0.037387 0.768883 0.362675
v 0.101481 0.749029 0.435617
v 0.098032 0.812154 0.434560
v 0.113720 0.784348 0.487944
v -0.384749 0.490994 0.419647
v -0.372223 0.415526 0.488602
v -0.298644 0.518179 0.564295
v -0.304460 0.395940 0.569735
v -0.251459 0.488576 0.618859
v -0.305812 0.628923 0.423831
v -0.250504 0.504416 0.617689
v -0.194246 0.376448 0.637428
v -0.187500 0.397904 0.640093
v -0.272461 0.371676 0.573626
v -0.259095 0.202452 0.596995
v -0.147052 0.338465 0.656988
v -0.167614 0.518217 0.661721
v -0.200386 0.536714 0.641814
v -0.153384 0.435221 0.668776
v -0.160656 0.393998 0.651867
v -0.098045 0.424166 0.688716
v -0.119495 0.519667 0.672950
v -0.134759 0.229542 0.645832
v -0.072753 0.564960 0.664538
v -0.048365 0.280420 0.686338
v -0.087607 0.580897 0.668699
v -0.062163 0.226259 0.735672
v 0.007748 0.471415 0.697639
v -0.172999 0.635415 -0.019325
v -0.114685 0.589775 -0.036618
v -0.220088 0.591515 -0.040088
v -0.150010 0.758533 0.219727
v -0.178097 0.752628 0.185267
v -0.173308 0.733361 0.262706
v -0.206605 0.701941 0.066575
v -0.101509 0.665955 0.039110
v -0.157184 0.726295 0.272433
v -0.119469 0.751414 0.187062
v -0.144647 0.819205 0.317930
v -0.151841 0.747516 0.295458
v -0.152876 0.767013 0.333008
v -0.175130 0.733374 0.129087
v -0.105527 0.735352 0.141539
v -0.106397 0.752150 0.383749
v -0.136910 0.734375 0.358628
v -0.113958 0.806936 0.367814
v -0.122857 0.808960 0.176127
v -0.110390 0.690541 0.101473
v -0.110671 0.813153 0.171010
v -0.085926 0.716801 0.133531
v -0.086758 0.644531 0.022155
v -0.053033 0.694047 0.002708
v -0.069653 0.734773 0.411533
v -0.090327 0.767080 0.176331
v -0.062057 0.818329 0.278294
v -0.023870 0.794352 0.354220
v -0.103434 0.527252 -0.030904
v -0.090018 0.559043 -0.052812
v -0.026365 0.763867 0.168970
v -0.039071 0.768504 0.211548
v -0.082495 0.898187 0.339400
v -0.078892 0.915472 0.346477
v -0.067651 0.786239 0.390365
v -0.069945 0.653320 0.021889
v -0.068717 0.904031 0.330405
v -0.015839 0.649259 -0.044420
v -0.017636 0.742481 0.082317
v -0.018467 0.814371 0.345704
v 0.035401 0.796823 0.359348
v 0.008485 0.899082 0.386063
v -0.020177 0.748381 0.160720
v 0.028435 0.672235 -0.032501
v -0.028935 0.809605 0.187483
v -0.023362 0.825977 0.218409
v 0.051761 0.800723 0.240961
v 0.024134 0.780374 0.162575
v 0.033255 0.742960 0.135671
v 0.040005 0.800201 0.187623
v 0.013752 0.635677 -0.040899
v 0.027861 0.766619 0.166437
v 0.045012 0.808173 0.322802
v 0.035630 0.725554 0.053500
v 0.045316 0.763157 0.208486
v 0.064157 0.751382 0.135999
v 0.106988 0.811078 0.165517
v -0.448415 0.714390 0.222562
v -0.457831 0.730539 0.175255
v -0.462988 0.683164 0.196117
v -0.431076 0.575558 0.175400
v -0.442102 0.762345 0.178544
v -0.422316 0.615493 0.254385
v -0.437263 0.694030 0.149855
v -0.435198 0.754183 0.213477
v -0.433835 0.657088 0.293014
v -0.436108 0.605380 0.272288
v -0.434566 0.624656 0.314620
v -0.412685 0.672485 0.328535
v -0.417791 0.570491 0.320524
v -0.403517 0.645820 0.270508
v -0.329157 0.640978 0.296875
v -0.390336 0.500977 0.254720
v -0.421231 0.536476 0.224985
v -0.389409 0.505850 0.287983
v -0.419901 0.576407 0.165103
v -0.374026 0.544019 0.163843
v -0.391162 0.651579 0.344592
v -0.330078 0.666082 0.264648
v -0.394994 0.671495 0.147943
v -0.352511 0.669399 0.319849
v -0.361032 0.739685 0.372653
v -0.386650 0.812046 0.309308
v -0.394127 0.778040 0.264943
v -0.393847 0.811821 0.284296
v -0.414567 0.761446 0.175260
v -0.362385 0.698695 0.340801
v -0.378369 0.507314 0.309054
v -0.350297 0.568365 0.352467
v -0.355651 0.577131 0.170522
v -0.352603 0.696162 0.183575
v -0.332104 0.629892 0.175439
v -0.314780 0.670281 0.245706
v -0.380266 0.779737 0.210739
v -0.405642 0.457914 0.315363
v -0.359579 0.856789 0.315632
v -0.306432 0.805047 0.407879
v -0.319804 0.608881 0.379363
v -0.317680 0.592773 0.338194
v -0.310517 0.669439 0.437598
v -0.289482 0.655691 0.240821
v -0.329247 0.767138 0.411826
v -0.312735 0.601177 0.106965
v -0.300219 0.674032 0.156074
v -0.250875 0.808733 0.417855
v -0.271330 0.866416 0.343064
v -0.270510 0.735727 0.190524
v -0.198834 0.817845 0.378193
v -0.431768 0.757735 0.164489
v -0.394540 0.855982 0.208658
v -0.358301 0.931702 0.183026
v -0.339409 0.930395 0.060923
v -0.351449 0.844612 0.136199
v -0.322020 0.922153 0.067032
v -0.327850 0.950874 0.125017
v -0.308521 0.773383 0.173491
v -0.297570 0.885152 0.297908
v -0.325234 0.940403 0.065894
v -0.311815 0.943457 0.111269
v -0.298659 0.905923 0.221372
v -0.311465 0.877626 0.131927
v -0.293550 0.902063 0.164999
v -0.264152 0.688187 0.121352
v -0.311126 0.574732 0.097156
v -0.245467 0.805143 0.190006
v -0.249265 0.872800 0.272722
v -0.241327 0.853554 0.216896
v -0.271516 0.506900 0.045848
v -0.257299 0.617781 0.087440
v -0.249462 0.710922 0.212667
v -0.259189 0.665084 0.075212
v -0.249510 0.705317 0.133246
v -0.243712 0.691244 0.119096
v -0.219055 0.639625 0.024643
v -0.220080 0.673444 0.038528
v -0.220122 0.852647 0.327340
v -0.221987 0.712274 0.223543
v -0.251472 0.559637 -0.013441
v -0.229770 0.827622 0.212356
v -0.181445 0.811170 0.290388
v -0.479591 0.098570 0.175354
v -0.470728 0.154172 0.231211
v -0.471898 0.078243 0.135271
v -0.438909 0.030914 0.152785
v -0.444231 0.139607 0.254823
v -0.445390 0.069889 0.200524
v -0.442669 0.039052 0.109494
v -0.432428 0.194607 0.270238
v -0.434919 0.029743 0.129428
v -0.395540 0.167998 0.267584
v -0.417646 0.068525 0.193613
v -0.408594 0.200344 0.278677
v -0.410109 0.252930 0.252930
v -0.399284 0.179547 0.414004
v -0.422151 0.371742 0.294562
v -0.368650 0.085358 0.142915
v -0.399800 0.348165 0.431299
v -0.347631 0.130615 0.224604
v -0.367095 0.093862 0.414409
v -0.395100 0.135055 0.317410
v -0.352707 0.156219 0.539923
v -0.317840 0.089355 0.233884
v -0.322458 0.108414 0.563872
v -0.294461 0.037530 0.333886
v -0.355018 0.359876 0.520866
v -0.330557 0.237780 0.534774
v -0.348067 0.061225 0.160598
v -0.354921 0.088930 0.137419
v -0.327299 0.051703 0.126966
v -0.344727 0.116233 0.190430
v -0.300555 0.018882 0.282930
v -0.305153 0.043168 0.441486
v -0.296072 0.141845 0.607971
v -0.269919 0.053571 0.560772
v -0.303696 0.003209 0.265975
v -0.318744 0.280732 0.534636
v -0.319839 0.344147 0.547116
v -0.281217 0.062913 0.077339
v -0.269625 0.163937 0.623855
v -0.303218 0.226061 0.553215
v -0.293009 0.054804 0.263669
v -0.270775 -0.001041 0.150211
v -0.274248 0.023304 0.105746
v -0.269240 0.011402 0.269290
v -0.241752 0.076977 0.618126
v -0.238281 0.040015 0.220703
v -0.255479 0.003762 0.143781
v -0.251146 0.095752 0.068420
v -0.258494 0.056420 0.090533
v -0.143021 -0.003393 0.348896
v -0.217887 -0.024073 0.189883
v -0.164504 -0.040324 0.201172
v -0.230141 0.079531 0.053692
v -0.190571 -0.006061 0.286512
v -0.205525 -0.039144 0.305123
v -0.205303 -0.033804 0.399024
v -0.215210 -0.077352 0.396930
v -0.175888 -0.004039 0.295926
v -0.152384 -0.000701 0.228716
v -0.127556 0.153938 0.689514
v -0.151728 -0.043581 0.364513
v -0.154888 -0.017318 0.286348
v -0.647654 0.438033 0.034041
v -0.644791 0.425915 0.024074
v -0.648714 0.414302 0.057243
v -0.641017 0.440972 0.082566
v -0.636739 0.436405 0.025307
v -0.603724 0.386129 0.150622
v -0.568169 0.318754 0.090826
v -0.570246 0.308081 0.126337
v -0.605151 0.407994 0.025072
v -0.543667 0.422056 0.248654
v -0.504923 0.458923 0.164031
v -0.525808 0.448688 0.132418
v -0.558146 0.429787 0.059936
v -0.559591 0.369794 0.175797
v -0.534623 0.266032 0.083209
v -0.506052 0.375935 0.243677
v -0.491667 0.398558 0.068541
v -0.548427 0.515121 0.045940
v -0.553199 0.523798 0.082470
v -0.557482 0.539921 0.065421
v -0.549922 0.535503 0.035476
v -0.535030 0.520446 0.033270
v -0.506483 0.573104 0.093521
v -0.530075 0.550876 0.127360
v -0.528197 0.483938 0.114626
v -0.473633 0.372874 0.229735
v -0.523805 0.464396 0.100199
v -0.481308 0.466768 0.081593
v -0.490306 0.550749 0.054728
v -0.474081 0.499872 0.192078
v -0.491025 0.551645 0.172194
v -0.503449 0.429678 0.278494
v -0.448420 0.474017 0.203553
v -0.427123 0.555099 0.104595
v -0.412551 0.396078 0.269158
v -0.421260 0.354883 0.234758
v -0.492560 0.291272 0.219113
v -0.439863 0.445604 0.092912
v -0.395480 0.433562 0.144213
v -0.389590 0.492188 0.141582
v -0.419922 0.387519 0.235506
v -0.375729 0.535417 0.143301
v -0.393567 0.338946 0.152118
v -0.388001 0.387917 0.149149
v -0.380029 0.494998 0.095274
v -0.342127 0.442190 0.054273
v -0.356769 0.540662 0.084742
v -0.366348 0.386931 0.091820
v -0.371095 0.378410 0.054754
v -0.391573 0.279108 0.139175
v -0.345771 0.396227 0.035355
v -0.362628 0.300109 0.049674
v -0.350667 0.388897 0.095732
v -0.294771 0.526157 0.035074
v -0.299267 0.393960 0.055111
v -0.308751 0.280392 0.016904
v -0.321968 0.390583 0.019747
v -0.312070 0.561567 0.061675
v -0.299312 0.382314 0.021979
v -0.290039 0.449289 0.040892
v -0.285663 0.457375 0.006807
v -0.269272 0.493235 0.007794
v -0.263552 0.534361 0.011030
v -0.573754 0.182914 0.117777
v -0.567189 0.162875 0.091165
v -0.554427 0.167493 0.139960
v -0.538197 0.167312 0.082508
v -0.542706 0.155883 0.097735
v -0.519993 0.251019 0.202588
v -0.440702 0.221680 0.234630
v -0.507405 0.218033 0.095315
v -0.470805 0.191842 0.127957
v -0.482231 0.277829 0.235168
v -0.413862 0.194973 0.184248
v -0.378906 0.225244 0.176480
v -0.430958 0.074188 0.106658
v -0.378018 0.149414 0.146309
v -0.379459 0.227703 0.131278
v -0.381962 0.164997 0.125001
v -0.353290 0.196231 0.037163
v -0.348618 0.121164 0.115692
v -0.350929 0.169389 0.041462
v -0.310375 0.140990 0.059372
v -0.305142 0.194705 0.008209
v -0.298869 0.240234 0.002708
v -0.279899 0.342214 -0.015894
v -0.271878 0.273186 -0.056524
v -0.252930 0.142578 0.026290
v -0.227177 0.424416 -0.077430
v -0.261476 0.202086 -0.014554
v -0.240933 0.212254 -0.057264
v -0.226962 0.310912 -0.094184
v -0.202121 0.137091 -0.049223
v -0.218695 0.442043 -0.102945
v -0.218161 0.125660 0.050365
v -0.246481 0.546613 -0.032541
v -0.188398 0.374023 -0.067097
v -0.222855 0.563394 -0.049172
v -0.160505 0.222907 -0.082082
v -0.208008 0.215210 -0.058230
v -0.205437 0.106049 0.031893
v -0.149681 0.524002 -0.066026
v -0.191304 0.480592 -0.092234
v -0.181114 0.394926 -0.113941
v -0.198225 0.114051 -0.035690
v -0.127442 0.246584 -0.083496
v -0.144651 0.363421 -0.110130
v -0.098681 0.452686 -0.097460
v -0.162119 0.220408 -0.060533
v -0.151367 0.172532 -0.041459
v -0.129883 0.512695 -0.058563
v -0.143957 0.186386 -0.085856
v -0.110273 0.394636 -0.108140
v -0.105540 0.265712 -0.071567
v -0.106844 0.348224 -0.065905
v -0.117847 0.129171 0.011349
v -0.075529 0.463867 -0.070739
v -0.082394 0.518687 -0.074622
v -0.065116 0.431405 -0.062905
v 0.059692 -0.282117 0.515115
v 0.011190 -0.215936 0.544998
v -0.016796 -0.281054 0.545277
v 0.015185 -0.207470 0.560054
v 0.041870 -0.210147 0.539968
v 0.025391 -0.182617 0.558672
v 0.035934 -0.180411 0.579657
v 0.016312 -0.149414 0.540371
v -0.004654 -0.441706 0.551708
v 0.050872 -0.325103 0.530052
v 0.055695 -0.204612 0.575690
v 0.047877 -0.384746 0.538189
v 0.085260 -0.410319 0.517093
v 0.056381 -0.378349 0.559096
v 0.068587 -0.347892 0.571696
v 0.069336 -0.383538 0.526367
v 0.064756 -0.307250 0.547292
v 0.079470 -0.183915 0.471925
v 0.076172 -0.288681 0.505256
v 0.100963 -0.169261 0.504883
v 0.100935 -0.220195 0.516962
v 0.085903 -0.361287 0.571330
v 0.084853 -0.378968 0.562494
v 0.102603 -0.276056 0.462887
v 0.118304 -0.272686 0.525758
v 0.075378 -0.413084 0.581483
v 0.094568 -0.380878 0.598355
v 0.097456 -0.412188 0.554538
v 0.094717 -0.312669 0.578553
v 0.127930 -0.444336 0.495032
v 0.109081 -0.215323 0.554077
v 0.122070 -0.136798 0.536133
v 0.134107 -0.409630 0.583405
v 0.116290 -0.138344 0.404930
v 0.128571 -0.139851 0.489590
v 0.112256 -0.196246 0.420547
v 0.165811 -0.263228 0.456585
v 0.127471 -0.284751 0.386711
v 0.127458 -0.191878 0.498512
v 0.139324 -0.271085 0.427967
v 0.137773 -0.321572 0.592812
v 0.144154 -0.183114 0.529402
v 0.191339 -0.279933 0.540399
v 0.164207 -0.367942 0.593949
v 0.143112 -0.432356 0.556469
v 0.215180 -0.316029 0.554655
v 0.169424 -0.160948 0.424165
v 0.207606 -0.265099 0.465461
v 0.243022 -0.269475 0.446002
v 0.206479 -0.426054 0.525444
v 0.181962 -0.442594 0.416978
v 0.185882 -0.479438 0.419080
v 0.184354 -0.432684 0.388745
v 0.189871 -0.445800 0.502282
v 0.234313 -0.434269 0.402653
v 0.239129 -0.368984 0.529625
v 0.231233 -0.301466 0.529346
v 0.204466 -0.418381 0.360872
v 0.267828 -0.308244 0.446568
v 0.278461 -0.377859 0.439621
v 0.254239 -0.423122 0.414493
v 0.290842 -0.362426 0.389245
v 0.292290 -0.333723 0.394131
v 0.019232 -0.093667 0.181715
v 0.080078 -0.141915 0.186191
v 0.050159 -0.155346 0.146359
v 0.076584 -0.091289 0.210478
v 0.051199 -0.096315 0.164472
v 0.129470 -0.215139 0.241827
v 0.123157 -0.105469 0.253630
v 0.131836 -0.085328 0.229170
v 0.152470 -0.244141 0.237145
v 0.114751 -0.184158 0.191763
v 0.152013 -0.113719 0.234945
v 0.186866 -0.192523 0.243814
v 0.134177 -0.106757 0.384137
v 0.150455 -0.084066 0.335009
v 0.152658 -0.264415 0.190375
v 0.155137 -0.261621 0.244135
v 0.247081 -0.307941 0.180889
v 0.153797 -0.266078 0.261263
v 0.169987 -0.359342 0.315362
v 0.177188 -0.128628 0.382530
v 0.179771 -0.344063 0.252274
v 0.204548 -0.140995 0.331817
v 0.223615 -0.329468 0.295323
v 0.241797 -0.222250 0.194964
v 0.123489 -0.287529 0.147946
v 0.226368 -0.420030 0.318535
v 0.305460 -0.351594 0.252830
v 0.256126 -0.327070 0.182798
v 0.260260 -0.139674 0.352049
v 0.222716 -0.096743 0.250852
v 0.221971 -0.111104 0.275391
v 0.257923 -0.394058 0.343026
v 0.216371 -0.216205 0.287506
v 0.244570 -0.253240 0.306222
v 0.253601 -0.319890 0.309455
v 0.257386 -0.273867 0.264130
v 0.304118 -0.281269 0.352768
v 0.255949 -0.229567 0.345562
v 0.323577 -0.555401 0.291196
v 0.303043 -0.542534 0.374611
v 0.294686 -0.289496 0.333003
v 0.372582 -0.296907 0.273712
v 0.337117 -0.177869 0.323413
v 0.388114 -0.234623 0.326456
v 0.398469 -0.294939 0.333983
v 0.060153 -0.234751 0.126700
v -0.022318 -0.431330 0.020180
v 0.043650 -0.082407 0.149749
v 0.071072 -0.454711 0.034695
v 0.068056 -0.165506 0.152811
v 0.099626 -0.280279 0.132931
v 0.102313 -0.215152 0.139294
v 0.100754 -0.121012 0.164040
v 0.088755 -0.078644 0.171312
v 0.090458 -0.126344 0.180126
v 0.106208 -0.152394 0.118762
v 0.106626 -0.182849 0.114630
v 0.128021 -0.143555 0.182117
v 0.135672 -0.277421 0.105594
v 0.111775 -0.293434 0.145306
v 0.160893 -0.190238 0.093495
v 0.121272 -0.212891 0.150391
v 0.153524 -0.444250 0.091861
v 0.144622 -0.587831 0.039291
v 0.178882 -0.086024 0.197465
v 0.176578 -0.152162 0.143359
v 0.196461 -0.095811 0.201803
v 0.168360 -0.446078 0.114854
v 0.168026 -0.270672 0.121781
v 0.219358 -0.143016 0.098130
v 0.238890 -0.216104 0.096670
v 0.179840 -0.542480 0.089985
v 0.226026 -0.220864 0.052767
v 0.208244 -0.154151 0.062764
v 0.227406 -0.171536 0.039017
v 0.246249 -0.158063 0.111055
v 0.217185 -0.106157 0.227188
v 0.205053 -0.139644 0.228960
v 0.283302 -0.567722 0.176928
v 0.278032 -0.354165 0.216616
v 0.277246 -0.133087 0.024783
v 0.259780 -0.159334 0.194181
v 0.288192 -0.291730 0.038467
v 0.328207 -0.301365 0.045417
v 0.276337 -0.178870 0.036452
v 0.303039 -0.181342 0.254253
v 0.316985 -0.172524 0.198921
v 0.348348 -0.291344 0.157645
v 0.324440 -0.181759 0.244415
v 0.280541 -0.194359 0.068654
v 0.352563 -0.213532 0.266987
v 0.356412 -0.390308 0.231440
v 0.329382 -0.280079 0.252450
v 0.369255 -0.247850 0.231670
v 0.335432 -0.251471 0.248543
v 0.365796 -0.245240 0.171011
v 0.381153 -0.399015 0.204540
v 0.387296 -0.390887 0.227344
v 0.364111 -0.254810 0.261015
v 0.410733 -0.291478 0.313754
v 0.356445 -0.178379 0.045457
v 0.343361 -0.084150 0.008706
v 0.359683 -0.331401 0.001010
v 0.337397 -0.115676 0.042510
v 0.378874 -0.359960 0.175571
v 0.341221 -0.125396 0.074651
v 0.378319 -0.369649 0.013031
v 0.370154 -0.334877 0.033414
v 0.432673 -0.102109 0.083012
v 0.383343 -0.291663 0.168862
v 0.373161 -0.106839 0.061819
v 0.387196 -0.370703 0.030118
v 0.379211 -0.205774 -0.003945
v 0.499609 -0.182540 -0.023850
v 0.385651 -0.167012 0.035370
v 0.419004 -0.320711 -0.010077
v 0.425820 -0.319918 0.004994
v 0.503978 -0.216929 0.008690
v 0.475548 -0.290960 -0.011484
v 0.536139 -0.192558 0.002899
v 0.498439 -0.151989 0.049911
v 0.566475 -0.327134 -0.024016
v 0.536107 -0.199927 0.019898
v 0.564336 -0.327480 -0.009360
v 0.548375 -0.242570 -0.024578
v 0.564524 -0.267159 -0.014376
v -0.316692 -0.291963 0.377002
v -0.323637 -0.335360 0.369801
v -0.313278 -0.333774 0.427239
v -0.319413 -0.366146 0.369914
v -0.301334 -0.400112 0.410169
v -0.283204 -0.296015 0.292557
v -0.306125 -0.269667 0.328116
v -0.291095 -0.293174 0.429946
v -0.293862 -0.406609 0.359737
v -0.280818 -0.350268 0.303308
v -0.275716 -0.404022 0.337430
v -0.246992 -0.363895 0.547916
v -0.251909 -0.306391 0.532148
v -0.213375 -0.123528 0.350070
v -0.257712 -0.175979 0.308880
v -0.219621 -0.168315 0.272635
v -0.236849 -0.429095 0.369817
v -0.245074 -0.440518 0.431894
v -0.238560 -0.418679 0.516296
v -0.189412 -0.286114 0.265581
v -0.250575 -0.272216 0.440956
v -0.331591 -0.565241 0.317895
v -0.204274 -0.403458 0.346553
v -0.188945 -0.353877 0.313058
v -0.193943 -0.133413 0.383358
v -0.233965 -0.347818 0.290566
v -0.218083 -0.273411 0.521727
v -0.185979 -0.441865 0.434830
v -0.185581 -0.288913 0.562599
v -0.179731 -0.394662 0.585546
v -0.205366 -0.123404 0.288733
v -0.199337 -0.358161 0.222508
v -0.224221 -0.106768 0.347859
v -0.226065 -0.091663 0.277937
v -0.192463 -0.128210 0.453774
v -0.167148 -0.330735 0.596072
v -0.203112 -0.264478 0.436456
v -0.203180 -0.420898 0.368164
v -0.130246 -0.272270 0.519229
v -0.165474 -0.150151 0.472118
v -0.133475 -0.271456 0.467666
v -0.163086 -0.128801 0.380859
v -0.165473 -0.285791 0.388023
v -0.158679 -0.148561 0.503426
v -0.137008 -0.426378 0.551268
v -0.160145 -0.167897 0.394932
v -0.148176 -0.392193 0.593834
v -0.135191 -0.140082 0.438211
v -0.077501 -0.188999 0.543933
v -0.093168 -0.413173 0.596331
v -0.100249 -0.298409 0.563236
v -0.100495 -0.159152 0.547059
v -0.080078 -0.128906 0.538263
v -0.115021 -0.358396 0.590160
v -0.108348 -0.163785 0.483407
v -0.078793 -0.306293 0.527760
v -0.094815 -0.386157 0.597571
v -0.124235 -0.424221 0.506268
v -0.093052 -0.383190 0.524414
v -0.119208 -0.409307 0.553712
v -0.102277 -0.380145 0.563164
v -0.089541 -0.317207 0.564954
v -0.073471 -0.190753 0.517578
v -0.069762 -0.363568 0.561256
v -0.063477 -0.386719 0.538826
v 0.006093 -0.137749 0.555142
v -0.047825 -0.187899 0.563939
v -0.207342 -0.202480 0.105855
v -0.247454 -0.202283 0.103121
v -0.278667 -0.196628 0.069618
v -0.247421 -0.164777 0.111352
v -0.138151 -0.161653 0.179908
v -0.134380 -0.274431 0.145597
v -0.304617 -0.285307 0.056604
v -0.205266 -0.272788 0.080270
v -0.234759 -0.588687 0.121320
v -0.282754 -0.643139 0.149765
v -0.153561 -0.274005 0.157098
v -0.273827 -0.114370 0.046505
v -0.230502 -0.138616 0.097996
v -0.198268 -0.148699 0.082548
v -0.318454 -0.562063 0.247973
v -0.182988 -0.069185 0.202802
v -0.178729 -0.119867 0.214488
v -0.261090 -0.158235 0.024156
v -0.155674 -0.191020 0.097120
v -0.234035 -0.211655 0.042286
v -0.173177 -0.145965 0.140796
v -0.112434 -0.155330 0.116216
v -0.164610 -0.142348 0.125808
v -0.133274 -0.288562 0.141100
v -0.146416 -0.048247 0.171947
v -0.184092 -0.252897 0.240752
v -0.163551 -0.110864 0.286661
v -0.117079 -0.286065 0.124612
v -0.143893 -0.106529 0.241203
v -0.136000 -0.072643 0.180711
v -0.129657 -0.104635 0.168211
v -0.163320 -0.149853 0.251942
v -0.151778 -0.214602 0.159602
v -0.146684 -0.217121 0.139963
v -0.119792 -0.497098 0.031781
v -0.095920 -0.118877 0.183594
v -0.119458 -0.191159 0.206362
v -0.127771 -0.118555 0.174684
v -0.108513 -0.114041 0.162807
v -0.106136 -0.217777 0.129840
v -0.082478 -0.179044 0.138164
v -0.091237 -0.108850 0.191918
v -0.160068 -0.560567 0.026245
v -0.056427 -0.469271 0.001763
v -0.081911 -0.144534 0.154308
v -0.134169 -0.601733 -0.201186
v -0.085501 -0.541857 -0.083930
v -0.062904 -0.118607 0.164607
v -0.045360 -0.104605 0.146401
v -0.023438 -0.046137 0.159097
v -0.515686 -0.183707 -0.019281
v -0.555147 -0.253343 0.008080
v -0.499472 -0.142151 0.047111
v -0.499637 -0.141132 0.003890
v -0.440832 -0.093173 -0.007543
v -0.348643 -0.078536 0.006472
v -0.431190 -0.095103 0.084524
v -0.435562 -0.069812 0.073305
v -0.512692 -0.231461 0.005076
v -0.513805 -0.296982 -0.026210
v -0.381405 -0.144279 0.042510
v -0.427161 -0.134339 0.039689
v -0.447742 -0.303256 -0.007535
v -0.427220 -0.065018 0.006298
v -0.417436 -0.119458 0.071184
v -0.394809 -0.254706 -0.014056
v -0.402725 -0.117933 0.000371
v -0.385195 -0.038537 0.086422
v -0.391376 -0.274866 0.028829
v -0.386632 -0.370638 0.031683
v -0.354352 -0.023037 0.081536
v -0.378043 -0.364835 0.007761
v -0.359623 -0.102948 0.077531
v -0.361745 -0.332645 0.001321
v -0.358313 -0.096157 0.095971
v -0.347944 -0.101976 0.031864
v -0.366991 -0.340894 0.028935
v -0.348752 -0.022919 0.036240
v -0.333293 -0.034219 0.095997
v -0.359343 -0.184592 0.043294
v -0.336877 -0.117117 0.042579
v -0.334961 -0.132055 0.066510
v -0.331421 -0.045623 0.018374
v -0.319673 -0.039266 0.089865
v -0.307039 -0.296417 0.030763
v -0.290039 -0.166992 0.035145
v -0.322721 -0.029005 0.056485
v -0.006457 -0.729910 0.434834
v -0.026434 -0.766974 0.380170
v 0.040648 -0.730024 0.430115
v 0.046582 -0.662311 0.490165
v -0.013408 -0.644131 0.505392
v 0.047581 -0.582681 0.524965
v 0.049913 -0.514102 0.540689
v 0.108458 -0.737571 0.368457
v 0.094174 -0.623953 0.493006
v 0.108270 -0.487758 0.515591
v 0.092251 -0.555079 0.518055
v 0.134684 -0.665921 0.434827
v 0.157102 -0.524259 0.473918
v 0.125000 -0.790377 0.371809
v 0.166992 -0.560547 0.449288
v 0.174690 -0.686150 0.470447
v 0.171245 -0.750859 0.444529
v 0.232411 -0.753364 0.461188
v 0.205247 -0.632437 0.482298
v 0.223595 -0.584921 0.469005
v 0.238209 -0.681460 0.485024
v 0.216392 -0.796460 0.419652
v 0.266913 -0.709307 0.474762
v 0.261728 -0.654916 0.481148
v 0.267445 -0.786205 0.419417
v 0.313352 -0.600302 0.424025
v 0.332194 -0.731780 0.410522
v 0.328691 -0.665405 0.436856
v 0.341612 -0.624119 0.396032
v 0.349153 -0.611210 0.347134
v 0.349231 -0.670874 0.247829
v 0.361866 -0.688803 0.347105
v 0.003017 -0.813511 0.293585
v 0.036369 -0.853857 0.116068
v 0.085055 -0.793876 0.249902
v 0.093300 -0.769988 0.317794
v 0.105175 -0.798102 0.181467
v 0.082524 -0.902579 0.227362
v 0.084152 -0.915071 0.286707
v 0.097452 -0.899654 0.180478
v 0.097499 -0.949625 0.218205
v 0.122338 -0.950549 0.355156
v 0.139249 -0.950824 0.153023
v 0.114805 -0.867869 0.359899
v 0.121820 -0.909719 0.381493
v 0.159766 -0.914125 0.130561
v 0.148411 -0.760553 0.141626
v 0.140074 -0.875519 0.395554
v 0.149111 -0.950670 0.405616
v 0.158064 -0.804209 0.389654
v 0.186572 -0.951501 0.372935
v 0.173639 -0.850196 0.380114
v 0.172482 -0.907148 0.423592
v 0.175258 -0.930269 0.428197
v 0.194060 -0.951346 0.136244
v 0.196391 -0.896451 0.396333
v 0.327760 -0.946944 0.307248
v 0.219703 -0.852233 0.380751
v 0.216383 -0.881683 0.123044
v 0.190948 -0.922372 0.393070
v 0.269489 -0.822913 0.348497
v 0.220071 -0.877996 0.404911
v 0.247304 -0.951719 0.422467
v 0.269536 -0.943841 0.161103
v 0.278780 -0.944869 0.365678
v 0.243692 -0.912937 0.427586
v 0.299564 -0.949802 0.205755
v 0.271457 -0.788409 0.157671
v 0.189982 -0.776887 0.130911
v 0.274154 -0.872318 0.384367
v 0.258392 -0.900159 0.424804
v 0.262092 -0.882605 0.389077
v 0.267325 -0.950585 0.422829
v 0.271692 -0.861085 0.358362
v 0.296818 -0.893391 0.378043
v 0.299149 -0.853014 0.323468
v 0.302039 -0.897923 0.183378
v 0.321065 -0.911905 0.226462
v 0.300560 -0.813754 0.303424
v 0.309271 -0.875521 0.370670
v 0.307374 -0.826810 0.214096
v 0.337147 -0.730179 0.223430
v 0.292347 -0.668153 0.157750
v 0.347525 -0.757958 0.335993
v 0.315699 -0.950770 0.380189
v 0.304841 -0.805856 0.242294
v 0.332148 -0.927395 0.389572
v 0.330529 -0.877636 0.353099
v 0.335377 -0.949773 0.374120
v 0.339714 -0.899328 0.331310
v -0.041493 -0.863227 0.128316
v -0.030546 -0.709791 -0.252993
v 0.018424 -0.872846 -0.048344
v 0.076716 -0.663048 -0.097654
v 0.063312 -0.840676 -0.032817
v 0.114817 -0.804283 0.075673
v 0.028769 -0.737298 -0.182724
v 0.120669 -0.721392 -0.029859
v 0.125674 -0.755311 -0.001467
v 0.048684 -0.761581 -0.150138
v 0.174055 -0.619429 0.088464
v 0.171866 -0.716397 0.116692
v -0.352957 -0.619936 0.302629
v -0.358294 -0.670206 0.373663
v -0.320865 -0.572714 0.385284
v -0.314449 -0.709591 0.446698
v -0.307770 -0.639708 0.453924
v -0.291783 -0.679271 0.470125
v -0.349820 -0.670432 0.246129
v -0.235107 -0.555900 0.450268
v -0.207854 -0.607163 0.477048
v -0.204039 -0.444673 0.496452
v -0.255710 -0.691252 0.481782
v -0.197228 -0.528017 0.440358
v -0.188424 -0.654886 0.478682
v -0.176162 -0.558594 0.443681
v -0.194635 -0.733005 0.465896
v -0.157375 -0.545813 0.474248
v -0.162109 -0.441817 0.469966
v -0.157690 -0.612943 0.448685
v -0.135798 -0.688012 0.433065
v -0.127208 -0.495553 0.508277
v -0.099138 -0.551172 0.516951
v -0.100554 -0.640225 0.480463
v -0.127447 -0.693837 0.404768
v -0.081552 -0.719506 0.418049
v -0.055486 -0.582589 0.523090
v -0.357070 -0.739466 0.319008
v -0.332284 -0.749685 0.394921
v -0.343591 -0.735263 0.237380
v -0.345252 -0.768551 0.301825
v -0.341119 -0.894274 0.342149
v -0.332572 -0.949797 0.385615
v -0.328635 -0.936840 0.393366
v -0.324796 -0.951748 0.305456
v -0.308050 -0.809006 0.253664
v -0.327980 -0.903037 0.386842
v -0.316656 -0.947921 0.243802
v -0.330636 -0.876442 0.358153
v -0.320292 -0.881791 0.279477
v -0.313809 -0.912424 0.202632
v -0.303193 -0.812482 0.301992
v -0.289984 -0.791667 0.182783
v -0.282353 -0.930990 0.376505
v -0.287173 -0.852999 0.342062
v -0.282217 -0.950848 0.356133
v -0.282583 -0.876586 0.367548
v -0.273726 -0.819751 0.347828
v -0.289782 -0.779386 0.412928
v -0.254541 -0.763566 0.449815
v -0.276082 -0.871722 0.383389
v -0.174533 -0.951234 0.138403
v -0.264602 -0.900126 0.423283
v -0.271445 -0.925855 0.430166
v -0.267584 -0.890744 0.385750
v -0.234512 -0.847432 0.374531
v -0.262553 -0.951763 0.426189
v -0.251846 -0.927763 0.434075
v -0.217252 -0.867803 0.400296
v -0.226971 -0.821660 0.377767
v -0.233460 -0.951706 0.414496
v -0.198892 -0.780466 0.435026
v -0.183026 -0.855167 0.381444
v -0.187421 -0.951699 0.372182
v -0.216733 -0.898553 0.401866
v -0.124006 -0.951648 0.353856
v -0.174723 -0.885823 0.397522
v -0.176439 -0.949800 0.420232
v -0.174743 -0.894661 0.411989
v -0.147291 -0.949458 0.403683
v -0.133797 -0.803449 0.375212
v -0.167426 -0.920560 0.428286
v -0.138181 -0.874639 0.393156
v -0.145448 -0.855269 0.372437
v -0.113342 -0.949194 0.177994
v -0.122942 -0.927159 0.155614
v -0.097264 -0.918317 0.188360
v -0.102539 -0.753517 0.346287
v -0.105550 -0.826069 0.179762
v -0.087218 -0.879349 0.308837
v -0.094673 -0.938033 0.296461
v -0.067899 -0.844650 0.179802
v -0.319816 -0.692026 0.186962
v -0.256930 -0.774624 0.144354
v -0.207413 -0.623983 0.103449
v -0.224802 -0.751539 0.129957
v -0.207454 -0.688817 0.114788
v -0.205530 -0.663620 0.070912
v -0.195073 -0.743356 0.098657
v -0.173629 -0.775743 0.135349
v -0.141018 -0.809924 0.149088
v -0.173402 -0.880930 0.125597
v -0.091958 -0.855635 0.117961
v -0.051456 -0.896292 -0.026247
v -0.558165 -0.265840 -0.025073
v -0.562047 -0.326007 -0.008166
v -0.559280 -0.324957 -0.027931
v -0.314117 -0.804505 -0.162818
v -0.264834 -0.769763 -0.090006
v -0.446243 -0.799125 -0.350470
v -0.378340 -0.816524 -0.253368
v -0.382857 -0.874884 -0.288695
v -0.368013 -0.927135 -0.335176
v -0.247896 -0.652527 -0.159996
v -0.500239 -0.714893 -0.478548
v -0.245210 -0.721715 -0.061665
v -0.306917 -0.888261 -0.204139
v -0.327505 -0.947897 -0.386624
v -0.317170 -0.942294 -0.301166
v -0.288941 -0.878344 -0.175488
v -0.246339 -0.950380 0.148832
v -0.295808 -0.941834 0.188051
v -0.221826 -0.951188 -0.299048
v -0.246780 -0.910090 0.132927
v -0.253509 -0.935869 -0.229040
v -0.249351 -0.809147 -0.089503
v -0.273177 -0.908119 -0.193130
v -0.308468 -0.943402 -0.407361
v -0.217414 -0.849974 -0.073313
v -0.289433 -0.665978 -0.370850
v -0.194391 -0.614248 -0.172867
v -0.213298 -0.643424 -0.066221
v -0.226326 -0.747072 -0.014637
v -0.183996 -0.822115 0.016289
v -0.180142 -0.904031 -0.110449
v -0.213131 -0.922623 0.125175
v -0.187720 -0.934413 -0.320350
v -0.210158 -0.948792 -0.275720
v -0.275408 -0.919798 -0.427108
v -0.213784 -0.926174 -0.372032
v -0.204241 -0.938475 -0.201950
v -0.104591 -0.813893 -0.345144
v -0.127666 -0.919025 -0.139937
v -0.143379 -0.881178 -0.344610
v -0.125813 -0.880065 -0.003079
v -0.085178 -0.911008 -0.191238
v -0.178778 -0.769770 -0.408488
v -0.182792 -0.703089 -0.379636
v -0.088903 -0.780095 -0.333766
v -0.036832 -0.824645 -0.254045
v -0.047351 -0.879909 -0.203671
v 0.028640 -0.856949 -0.085502
v -0.033677 -0.782299 -0.267043
v -0.487019 -0.808899 -0.452979
v -0.502433 -0.768092 -0.555214
v -0.477120 -0.754378 -0.410036
v -0.446219 -0.851194 -0.527854
v -0.477369 -0.815507 -0.543958
v -0.448642 -0.855933 -0.390989
v -0.468996 -0.849270 -0.455514
v -0.467612 -0.824883 -0.565234
v -0.461570 -0.759113 -0.596076
v -0.398973 -0.820515 -0.546072
v -0.423097 -0.899274 -0.424953
v -0.442509 -0.842177 -0.366390
v -0.404741 -0.912762 -0.446866
v -0.354809 -0.903258 -0.480522
v -0.426115 -0.737322 -0.585897
v -0.402398 -0.738527 -0.562034
v -0.361242 -0.777346 -0.532395
v -0.340487 -0.700173 -0.555025
v -0.330767 -0.710561 -0.469036
v -0.326824 -0.633247 -0.491927
v -0.406598 -0.693914 -0.509394
v -0.323423 -0.599116 -0.516333
v -0.429602 -0.678285 -0.432854
v -0.322266 -0.918732 -0.456454
v -0.316010 -0.705699 -0.527564
v -0.305126 -0.865874 -0.485882
v -0.325749 -0.741928 -0.496475
v -0.235658 -0.840304 -0.446168
v -0.311823 -0.663901 -0.480819
v -0.303865 -0.674932 -0.515206
v -0.323462 -0.648290 -0.551449
v -0.310583 -0.604168 -0.508253
v -0.574925 -0.738102 -0.671949
v -0.601050 -0.683100 -0.658936
v -0.588402 -0.688813 -0.675305
v -0.567084 -0.776117 -0.616342
v -0.566459 -0.725239 -0.679649
v -0.570535 -0.685571 -0.666981
v -0.549745 -0.708918 -0.672875
v -0.581193 -0.645001 -0.703560
v -0.552618 -0.635509 -0.654765
v -0.549282 -0.572975 -0.712582
v -0.557598 -0.565520 -0.751881
v -0.516770 -0.695345 -0.589834
v -0.560615 -0.644654 -0.730987
v -0.525491 -0.809213 -0.617347
v -0.527338 -0.704751 -0.689275
v -0.527743 -0.590775 -0.754480
v -0.539010 -0.653446 -0.730386
v -0.539609 -0.558884 -0.754298
v -0.494984 -0.747115 -0.637073
v -0.523466 -0.554741 -0.723855
v -0.487865 -0.579640 -0.668352
v -0.516912 -0.653421 -0.618016
v -0.495549 -0.571963 -0.723107
v -0.514168 -0.653586 -0.595220
v -0.472826 -0.812160 -0.593882
v -0.475424 -0.590156 -0.609576
v -0.466513 -0.611926 -0.639098
v -0.443422 -0.714625 -0.634011
v -0.452363 -0.639987 -0.684429
v -0.461114 -0.611134 -0.697850
v -0.442305 -0.578657 -0.622173
v -0.457529 -0.677263 -0.563978
v -0.424314 -0.645617 -0.565683
v -0.415480 -0.566890 -0.593191
v -0.421348 -0.697862 -0.541307
v -0.431238 -0.701808 -0.565430
v -0.413347 -0.588872 -0.615812
v -0.408094 -0.692198 -0.595598
v -0.409850 -0.613318 -0.582294
v -0.377220 -0.630705 -0.538529
v -0.377938 -0.677834 -0.570999
v -0.332784 -0.624228 -0.552075
vn 0.5535 -0.4473 0.7025
vn 0.4753 -0.4077 0.7797
vn 0.4962 -0.6323 0.5950
vn -0.3095 0.1883 0.9321
vn 0.2550 0.1074 0.9610
vn 0.3698 -0.0571 0.9274
vn 0.3379 0.2134 0.9167
vn 0.5442 -0.7379 0.3993
vn 0.2324 0.5916 0.7720
vn 0.3692 0.5003 0.7832
vn 0.2722 0.6552 0.7048
vn 0.0572 0.7999 0.5975
vn 0.2433 0.7518 0.6129
vn 0.0620 0.8307 0.5533
vn 0.0721 0.7750 0.6279
vn 0.0077 0.8102 -0.5861
vn -0.1032 0.7046 -0.7021
vn 0.2523 0.3146 0.9151
vn -0.1372 0.6661 -0.7332
vn 0.5844 -0.2295 0.7783
vn 0.9908 -0.0777 -0.1110
vn -0.4447 0.8459 0.2944
vn -0.4451 0.8453 0.2955
vn -0.4450 0.8454 0.2953
vn -0.4457 0.8445 0.2969
vn 0.9362 -0.2613 -0.2352
vn 0.8642 -0.3754 -0.3351
vn 0.9422 -0.2261 -0.2472
vn 0.1667 0.8981 0.4070
vn 0.6889 -0.1870 0.7004
vn 0.9640 -0.1639 -0.2095
vn 0.9487 0.0093 -0.3161
vn 0.1154 0.9652 0.2345
vn 0.1745 0.9337 0.3128
vn 0.5094 -0.0417 0.8595
vn 0.4730 0.5379 0.6978
vn 0.2339 0.7825 0.5771
vn 0.3963 0.4117 0.8207
vn 0.4890 0.3880 0.7812
vn 0.6720 0.1796 0.7185
vn 0.4425 0.6019 0.6647
vn 0.5443 -0.1787 0.8196
vn 0.6977 0.3322 0.6347
vn 0.7787 0.5650 0.2729
vn 0.9152 0.4024 -0.0238
vn 0.1845 0.4946 0.8493
vn 0.6714 0.0237 0.7407
vn 0.6956 -0.0227 0.7181
vn 0.7060 -0.0441 0.7068
vn 0.6939 0.0325 0.7193
vn 0.8342 0.4720 0.2850
vn 0.7481 0.1680 0.6420
vn 0.8915 0.3260 0.3144
vn 0.8871 0.4337 0.1577
vn 0.6478 0.6931 -0.3162
vn 0.6629 0.1611 0.7312
vn 0.8881 0.4300 0.1622
vn 0.8607 0.2695 0.4319
vn 0.9157 -0.0026 0.4019
vn 0.8403 0.4012 0.3647
vn 0.8807 0.1436 0.4513
vn 0.7475 0.0849 -0.6588
vn 0.7237 -0.0912 -0.6841
vn -0.1577 0.9790 -0.1295
vn -0.3862 0.9211 -0.0492
vn -0.0973 0.9894 -0.1079
vn 0.3611 0.9323 0.0186
vn 0.6822 -0.2472 -0.6881
vn 0.8721 0.4841 -0.0716
vn 0.8419 0.5390 -0.0267
vn 0.8205 0.5715 -0.0143
vn 0.8124 0.1924 0.5505
vn 0.7757 0.3063 0.5518
vn 0.8470 0.0019 0.5316
vn 0.4709 0.8052 -0.3604
vn 0.9060 0.4096 -0.1070
vn 0.9502 0.2467 -0.1905
vn 0.9418 0.1208 -0.3136
vn -0.8288 0.4939 0.2630
vn -0.7251 0.6719 0.1510
vn -0.8161 0.5778 0.0072
vn -0.6231 0.5555 0.5506
vn -0.8508 0.3718 -0.3713
vn 0.9605 0.2261 -0.1623
vn 0.4977 0.7569 0.4235
vn 0.5397 0.8193 0.1937
vn 0.4765 0.8533 0.2117
vn -0.7652 0.6365 -0.0971
vn -0.8064 0.2576 -0.5323
vn -0.7555 0.1739 -0.6317
vn -0.7851 0.4084 -0.4657
vn -0.6118 -0.1375 -0.7789
vn -0.4484 0.6126 0.6509
vn -0.3767 0.5315 0.7587
vn 0.0282 0.6486 0.7606
vn 0.5960 0.7995 0.0741
vn -0.3194 0.9381 -0.1338
vn -0.2420 0.8677 0.4342
vn -0.6918 0.7009 -0.1736
vn -0.6275 0.7768 0.0536
vn 0.1494 -0.4173 -0.8964
vn -0.8000 0.3224 -0.5060
vn -0.4576 -0.2919 -0.8399
vn -0.4597 -0.2856 -0.8409
vn -0.4597 -0.2857 -0.8408
vn -0.4674 -0.2622 -0.8442
vn -0.0582 0.9161 0.3968
vn 0.0778 0.8374 0.5410
vn 0.1791 0.4996 0.8476
vn 0.1782 0.4929 0.8517
vn -0.7816 0.6165 -0.0955
vn -0.6384 0.0569 -0.7676
vn 0.1421 0.7454 0.6513
vn -0.7818 0.6232 -0.0216
vn -0.9402 0.3008 -0.1597
vn -0.0181 0.9161 0.4006
vn -0.7571 0.6529 0.0206
vn 0.6295 0.1262 0.7667
vn 0.6490 0.6847 0.3316
vn 0.8459 -0.2007 0.4941
vn 0.9179 -0.2789 0.2822
vn 0.7345 -0.4345 -0.5212
vn 0.6737 -0.4055 -0.6178
vn 0.3387 0.7581 0.5572
vn 0.9196 -0.3302 0.2127
vn 0.3749 0.7849 0.4933
vn 0.9258 -0.3405 0.1639
vn 0.8125 0.4891 0.3171
vn -0.2991 0.3298 0.8954
vn -0.3668 0.4383 0.8206
vn -0.2950 0.2979 0.9079
vn 0.7398 0.3205 0.5916
vn -0.3814 0.6571 -0.6502
vn -0.2300 0.8047 -0.5473
vn -0.2808 0.7294 -0.6238
vn 0.8445 -0.4813 -0.2347
vn 0.5396 0.8351 -0.1073
vn -0.1475 0.8759 0.4594
vn 0.9695 -0.1765 0.1699
vn 0.9227 0.2524 0.2913
vn 0.9040 0.4241 0.0543
vn 0.9393 0.3296 0.0954
vn -0.1840 0.1517 0.9711
vn 0.9063 0.4207 0.0399
vn -0.1383 0.8689 -0.4753
vn 0.9675 -0.2419 -0.0736
vn 0.7662 -0.5235 -0.3727
vn -0.3157 0.5078 0.8016
vn -0.0743 0.9516 -0.2981
vn 0.5640 -0.2052 0.7999
vn 0.6619 0.3440 0.6660
vn 0.5333 0.8354 0.1331
vn 0.0350 0.9092 0.4150
vn -0.0563 0.9177 0.3933
vn 0.8384 0.1711 0.5175
vn 0.7077 0.3989 0.5831
vn 0.7305 0.4396 0.5227
vn 0.9095 -0.4149 -0.0250
vn 0.4805 0.0908 0.8723
vn 0.3029 0.2433 0.9214
vn 0.9494 0.2933 -0.1120
vn 0.8704 0.4270 -0.2452
vn 0.7912 0.4982 -0.3547
vn 0.8574 0.4969 -0.1338
vn 0.9636 0.2661 -0.0239
vn -0.5835 -0.2331 -0.7780
vn -0.5891 -0.2630 -0.7641
vn 0.4561 -0.4102 0.7897
vn 0.5105 -0.2575 0.8204
vn 0.9781 0.1646 0.1277
vn 0.9865 0.1284 0.1018
vn 0.9638 0.2465 0.1020
vn -0.0487 -0.1334 -0.9899
vn 0.2468 -0.1398 -0.9589
vn 0.0673 -0.1807 -0.9812
vn -0.5637 0.7863 -0.2530
vn -0.4509 0.8176 -0.3581
vn -0.5079 0.7847 -0.3553
vn 0.5636 0.0078 0.8260
vn 0.1585 0.4847 -0.8602
vn 0.1365 0.4861 -0.8632
vn 0.5378 -0.1568 0.8283
vn 0.9903 0.0949 0.1015
vn 0.3690 -0.2268 -0.9013
vn 0.7051 -0.0302 0.7085
vn 0.6625 0.0093 0.7490
vn 0.7879 -0.1901 0.5857
vn 0.7581 -0.6034 0.2473
vn 0.4792 0.5617 0.6744
vn 0.5078 0.6514 0.5638
vn 0.5078 0.6513 0.5639
vn 0.7921 -0.1228 -0.5979
vn 0.6789 0.5526 -0.4834
vn 0.9975 0.0526 0.0476
vn 0.2003 0.4812 -0.8534
vn 0.6553 0.3333 0.6778
vn 0.8132 -0.3526 -0.4630
vn 0.6263 0.0547 0.7777
vn 0.9616 -0.2580 -0.0937
vn 0.9511 -0.2816 -0.1270
vn 0.9492 -0.2764 -0.1503
vn 0.6280 0.6102 -0.4829
vn 0.7940 -0.5410 -0.2773
vn 0.8890 -0.3068 -0.3400
vn 0.9575 -0.2757 -0.0846
vn 0.2573 -0.2183 0.9414
vn 0.2656 -0.2057 0.9419
vn -0.4338 0.8204 -0.3724
vn 0.9995 0.0299 0.0122
vn 0.4848 0.0809 -0.8709
vn -0.5767 -0.2007 -0.7919
vn 0.0479 -0.7507 0.6589
vn 0.4923 0.8679 0.0662
vn 0.1325 0.9675 -0.2154
vn 0.3603 0.9320 -0.0394
vn 0.2394 -0.2451 0.9395
vn 0.9931 0.0971 0.0665
vn 0.9831 -0.1826 0.0104
vn 0.7976 -0.1120 0.5927
vn 0.9354 -0.2113 0.2835
vn 0.8968 -0.1673 0.4096
vn 0.9594 -0.0423 -0.2790
vn 0.6407 0.2683 0.7194
vn 0.7019 0.0141 0.7122
vn 0.7385 -0.0161 0.6740
vn -0.0501 -0.9075 0.4171
vn 0.0074 0.9545 -0.2981
vn -0.3492 0.8655 -0.3591
vn 0.9798 0.1154 -0.1631
vn 0.9345 0.2722 0.2294
vn 0.9839 0.1743 0.0407
vn 0.3463 0.8947 0.2821
vn 0.1193 0.9867 0.1102
vn 0.3611 0.8226 0.4393
vn 0.5210 0.7040 0.4826
vn 0.6193 0.0464 0.7838
vn 0.3646 0.7071 0.6059
vn 0.3823 0.7963 0.4687
vn -0.0373 0.9432 -0.3302
vn 0.9511 0.0950 -0.2940
vn 0.9511 0.0949 -0.2940
vn 0.9056 0.0608 -0.4198
vn 0.9869 0.1514 -0.0550
vn -0.1569 -0.2305 -0.9603
vn -0.1795 0.1644 -0.9699
vn -0.2370 0.8283 -0.5077
vn -0.2369 0.8283 -0.5077
vn -0.1279 0.6646 -0.7362
vn -0.2935 0.8919 -0.3442
vn -0.0279 0.9956 0.0896
vn 0.0943 0.9935 0.0630
vn 0.1504 0.9880 0.0349
vn 0.4326 -0.5124 -0.7418
vn 0.4404 -0.4409 -0.7821
vn 0.3834 -0.7304 -0.5653
vn 0.4939 0.5849 -0.6433
vn 0.7119 0.0315 -0.7016
vn 0.7971 0.0083 -0.6038
vn 0.8319 -0.0616 -0.5515
vn 0.2915 0.9565 -0.0105
vn -0.0405 -0.1823 -0.9824
vn 0.3760 0.9229 -0.0827
vn 0.9463 -0.0909 -0.3104
vn 0.9169 0.1293 -0.3775
vn 0.9168 -0.3230 -0.2349
vn 0.8295 0.4633 -0.3120
vn 0.9502 0.2471 -0.1898
vn 0.9878 0.1212 -0.0978
vn -0.7334 0.0936 -0.6733
vn -0.6471 -0.0265 -0.7619
vn -0.7329 -0.2305 -0.6401
vn 0.9733 0.1753 -0.1484
vn -0.3788 0.1792 -0.9080
vn -0.5758 -0.1952 -0.7940
vn -0.5623 -0.0553 -0.8251
vn -0.5623 -0.0554 -0.8251
vn -0.4822 0.2831 -0.8291
vn 0.9919 0.1256 0.0182
vn -0.2871 -0.1036 0.9523
vn -0.6963 -0.3841 -0.6063
vn 0.3646 -0.6953 0.6194
vn 0.4285 -0.5879 0.6861
vn 0.1506 -0.6630 0.7333
vn -0.4358 -0.4785 -0.7623
vn -0.4983 -0.2985 -0.8140
vn -0.1945 0.1975 -0.9608
vn -0.1955 -0.9800 0.0379
vn -0.2063 -0.9559 0.2090
vn 0.3936 0.2866 0.8735
vn -0.1856 -0.9800 -0.0719
vn 0.6447 0.4523 0.6162
vn 0.7743 0.2726 0.5711
vn 0.7744 0.2725 0.5710
vn -0.1295 0.2270 -0.9653
vn 0.8159 -0.0617 0.5749
vn 0.7918 -0.0920 0.6038
vn 0.8369 -0.0829 0.5410
vn -0.4276 -0.4966 -0.7553
vn -0.5263 -0.2132 -0.8232
vn 0.3781 0.9035 0.2018
vn 0.4978 0.8248 0.2683
vn 0.4557 0.8499 0.2648
vn 0.3935 0.1501 -0.9070
vn -0.0850 0.9254 -0.3694
vn -0.2289 0.7973 -0.5585
vn 0.5983 -0.3706 0.7104
vn 0.5796 -0.1205 0.8060
vn 0.4806 0.8328 0.2747
vn 0.4828 0.8694 0.1048
vn 0.4583 0.8798 0.1263
vn -0.3444 0.3419 -0.8744
vn -0.3756 0.3353 -0.8640
vn 0.8485 0.2385 -0.4725
vn 0.8510 0.2606 -0.4559
vn 0.8485 0.2385 -0.4724
vn -0.1835 0.9359 -0.3008
vn 0.8517 0.1134 0.5117
vn -0.1909 0.7875 -0.5860
vn 0.8470 0.2273 -0.4806
vn 0.2033 0.9789 -0.0193
vn 0.2754 0.9579 0.0805
vn 0.2379 0.9712 0.0118
vn 0.8695 -0.0752 0.4882
vn -0.4176 0.3408 -0.8423
vn 0.4639 0.8776 -0.1211
vn 0.2487 0.9686 0.0051
vn 0.5086 -0.6813 0.5265
vn 0.6605 -0.7290 -0.1797
vn 0.6531 -0.7385 -0.1677
vn 0.7540 -0.6477 -0.1100
vn 0.4776 -0.8307 -0.2862
vn 0.0626 0.3898 -0.9188
vn 0.4736 -0.7828 0.4036
vn 0.7416 0.6471 -0.1769
vn 0.3043 -0.6048 -0.7359
vn 0.5676 -0.7206 -0.3981
vn 0.4396 -0.3791 -0.8143
vn -0.2362 -0.2436 -0.9407
vn -0.2432 -0.3106 -0.9189
vn 0.7504 -0.5553 -0.3585
vn 0.9167 -0.1876 0.3527
vn 0.9801 0.1902 -0.0567
vn -0.2974 0.8286 -0.4744
vn -0.0438 0.9875 -0.1511
vn -0.2243 -0.1464 -0.9635
vn 0.6228 -0.3430 0.7032
vn 0.4972 -0.8280 0.2593
vn 0.8900 -0.2648 0.3711
vn 0.8497 -0.0070 0.5273
vn 0.8542 0.0334 0.5189
vn 0.8815 -0.0941 0.4627
vn 0.7834 -0.6164 0.0800
vn 0.7855 -0.6164 -0.0553
vn 0.3172 0.9150 0.2492
vn 0.5193 -0.6933 -0.4997
vn -0.0231 -0.1504 -0.9884
vn 0.6936 -0.5995 -0.3993
vn 0.9112 -0.3109 0.2704
vn -0.1176 0.7781 -0.6171
vn 0.7302 -0.5760 -0.3674
vn 0.9629 0.2537 0.0924
vn 0.2765 0.9607 0.0238
vn 0.7155 0.0230 -0.6982
vn -0.5040 -0.3068 -0.8074
vn -0.2540 -0.2510 -0.9341
vn 0.0956 0.0637 -0.9934
vn 0.3590 0.2502 -0.8992
vn 0.2206 0.0900 -0.9712
vn 0.5613 0.3006 -0.7711
vn 0.7026 0.0799 -0.7071
vn 0.5406 0.4670 -0.6998
vn 0.7640 -0.1949 -0.6150
vn 0.8052 -0.1510 -0.5735
vn 0.7818 -0.2261 -0.5811
vn 0.6602 0.4200 -0.6227
vn 0.6722 0.5789 -0.4615
vn -0.7435 0.3226 -0.5857
vn -0.7413 0.1610 -0.6516
vn -0.7580 0.2993 -0.5795
vn 0.8535 0.1845 -0.4874
vn -0.7683 0.1535 -0.6214
vn 0.7640 0.5987 -0.2405
vn -0.6755 0.1958 -0.7109
vn -0.6440 0.6737 -0.3625
vn -0.7274 0.0959 -0.6794
vn 0.2752 0.5807 -0.7662
vn 0.1871 0.5499 -0.8140
vn 0.2933 0.4555 -0.8406
vn 0.2412 0.5000 -0.8317
vn 0.1205 0.6142 -0.7799
vn -0.1843 0.4193 -0.8889
vn -0.0252 0.3358 -0.9416
vn -0.0906 0.3776 -0.9215
vn 0.1125 0.9885 -0.1007
vn 0.1825 0.9819 -0.0508
vn 0.0399 0.9877 -0.1511
vn -0.7142 0.0969 -0.6932
vn -0.0984 0.3896 -0.9157
vn -0.1866 0.3549 -0.9161
vn -0.0796 0.4923 -0.8668
vn 0.2045 0.5438 -0.8139
vn -0.4621 0.6743 -0.5760
vn -0.2051 0.6224 -0.7553
vn 0.0738 0.6607 -0.7470
vn 0.0189 0.3203 -0.9471
vn -0.5953 0.7997 -0.0774
vn -0.5842 0.7779 -0.2313
vn -0.5953 0.7997 -0.0775
vn 0.4063 0.8280 -0.3865
vn 0.2480 0.8753 -0.4151
vn -0.5896 0.8002 0.1094
vn 0.3781 0.3837 -0.8425
vn 0.3880 0.3767 -0.8411
vn 0.2512 0.3150 -0.9153
vn 0.3880 0.3767 -0.8412
vn 0.2764 0.8702 -0.4078
vn -0.0414 0.8595 -0.5094
vn 0.0599 0.8893 -0.4534
vn 0.4090 0.8443 -0.3463
vn 0.7441 -0.6124 -0.2669
vn 0.4846 0.7017 -0.5223
vn 0.4925 0.6677 -0.5583
vn 0.6694 0.7056 -0.2327
vn 0.5594 0.7958 -0.2320
vn 0.2900 0.0749 -0.9541
vn 0.0992 0.3363 -0.9365
vn 0.8403 0.0971 -0.5334
vn 0.8355 0.0560 -0.5466
vn 0.7884 -0.1716 -0.5907
vn 0.4821 0.6634 -0.5722
vn 0.3437 -0.3637 -0.8658
vn 0.3963 0.8476 -0.3528
vn 0.5298 0.4340 -0.7287
vn 0.0387 -0.8662 0.4981
vn -0.3959 0.8884 -0.2323
vn -0.2658 0.9544 -0.1359
vn -0.3960 0.8884 -0.2323
vn 0.4834 -0.1147 -0.8678
vn 0.6602 0.6098 -0.4385
vn -0.5865 0.7166 -0.3776
vn 0.8968 0.0465 -0.4399
vn 0.8968 0.0466 -0.4399
vn 0.7926 -0.1659 -0.5867
vn 0.3411 0.8564 -0.3876
vn 0.0850 0.7479 -0.6584
vn 0.0628 0.8599 -0.5065
vn 0.8213 0.4767 -0.3134
vn 0.9272 0.3198 -0.1952
vn 0.8214 0.4408 -0.3620
vn 0.8547 -0.5054 -0.1186
vn 0.9162 0.2733 -0.2930
vn 0.8974 0.1675 -0.4081
vn 0.9275 0.3051 -0.2160
vn 0.6485 0.7611 0.0141
vn 0.5257 0.8499 0.0370
vn 0.9618 0.2523 -0.1065
vn 0.9305 0.2178 -0.2945
vn 0.3055 0.3323 -0.8923
vn 0.0205 0.3297 -0.9439
vn 0.3046 0.3741 -0.8759
vn -0.0844 0.3278 -0.9410
vn 0.8334 0.1078 -0.5420
vn 0.7204 0.6936 -0.0010
vn 0.6421 0.7580 -0.1147
vn 0.6860 0.5954 -0.4182
vn 0.4951 0.8633 0.0980
vn 0.4461 0.4382 -0.7804
vn 0.3895 0.3814 -0.8384
vn -0.8214 0.3726 -0.4318
vn 0.1531 -0.5496 -0.8213
vn 0.1528 -0.5496 -0.8213
vn -0.1578 -0.5637 -0.8108
vn -0.6369 -0.0690 -0.7679
vn -0.1916 -0.4028 -0.8950
vn 0.9703 0.2416 -0.0141
vn 0.1917 -0.8480 -0.4942
vn -0.3722 0.6655 -0.6470
vn 0.9815 0.1914 0.0002
vn 0.2070 0.9178 0.3389
vn 0.3910 0.8974 0.2044
vn 0.8801 0.4529 0.1427
vn 0.7094 0.5038 -0.4928
vn 0.1997 0.1332 -0.9708
vn 0.1572 0.4378 -0.8852
vn 0.2790 0.1923 -0.9408
vn 0.2061 0.0660 -0.9763
vn -0.0588 -0.0583 -0.9966
vn -0.3963 0.9176 0.0307
vn -0.2125 -0.5477 -0.8093
vn -0.9213 0.3629 -0.1397
vn 0.6291 0.4953 -0.5991
vn -0.4697 -0.6567 -0.5900
vn -0.5092 -0.6490 -0.5652
vn 0.3338 -0.5154 -0.7893
vn 0.7307 0.4862 -0.4792
vn 0.7194 0.5602 -0.4105
vn 0.4619 0.7193 -0.5190
vn 0.4894 -0.5371 -0.6870
vn 0.6138 -0.5801 -0.5354
vn 0.7731 -0.4944 -0.3974
vn -0.7021 0.5962 -0.3893
vn -0.6901 0.5106 -0.5129
vn -0.7021 0.5962 -0.3894
vn 0.1777 0.8579 -0.4821
vn -0.5295 0.2533 -0.8096
vn -0.5128 0.2464 -0.8224
vn -0.4330 0.2097 -0.8767
vn 0.6130 -0.5620 -0.5553
vn 0.1695 0.9301 0.3258
vn 0.6686 -0.5938 -0.4476
vn -0.6569 0.3103 -0.6872
vn 0.5992 0.7956 -0.0895
vn 0.5764 0.8156 -0.0512
vn 0.8093 0.4016 -0.4286
vn 0.6345 0.7575 -0.1535
vn -0.2378 -0.6725 -0.7008
vn 0.7672 -0.3200 -0.5559
vn 0.4161 -0.5540 -0.7210
vn 0.3460 -0.6127 -0.7105
vn 0.9219 0.0232 -0.3868
vn 0.9381 0.0530 -0.3422
vn 0.9606 -0.0292 -0.2765
vn 0.8851 -0.3150 -0.3425
vn -0.6910 0.6964 -0.1940
vn -0.2621 -0.0976 -0.9601
vn -0.5458 0.7274 0.4159
vn -0.0581 0.6565 0.7521
vn -0.0798 0.6562 0.7503
vn -0.6724 0.3114 -0.6716
vn 0.0070 0.0794 -0.9968
vn -0.1490 0.6531 0.7425
vn 0.3778 0.8655 -0.3290
vn 0.3011 0.9152 -0.2677
vn 0.3964 0.6119 -0.6844
vn 0.2326 0.9491 -0.2126
vn 0.6326 0.1470 -0.7604
vn 0.0813 0.9315 -0.3545
vn -0.1373 -0.0991 -0.9856
vn -0.1936 -0.1259 0.9730
vn -0.1304 -0.2631 0.9559
vn 0.0171 0.3050 0.9522
vn -0.0752 -0.4980 0.8639
vn 0.1813 -0.2813 0.9423
vn 0.0287 0.7099 0.7037
vn 0.0421 0.7075 0.7055
vn 0.5264 0.4211 0.7386
vn 0.2948 -0.1233 0.9476
vn 0.2170 -0.1131 0.9696
vn 0.2005 -0.0676 0.9774
vn 0.2796 -0.1008 0.9548
vn 0.4852 -0.0448 0.8732
vn 0.4642 -0.0926 0.8809
vn 0.3879 -0.3678 0.8452
vn 0.4967 0.7838 0.3727
vn 0.3948 -0.0904 0.9143
vn 0.5564 0.1278 0.8210
vn 0.2992 -0.1307 0.9452
vn 0.7100 0.3437 0.6146
vn 0.5604 -0.2720 0.7823
vn 0.0124 0.1795 0.9837
vn 0.5218 -0.1086 0.8461
vn 0.4330 0.1412 0.8903
vn 0.4119 0.0729 0.9083
vn 0.5628 -0.2853 0.7758
vn 0.4233 -0.4316 0.7966
vn 0.4218 0.1090 0.9001
vn 0.5292 -0.1083 0.8416
vn 0.4554 -0.3864 0.8021
vn 0.6397 -0.0087 0.7686
vn 0.4234 -0.4662 0.7768
vn 0.0546 0.8318 0.5524
vn 0.5875 0.0723 0.8060
vn 0.2914 0.6250 0.7242
vn 0.3354 0.6173 0.7116
vn 0.4272 -0.5573 0.7120
vn 0.4162 0.0765 0.9061
vn 0.6343 0.1180 0.7640
vn -0.1750 -0.9110 0.3733
vn 0.6376 -0.1246 0.7602
vn 0.6171 -0.1164 0.7783
vn 0.7049 0.0517 0.7075
vn 0.5922 -0.4860 0.6427
vn 0.1372 0.6410 0.7552
vn 0.7343 0.0910 0.6727
vn 0.8370 0.0175 0.5470
vn 0.5699 -0.1183 0.8132
vn 0.5700 -0.2170 0.7925
vn -0.5851 -0.2135 0.7823
vn 0.8015 0.0668 0.5943
vn 0.6073 0.3251 0.7249
vn 0.6894 -0.1161 0.7150
vn 0.6162 -0.0139 0.7874
vn 0.9005 -0.2070 0.3823
vn 0.9151 0.1958 0.3524
vn -0.5954 0.0304 0.8028
vn 0.8375 -0.4575 0.2987
vn 0.9238 0.0326 0.3815
vn 0.4907 -0.1193 0.8631
vn 0.9316 -0.3152 0.1812
vn 0.9465 -0.0143 0.3223
vn 0.9707 -0.1180 0.2093
vn 0.3953 0.4776 0.7846
vn 0.4231 0.4253 0.8001
vn 0.6816 -0.2500 0.6877
vn 0.3930 -0.4202 0.8179
vn 0.4214 -0.3685 0.8286
vn 0.5686 0.1135 0.8147
vn 0.6166 -0.1167 0.7786
vn 0.8355 -0.2666 0.4804
vn 0.7072 -0.0366 0.7061
vn 0.2949 0.2827 0.9128
vn 0.9511 -0.0708 0.3005
vn 0.9284 0.0343 0.3699
vn 0.9160 -0.3591 0.1791
vn -0.1339 -0.8601 0.4923
vn -0.2219 -0.8823 0.4151
vn -0.0448 -0.9815 0.1862
vn 0.1292 0.9843 0.1200
vn 0.2179 0.9686 0.1197
vn -0.0311 0.9233 0.3828
vn -0.0939 0.8858 0.4544
vn -0.7224 0.3454 0.5990
vn -0.6763 0.2938 0.6755
vn -0.6335 0.3068 0.7103
vn 0.3083 0.0712 -0.9486
vn 0.4157 0.8699 -0.2654
vn -0.1904 -0.9773 0.0930
vn -0.1139 -0.9903 0.0792
vn 0.1414 0.9898 0.0189
vn -0.4605 0.3064 0.8331
vn -0.0812 0.4460 0.8914
vn 0.0384 -0.9957 0.0845
vn -0.4877 -0.3694 0.7910
vn 0.1126 -0.9394 0.3237
vn 0.1580 0.4135 0.8967
vn 0.1484 -0.7422 0.6536
vn 0.0620 0.4525 0.8896
vn 0.1753 -0.9797 0.0975
vn 0.0539 -0.9930 0.1049
vn 0.0210 -0.5543 0.8320
vn 0.3314 0.4209 0.8444
vn 0.3783 -0.4417 0.8135
vn -0.0009 0.9999 0.0119
vn -0.2420 0.9697 0.0335
vn 0.2469 -0.6409 0.7268
vn 0.0077 0.9968 0.0797
vn 0.6097 0.3326 0.7195
vn -0.1982 0.5522 0.8098
vn 0.4017 -0.7330 0.5490
vn -0.4209 0.9070 -0.0125
vn 0.7446 0.3361 0.5767
vn 0.0754 -0.9965 0.0350
vn -0.1039 0.9676 0.2301
vn -0.1467 0.9817 0.1213
vn 0.4415 0.1245 0.8886
vn 0.8981 0.1574 -0.4106
vn 0.5231 0.7844 0.3333
vn 0.5357 0.7797 0.3243
vn -0.5954 0.7980 0.0929
vn 0.6214 0.6074 0.4949
vn 0.8254 0.3017 0.4772
vn 0.2363 -0.8934 0.3821
vn 0.8627 0.3051 0.4034
vn -0.6146 0.7839 0.0881
vn 0.3104 0.2619 -0.9138
vn 0.2586 0.8034 -0.5364
vn 0.0848 -0.9964 0.0018
vn 0.2041 -0.9788 -0.0184
vn 0.5310 0.8455 0.0564
vn 0.9375 0.2442 0.2477
vn -0.0038 -0.9945 -0.1042
vn -0.6726 0.7041 0.2275
vn -0.0025 0.8715 0.4903
vn 0.0806 0.8483 0.5233
vn 0.7342 0.1625 0.6592
vn 0.7182 0.1024 0.6882
vn 0.7142 0.1066 0.6918
vn -0.6701 0.3199 0.6698
vn 0.6744 0.4446 0.5895
vn -0.6058 0.7624 0.2275
vn -0.0149 -0.9955 -0.0938
vn -0.1057 0.8900 0.4436
vn 0.6239 0.7813 0.0162
vn 0.4636 0.8789 -0.1123
vn 0.3386 0.9144 -0.2218
vn 0.3103 0.9160 -0.2542
vn 0.8742 0.4586 0.1598
vn 0.7439 0.2073 0.6353
vn 0.1220 0.9331 0.3383
vn 0.7773 0.3520 0.5214
vn 0.6382 0.7694 0.0253
vn 0.5063 0.7969 0.3296
vn 0.6365 0.7712 0.0057
vn 0.7717 0.5493 0.3207
vn 0.9585 -0.2751 -0.0744
vn 0.9186 -0.1558 0.3631
vn 0.9435 0.0368 0.3292
vn 0.6611 -0.6410 -0.3900
vn 0.6149 0.7221 0.3171
vn 0.9172 -0.1853 -0.3528
vn 0.5440 0.7304 0.4130
vn 0.3506 -0.4634 0.8139
vn 0.3656 -0.5596 0.7438
vn 0.3366 -0.3898 0.8572
vn 0.4752 -0.8637 0.1681
vn 0.8492 0.5213 -0.0843
vn 0.7535 -0.3590 0.5507
vn 0.4155 -0.9094 0.0183
vn 0.6639 -0.6806 0.3099
vn 0.6538 -0.7532 0.0731
vn 0.7100 -0.7037 -0.0269
vn 0.8414 -0.5401 0.0178
vn -0.0313 -0.6025 0.7975
vn 0.6041 0.6534 0.4561
vn 0.3966 0.8815 0.2564
vn 0.5991 0.7226 0.3448
vn 0.9190 0.2183 0.3282
vn 0.6636 0.2335 -0.7107
vn 0.8666 -0.2226 -0.4467
vn -0.1789 -0.1482 -0.9726
vn -0.0375 -0.1106 -0.9932
vn -0.1789 -0.1483 -0.9726
vn 0.8291 -0.2435 -0.5033
vn 0.8505 -0.2058 -0.4840
vn 0.8316 -0.2341 -0.5036
vn 0.6421 -0.7524 -0.1466
vn 0.5887 -0.8082 0.0157
vn 0.5013 -0.8403 0.2063
vn 0.9590 -0.0438 -0.2800
vn 0.9350 0.0789 -0.3459
vn 0.9060 0.0953 -0.4124
vn 0.9341 -0.2061 -0.2915
vn -0.3404 -0.1885 -0.9212
vn 0.5740 -0.4739 -0.6678
vn 0.3883 -0.2847 -0.8764
vn 0.4408 -0.1805 -0.8793
vn -0.1166 0.0684 -0.9908
vn 0.3789 -0.0715 -0.9227
vn 0.5569 0.1302 -0.8203
vn 0.7656 0.0347 -0.6424
vn 0.7689 -0.0997 -0.6315
vn 0.8767 0.2539 -0.4086
vn 0.9093 0.3651 -0.1998
vn 0.6616 -0.1526 -0.7342
vn 0.8462 0.1255 -0.5179
vn 0.9974 -0.0718 0.0092
vn 0.9817 0.1530 0.1134
vn 0.9091 -0.1814 -0.3749
vn 0.7588 -0.6413 0.1140
vn 0.6902 -0.7128 0.1250
vn 0.4720 -0.8779 0.0807
vn 0.9895 -0.1423 -0.0240
vn -0.6892 0.0752 -0.7207
vn 0.7435 -0.1523 -0.6511
vn 0.9034 -0.4088 0.1290
vn 0.8532 -0.1310 -0.5048
vn 0.0389 0.3401 -0.9396
vn 0.0640 0.2515 -0.9657
vn -0.1037 0.3607 -0.9269
vn 0.8223 -0.4532 -0.3441
vn 0.7892 -0.4660 -0.4001
vn 0.8988 -0.3515 -0.2621
vn -0.2108 0.3712 -0.9043
vn 0.0570 -0.5208 0.8518
vn -0.1781 -0.4736 0.8625
vn -0.3148 -0.4936 0.8107
vn 0.9861 0.1043 -0.1293
vn 0.9733 0.1729 -0.1508
vn 0.9930 -0.1184 -0.0020
vn -0.5852 -0.3166 -0.7465
vn -0.5726 -0.3829 -0.7249
vn -0.5829 -0.4178 -0.6969
vn 0.9204 -0.3428 -0.1881
vn 0.5241 0.4975 -0.6913
vn 0.5591 0.3154 -0.7668
vn 0.4853 0.5357 -0.6910
vn 0.9960 -0.0856 -0.0252
vn 0.9869 -0.1292 -0.0966
vn -0.4581 -0.1788 -0.8707
vn -0.5852 -0.1749 -0.7918
vn -0.4641 -0.1850 -0.8663
vn 0.4032 -0.3485 0.8462
vn -0.3838 -0.9173 -0.1057
vn -0.4180 -0.9027 -0.1020
vn -0.6056 -0.7903 -0.0930
vn 0.9977 -0.0673 -0.0052
vn -0.0072 0.3510 -0.9364
vn -0.0233 0.4046 -0.9142
vn 0.0218 0.4269 -0.9040
vn 0.2969 0.3062 0.9045
vn 0.9985 -0.0477 0.0268
vn 0.4611 0.5163 -0.7217
vn 0.3923 -0.0193 0.9196
vn -0.0113 0.1586 0.9873
vn 0.1385 -0.0794 0.9872
vn -0.7459 -0.5191 -0.4173
vn -0.7459 -0.5192 -0.4173
vn -0.7421 -0.5896 -0.3189
vn 0.6963 0.4577 -0.5529
vn 0.8283 0.4091 0.3828
vn 0.8387 0.3945 0.3754
vn 0.4294 -0.3049 0.8501
vn 0.2991 -0.5174 0.8018
vn 0.7415 0.4546 -0.4934
vn -0.2984 -0.9451 -0.1336
vn 0.4124 0.1129 -0.9040
vn -0.0078 -0.9111 0.4121
vn 0.0375 -0.9144 0.4030
vn -0.0078 -0.9111 0.4120
vn 0.4145 -0.4716 0.7783
vn 0.8144 0.4277 0.3922
vn 0.0812 -0.9157 0.3936
vn 0.2942 -0.6157 0.7310
vn -0.0125 0.4229 -0.9061
vn 0.6996 -0.1756 0.6926
vn -0.1167 0.3207 -0.9400
vn 0.5886 -0.1835 0.7873
vn 0.8413 0.3911 -0.3732
vn 0.7902 -0.5206 0.3234
vn 0.7908 -0.5995 0.1236
vn 0.8314 -0.4417 0.3372
vn 0.6362 -0.0927 0.7659
vn 0.7126 -0.0918 0.6955
vn 0.8985 0.1305 -0.4191
vn 0.8192 0.3861 -0.4241
vn -0.5389 -0.5745 -0.6160
vn -0.7125 -0.3279 -0.6203
vn -0.5602 -0.5937 -0.5776
vn -0.2284 -0.9513 -0.2070
vn 0.4840 -0.4227 0.7662
vn -0.3994 -0.1028 -0.9110
vn -0.1756 -0.1726 -0.9692
vn -0.4037 -0.1249 -0.9063
vn 0.0792 0.3891 -0.9178
vn 0.7327 0.6331 -0.2498
vn -0.4204 -0.1110 -0.9005
vn 0.6244 -0.3043 -0.7194
vn 0.5614 -0.3141 0.7656
vn -0.2200 -0.4606 -0.8599
vn 0.7380 -0.0938 0.6683
vn 0.4666 -0.8426 0.2689
vn 0.1256 0.0892 -0.9881
vn 0.8765 -0.0531 0.4784
vn 0.0876 -0.8956 -0.4362
vn 0.6685 0.0580 -0.7415
vn 0.7719 0.0736 -0.6315
vn 0.7719 0.0736 -0.6314
vn 0.1000 -0.8176 -0.5670
vn 0.9115 -0.2179 0.3488
vn 0.8387 -0.3600 0.4087
vn 0.8387 -0.3599 0.4087
vn 0.6577 -0.4105 -0.6316
vn 0.9255 0.2111 0.3144
vn 0.9925 -0.1176 -0.0334
vn 0.8917 0.0935 -0.4428
vn 0.6527 -0.5825 0.4844
vn 0.9146 0.0048 -0.4044
vn -0.1230 0.3724 -0.9199
vn 0.8999 -0.2488 0.3582
vn 0.8310 -0.3714 0.4141
vn 0.3336 0.8732 -0.3552
vn 0.3999 -0.9040 -0.1510
vn 0.2573 -0.9638 -0.0698
vn 0.2822 -0.9542 -0.0990
vn 0.3898 -0.6295 -0.6722
vn 0.5609 -0.6173 -0.5516
vn 0.4161 -0.7359 -0.5341
vn 0.8307 0.4967 0.2515
vn 0.9380 0.2451 -0.2450
vn 0.6027 -0.4732 0.6425
vn 0.7596 -0.4698 0.4497
vn 0.7596 -0.4698 0.4498
vn -0.7629 -0.6447 -0.0478
vn -0.8267 -0.5626 -0.0040
vn -0.9251 -0.3703 0.0836
vn -0.6001 0.2132 0.7710
vn -0.5678 0.1937 0.8001
vn 0.3830 -0.9051 -0.1847
vn 0.5877 -0.7515 -0.2997
vn 0.8292 -0.4546 0.3251
vn -0.5169 -0.8390 -0.1701
vn -0.4591 -0.8671 -0.1934
vn 0.3102 -0.5122 -0.8009
vn 0.4872 -0.5597 -0.6704
vn -0.7660 -0.4801 -0.4275
vn -0.0776 -0.1763 -0.9813
vn -0.2063 -0.9394 -0.2739
vn -0.2954 -0.9238 0.2438
vn -0.3108 -0.6408 -0.7020
vn 0.6221 -0.7321 -0.2775
vn 0.5726 -0.7959 -0.1969
vn 0.7328 -0.6526 -0.1926
vn 0.6101 -0.5958 -0.5223
vn -0.5283 0.1704 0.8318
vn 0.5897 -0.7701 -0.2434
vn 0.8215 0.0997 0.5614
vn 0.8539 0.1911 0.4841
vn 0.8153 0.0898 0.5720
vn 0.6751 -0.4270 -0.6015
vn 0.5748 -0.4736 -0.6673
vn 0.5429 -0.1711 -0.8222
vn -0.8047 0.5778 0.1362
vn -0.8087 0.5725 0.1353
vn 0.8003 0.0582 0.5968
vn 0.5483 -0.1206 -0.8275
vn 0.6154 -0.7218 -0.3165
vn 0.8654 -0.4081 0.2906
vn 0.6263 -0.6759 -0.3886
vn 0.6307 -0.6104 -0.4792
vn 0.7017 -0.6400 -0.3130
vn -0.4244 0.6682 -0.6111
vn -0.8323 0.5389 0.1297
vn 0.7969 0.0613 0.6010
vn -0.2324 -0.9636 0.1318
vn 0.1203 0.9884 -0.0927
vn 0.3390 0.9306 -0.1384
vn -0.0679 0.9865 -0.1492
vn -0.8527 -0.5212 0.0365
vn -0.8495 -0.5268 0.0297
vn -0.7605 -0.6444 0.0797
vn 0.2147 0.4879 0.8461
vn 0.2016 0.4963 0.8444
vn 0.1380 0.6658 0.7333
vn 0.8497 -0.3118 -0.4251
vn 0.1715 -0.1859 0.9675
vn 0.9860 0.1228 0.1126
vn -0.6111 -0.2158 -0.7616
vn -0.6696 -0.4981 -0.5509
vn -0.7683 -0.2360 -0.5950
vn 0.4240 0.8946 -0.1410
vn 0.2451 0.4677 0.8492
vn 0.2340 0.4346 0.8697
vn -0.7207 -0.6867 0.0954
vn 0.6890 -0.6056 -0.3982
vn 0.0301 0.4341 -0.9004
vn 0.3723 -0.3448 0.8617
vn -0.6236 -0.7693 0.1389
vn 0.4710 0.8677 -0.1590
vn -0.2487 -0.7302 0.6363
vn -0.2714 -0.7269 0.6309
vn -0.5977 -0.4712 -0.6486
vn -0.3653 0.0201 -0.9307
vn 0.4767 0.8656 -0.1530
vn -0.5932 -0.7095 -0.3803
vn 0.5941 0.5968 0.5394
vn -0.5599 -0.7325 -0.3872
vn -0.1698 -0.7387 0.6523
vn 0.6993 -0.7110 0.0743
vn 0.6651 -0.7417 0.0869
vn 0.6282 -0.7716 0.0998
vn 0.4920 -0.0224 -0.8703
vn 0.5140 -0.1819 -0.8383
vn 0.4769 0.0537 -0.8773
vn -0.0280 -0.7113 -0.7024
vn -0.0014 -0.7074 -0.7068
vn -0.1187 -0.7203 -0.6834
vn 0.0968 -0.9952 0.0122
vn 0.5974 -0.3065 -0.7411
vn 0.4038 -0.9148 -0.0006
vn 0.7246 -0.5981 0.3423
vn 0.7338 -0.5906 0.3356
vn 0.7262 -0.6166 0.3041
vn 0.7206 -0.5721 0.3917
vn -0.6821 -0.2996 -0.6671
vn -0.6490 -0.3894 -0.6536
vn -0.8862 -0.3513 -0.3022
vn -0.9014 -0.3549 -0.2482
vn -0.9623 -0.2411 -0.1262
vn 0.8231 -0.5362 -0.1870
vn -0.2956 0.6330 -0.7155
vn -0.3797 0.7154 -0.5866
vn 0.6256 -0.6655 0.4071
vn -0.7946 -0.3851 0.4693
vn -0.7159 -0.5096 0.4773
vn -0.2124 0.5426 -0.8127
vn -0.2358 -0.9334 -0.2704
vn -0.5023 -0.8136 -0.2929
vn -0.6737 -0.5641 0.4775
vn -0.4733 -0.3812 -0.7941
vn -0.1673 0.9831 -0.0746
vn -0.6099 -0.7870 -0.0926
vn -0.3459 -0.3857 -0.8553
vn -0.2223 -0.2851 -0.9324
vn -0.4110 -0.4749 -0.7782
vn 0.4224 -0.4852 -0.7656
vn 0.4810 -0.4065 -0.7768
vn 0.5415 -0.3509 -0.7640
vn 0.6318 -0.3184 -0.7067
vn 0.3184 -0.2890 -0.9028
vn 0.4595 0.7509 -0.4743
vn 0.3412 0.8058 -0.4841
vn 0.4935 0.7251 -0.4802
vn 0.6767 -0.6789 0.2850
vn 0.6455 -0.7324 0.2168
vn 0.6730 -0.6867 0.2747
vn 0.5227 -0.7723 -0.3610
vn 0.3283 -0.9168 -0.2272
vn 0.4942 -0.7960 -0.3495
vn 0.6113 -0.6601 -0.4365
vn 0.7147 -0.3799 0.5873
vn 0.7151 -0.5319 0.4535
vn 0.7091 -0.5903 0.3856
vn 0.1701 0.9688 -0.1800
vn 0.2798 0.9365 -0.2114
vn 0.3460 0.9044 -0.2498
vn 0.0533 -0.9919 -0.1155
vn 0.0503 -0.9932 -0.1048
vn 0.0548 -0.9918 -0.1154
vn 0.3193 0.9252 -0.2052
vn 0.8572 -0.2325 -0.4595
vn 0.8797 -0.2361 -0.4128
vn 0.5597 -0.3624 -0.7452
vn 0.5483 -0.4835 -0.6824
vn 0.4550 -0.2141 -0.8644
vn 0.2486 -0.9039 0.3480
vn 0.4295 -0.0861 -0.8989
vn 0.7331 -0.1980 -0.6507
vn 0.5404 0.6939 -0.4759
vn -0.7772 -0.5588 0.2894
vn -0.7371 -0.5220 0.4291
vn -0.9121 -0.4035 0.0723
vn 0.1927 -0.9572 -0.2161
vn 0.0696 -0.9943 -0.0810
vn -0.7181 -0.5275 0.4540
vn -0.6964 -0.5947 -0.4018
vn 0.3640 0.8943 -0.2603
vn 0.4617 0.8080 -0.3660
vn 0.9744 -0.0826 -0.2090
vn -0.6948 0.0245 -0.7187
vn -0.5458 -0.0945 -0.8326
vn -0.3875 -0.3258 -0.8624
vn -0.1168 -0.8621 -0.4930
vn -0.2189 -0.8679 -0.4460
vn 0.3025 -0.7049 -0.6415
vn 0.2188 -0.6896 -0.6903
vn 0.2235 -0.6995 -0.6787
vn 0.0025 -0.8039 -0.5948
vn 0.0438 -0.9704 -0.2374
vn 0.8067 0.0185 -0.5907
vn 0.5419 0.6846 -0.4874
vn 0.0779 -0.9913 -0.1060
vn -0.0077 -0.7433 -0.6689
vn 0.6300 -0.4785 -0.6117
vn -0.5023 -0.1249 -0.8556
vn -0.7001 -0.4899 0.5195
vn -0.3487 -0.8587 -0.3757
vn 0.7780 0.2413 -0.5801
vn -0.9873 -0.1585 0.0066
vn 0.6858 -0.4046 -0.6050
vn -0.0923 0.8317 -0.5476
vn -0.0048 0.8762 -0.4819
vn 0.0174 0.8839 -0.4674
vn 0.1736 0.8079 -0.5632
vn 0.0996 -0.9874 -0.1227
vn -0.2766 0.4786 -0.8333
vn 0.9659 -0.2442 0.0863
vn -0.0425 -0.4336 0.9001
vn 0.3591 -0.7603 -0.5413
vn 0.4486 -0.8755 -0.1794
vn 0.4005 -0.9132 -0.0746
vn 0.0773 -0.9807 -0.1795
vn 0.1242 -0.9814 -0.1464
vn 0.4682 -0.7447 -0.4757
vn 0.1954 0.7854 -0.5873
vn 0.2135 0.8326 -0.5111
vn 0.1979 0.7766 -0.5981
vn 0.1918 0.8061 -0.5599
vn 0.4459 -0.5469 0.7086
vn 0.4066 -0.5230 0.7491
vn 0.6404 -0.7073 0.2992
vn 0.4907 -0.7975 0.3509
vn 0.5007 -0.5782 0.6442
vn 0.3308 -0.0429 -0.9427
vn 0.4557 -0.8313 -0.3182
vn 0.7891 -0.5713 0.2257
vn -0.8612 -0.2634 -0.4347
vn -0.4832 -0.0162 -0.8753
vn -0.7184 -0.6940 -0.0467
vn -0.6792 -0.6143 -0.4016
vn -0.8056 -0.4456 -0.3905
vn -0.6803 -0.5602 -0.4726
vn 0.0424 -0.2432 -0.9691
vn 0.0484 -0.2575 -0.9651
vn -0.5977 -0.6948 -0.3999
vn -0.3393 -0.9065 0.2511
vn -0.2682 0.4388 -0.8576
vn -0.6314 -0.7653 -0.1249
vn 0.0544 -0.2722 -0.9607
vn 0.5454 -0.4999 -0.6728
vn 0.5228 -0.4801 -0.7044
vn 0.4380 -0.8976 -0.0494
vn -0.0421 -0.3390 -0.9398
vn 0.0203 -0.1053 -0.9942
vn 0.0538 -0.3230 -0.9449
vn -0.0668 -0.9973 0.0319
vn 0.0719 -0.9705 0.2300
vn 0.1085 -0.9932 0.0421
vn -0.3280 0.0723 -0.9419
vn -0.1720 -0.1922 -0.9662
vn 0.5580 -0.5109 -0.6539
vn 0.1153 -0.9933 0.0044
vn 0.2084 -0.1670 -0.9637
vn -0.4663 -0.4984 -0.7309
vn -0.5257 -0.5284 -0.6666
vn -0.4637 -0.5137 -0.7218
vn 0.0964 0.0930 -0.9910
vn 0.3393 0.3222 -0.8838
vn 0.3924 0.2257 -0.8917
vn -0.4880 -0.8647 0.1188
vn 0.3542 -0.9336 0.0545
vn -0.4269 -0.5037 -0.7510
vn -0.4589 -0.5398 -0.7057
vn 0.3890 0.3858 -0.8366
vn 0.4989 -0.8604 -0.1042
vn 0.3106 0.4361 -0.8446
vn 0.2889 0.5347 -0.7941
vn 0.5913 -0.6663 -0.4543
vn 0.8036 -0.4320 -0.4093
vn 0.6333 -0.6679 -0.3910
vn 0.7694 -0.5421 -0.3379
vn 0.1409 -0.9039 0.4038
vn 0.0853 -0.2132 -0.9733
vn 0.3091 -0.0288 -0.9506
vn 0.2847 -0.1022 -0.9532
vn 0.6973 -0.7155 -0.0436
vn 0.7011 -0.7122 -0.0341
vn 0.9324 -0.0920 -0.3496
vn 0.0678 -0.2741 -0.9593
vn -0.7567 -0.2218 -0.6150
vn -0.6681 -0.3871 -0.6354
vn -0.7114 -0.3320 -0.6194
vn 0.9466 -0.0782 -0.3128
vn 0.5596 0.0780 -0.8251
vn 0.3084 0.2617 -0.9146
vn 0.7495 -0.6551 -0.0954
vn 0.7109 0.2888 -0.6412
vn 0.9514 0.0107 -0.3079
vn -0.6362 -0.4348 -0.6374
vn -0.6169 -0.4449 -0.6492
vn 0.8193 0.0531 -0.5709
vn -0.1232 0.1136 -0.9859
vn 0.0462 0.0335 -0.9984
vn -0.0926 0.1781 -0.9796
vn -0.0516 -0.9919 0.1160
vn 0.7416 -0.6405 -0.1994
vn 0.3049 0.2742 -0.9121
vn 0.7490 -0.6575 -0.0824
vn 0.8577 -0.0172 -0.5139
vn 0.9399 -0.0353 -0.3396
vn 0.9838 -0.1088 -0.1428
vn 0.0046 -0.0767 -0.9970
vn 0.0695 0.1539 -0.9856
vn -0.2599 -0.9653 -0.0262
vn -0.5211 -0.8341 -0.1809
vn -0.2036 -0.2318 -0.9512
vn -0.3537 -0.3437 -0.8699
vn -0.1432 -0.1529 -0.9778
vn -0.1276 -0.0514 -0.9905
vn 0.1216 -0.3257 -0.9376
vn -0.4076 -0.5019 -0.7628
vn 0.5754 -0.7005 -0.4221
vn 0.5741 -0.7031 -0.4195
vn 0.5740 -0.7034 -0.4192
vn -0.1057 -0.9926 0.0593
vn 0.5737 -0.7040 -0.4186
vn -0.0406 -0.1069 -0.9934
vn 0.3949 -0.8226 -0.4092
vn 0.3796 0.4925 -0.7832
vn 0.6801 -0.2872 -0.6745
vn 0.7175 -0.2779 -0.6388
vn 0.2629 -0.4620 -0.8470
vn 0.7830 -0.2859 -0.5524
vn 0.8086 -0.5530 -0.2007
vn 0.8271 -0.4101 -0.3842
vn 0.3589 -0.6528 -0.6672
vn 0.4589 0.5054 -0.7307
vn 0.4407 -0.6972 -0.5654
vn 0.4111 -0.7808 -0.4705
vn 0.6500 0.0929 -0.7542
vn -0.3157 0.1577 -0.9357
vn 0.4601 -0.8746 0.1531
vn 0.7843 -0.3515 -0.5112
vn -0.4215 0.6656 0.6159
vn -0.6219 0.5662 0.5410
vn -0.5187 0.5613 0.6449
vn -0.2928 0.7011 0.6502
vn -0.3534 0.5639 0.7464
vn -0.3242 0.5871 0.7418
vn -0.0207 0.8685 0.4952
vn 0.0033 0.8538 0.5205
vn 0.0161 0.8615 0.5074
vn -0.8150 0.0862 -0.5730
vn -0.9976 -0.0648 -0.0227
vn -0.7808 0.2534 0.5711
vn 0.2908 0.9469 -0.1374
vn 0.0446 0.8681 0.4944
vn 0.0849 0.8594 0.5042
vn 0.2216 0.7017 0.6771
vn 0.2050 0.7908 0.5767
vn -0.0344 0.6317 -0.7744
vn -0.4461 -0.0208 0.8948
vn -0.7946 0.2075 0.5705
vn -0.8486 0.2760 0.4513
vn -0.7946 0.2075 0.5706
vn -0.9140 -0.2408 0.3264
vn 0.3110 0.5546 0.7718
vn -0.0350 0.8784 0.4766
vn -0.6394 0.7029 -0.3118
vn 0.2452 0.4181 0.8747
vn -0.9603 0.1930 -0.2012
vn -0.9389 0.1262 -0.3201
vn -0.9327 0.1017 -0.3460
vn -0.9998 -0.0216 0.0006
vn -0.9451 -0.3166 0.0804
vn -0.5835 0.0170 0.8119
vn -0.4953 0.2706 0.8255
vn -0.3424 0.1815 0.9219
vn -0.4841 0.2984 0.8226
vn -0.9945 0.0994 -0.0320
vn -0.4432 0.5240 0.7273
vn -0.9339 0.3485 0.0794
vn -0.7255 0.4641 0.5082
vn -0.5165 0.3318 0.7894
vn -0.6709 0.4821 0.5634
vn -0.3940 0.6676 0.6318
vn -0.3779 0.6274 0.6809
vn -0.3236 0.7309 0.6009
vn -0.3905 0.5085 0.7674
vn -0.4637 0.4151 0.7827
vn -0.5254 0.4371 0.7300
vn -0.0945 0.7231 -0.6843
vn 0.2513 0.7432 -0.6201
vn -0.2696 0.5960 -0.7564
vn 0.1614 0.6393 0.7518
vn 0.2907 0.7338 0.6140
vn 0.2703 0.7567 0.5953
vn -0.0501 0.3234 0.9449
vn -0.1626 0.2005 0.9661
vn 0.4518 0.7367 -0.5031
vn 0.3916 0.8228 0.4118
vn 0.3225 0.8646 0.3853
vn 0.4983 0.2252 0.8373
vn 0.5108 0.0810 0.8559
vn 0.5227 0.2048 0.8276
vn 0.5882 0.6616 -0.4650
vn 0.4746 -0.1196 0.8721
vn 0.5123 0.0422 0.8578
vn 0.5015 0.8016 0.3255
vn 0.3475 0.8634 0.3658
vn 0.3536 0.7933 0.4956
vn 0.4753 0.6692 0.5711
vn 0.4212 0.4592 0.7821
vn 0.9932 -0.0960 -0.0655
vn 0.9261 -0.3756 0.0353
vn 0.9332 -0.3232 -0.1570
vn 0.8445 0.4333 -0.3147
vn 0.5660 0.7564 0.3279
vn 0.7871 0.4415 0.4307
vn 0.9892 -0.0963 -0.1102
vn 0.9997 0.0097 -0.0211
vn 0.9995 -0.0201 -0.0254
vn -0.6010 0.6543 -0.4590
vn 0.6069 0.3624 0.7074
vn 0.6300 0.0581 0.7744
vn 0.9953 0.0598 0.0758
vn -0.0117 0.6474 0.7621
vn -0.0480 0.6675 0.7430
vn -0.0480 0.6675 0.7431
vn 0.7867 0.4673 -0.4034
vn 0.8220 0.4349 -0.3676
vn 0.7180 -0.1658 -0.6760
vn 0.6825 -0.1528 -0.7148
vn -0.6315 0.6259 0.4577
vn -0.6315 0.6258 0.4577
vn -0.6391 0.5932 0.4894
vn -0.1931 0.7345 0.6506
vn -0.6142 0.6818 0.3974
vn 0.8507 -0.0546 -0.5228
vn 0.6350 0.5703 -0.5210
vn 0.6679 0.0493 0.7426
vn -0.3295 0.9439 0.0213
vn 0.9480 0.1933 -0.2530
vn -0.2557 0.4460 0.8577
vn -0.2045 0.5868 0.7835
vn -0.2866 0.3425 0.8947
vn 0.9063 0.4072 0.1129
vn 0.9723 0.0691 -0.2232
vn 0.9015 -0.1799 0.3937
vn 0.9538 0.0148 0.3000
vn 0.2185 0.9461 0.2390
vn -0.3074 0.2903 0.9062
vn 0.7805 -0.1070 -0.6159
vn -0.8423 0.3786 0.3838
vn -0.8107 0.1740 0.5590
vn -0.8083 0.3977 0.4342
vn -0.7715 0.1635 0.6149
vn -0.6237 -0.0335 0.7810
vn -0.6177 -0.0291 0.7859
vn -0.8066 0.4878 0.3338
vn -0.7737 0.5268 0.3519
vn -0.6067 0.3083 0.7327
vn -0.4315 -0.0280 0.9017
vn -0.5054 -0.1385 0.8517
vn -0.5036 -0.5585 0.6592
vn -0.4846 0.4894 0.7251
vn -0.4193 -0.0543 0.9062
vn -0.4147 -0.0472 0.9087
vn -0.3787 0.0690 0.9229
vn -0.6219 0.7381 0.2615
vn -0.3651 0.4768 0.7996
vn -0.4504 -0.0978 0.8875
vn -0.5664 -0.1158 0.8159
vn -0.3148 0.5445 0.7774
vn -0.2554 -0.0296 0.9664
vn -0.1424 0.2415 0.9599
vn 0.8181 0.1492 -0.5553
vn -0.1914 0.3881 0.9015
vn -0.4015 -0.1384 0.9053
vn -0.2481 -0.1185 0.9615
vn -0.9707 -0.2403 0.0047
vn -0.5959 0.6184 0.5123
vn -0.6013 0.6163 0.5084
vn -0.7294 -0.5890 -0.3479
vn -0.4920 -0.3072 0.8146
vn -0.4391 -0.3850 0.8118
vn -0.2974 -0.3728 0.8790
vn -0.5525 0.6338 0.5413
vn -0.4044 -0.4703 0.7844
vn -0.2712 0.1869 0.9442
vn -0.2778 0.1600 0.9472
vn -0.1414 0.1500 0.9785
vn -0.2935 0.0918 0.9515
vn -0.2512 -0.3670 0.8956
vn -0.0602 0.2865 0.9562
vn -0.0102 0.7501 0.6612
vn -0.1557 -0.0325 0.9873
vn -0.0866 -0.1253 0.9883
vn -0.0333 -0.2302 0.9726
vn -0.8391 0.4031 0.3653
vn -0.8461 0.3383 0.4120
vn -0.3515 0.0547 0.9346
vn -0.3105 0.0159 0.9504
vn -0.8302 0.4506 0.3284
vn -0.2728 0.0086 0.9620
vn 0.1654 0.6797 -0.7146
vn 0.1734 0.5349 -0.8270
vn 0.0367 0.3948 -0.9180
vn -0.4729 0.8478 0.2402
vn 0.1411 0.8272 -0.5439
vn 0.2082 0.8288 -0.5193
vn 0.0543 0.8485 0.5264
vn 0.0261 0.9815 -0.1895
vn 0.0282 0.9626 -0.2694
vn 0.0294 0.9553 -0.2941
vn -0.9666 0.2352 -0.1023
vn -0.9906 0.1342 -0.0249
vn -0.9873 0.1285 -0.0939
vn 0.0308 0.9460 -0.3226
vn 0.0304 0.9458 -0.3233
vn -0.9640 0.2505 -0.0897
vn -0.9723 0.2335 0.0105
vn -0.3312 0.9118 -0.2429
vn 0.2596 0.8627 -0.4340
vn -0.6276 0.2304 0.7437
vn -0.7842 0.2831 0.5521
vn -0.7659 0.2200 0.6041
vn -0.9211 0.3516 -0.1669
vn -0.7381 -0.1676 -0.6536
vn -0.6586 -0.1777 -0.7312
vn -0.5268 -0.1950 -0.8273
vn -0.7101 0.1372 0.6906
vn 0.4475 0.8519 -0.2721
vn -0.2616 -0.2078 -0.9425
vn 0.0418 0.9960 0.0786
vn -0.0612 0.9966 -0.0552
vn -0.3687 0.9213 -0.1232
vn 0.1416 0.5901 -0.7948
vn 0.1644 0.6979 -0.6971
vn 0.1576 0.6487 -0.7446
vn -0.6125 0.1417 0.7777
vn 0.0538 0.6204 -0.7824
vn 0.2702 0.6549 -0.7058
vn -0.6541 0.6672 -0.3562
vn -0.5463 0.7855 -0.2909
vn -0.5564 0.7766 -0.2955
vn -0.3985 0.2837 0.8722
vn -0.5449 0.7243 -0.4224
vn 0.0486 0.9957 0.0792
vn -0.2347 -0.2131 -0.9484
vn -0.6469 0.1468 -0.7483
vn 0.1406 0.9584 0.2483
vn 0.0788 0.9605 0.2668
vn 0.1710 0.9526 0.2517
vn 0.1482 0.9578 0.2463
vn -0.6920 -0.1882 -0.6969
vn 0.0325 0.6124 -0.7899
vn -0.0389 0.7467 -0.6640
vn 0.5569 0.1516 -0.8166
vn -0.9763 0.1338 0.1701
vn -0.9683 0.1509 0.1990
vn -0.9677 0.1517 0.2012
vn -0.9669 0.1527 0.2043
vn -0.9662 0.1546 0.2063
vn -0.9203 -0.2162 -0.3259
vn 0.2299 -0.3778 -0.8969
vn 0.2933 0.9355 0.1972
vn -0.4039 0.7571 -0.5135
vn -0.4762 0.7532 -0.4538
vn 0.2453 -0.4946 -0.8338
vn -0.6141 0.4053 -0.6773
vn -0.2647 0.3756 0.8882
vn -0.4875 0.7519 -0.4438
vn -0.2066 0.9237 -0.3225
vn 0.6952 0.6699 -0.2607
vn 0.6246 0.7135 -0.3175
vn 0.6952 0.6699 -0.2606
vn 0.0388 0.9946 -0.0967
vn -0.3565 0.3728 -0.8567
vn -0.2470 0.2891 -0.9249
vn -0.3953 -0.3653 -0.8428
vn -0.3500 -0.3332 -0.8755
vn -0.4727 -0.3839 -0.7932
vn 0.1879 0.8849 0.4262
vn 0.3647 0.1044 -0.9253
vn 0.4659 0.1115 -0.8778
vn 0.2349 -0.0341 -0.9714
vn -0.4532 0.8760 -0.1651
vn 0.2164 0.9734 -0.0748
vn 0.3923 0.9190 -0.0388
vn 0.3884 0.7937 -0.4681
vn -0.4055 0.4095 -0.8173
vn -0.4203 0.8346 0.3562
vn 0.2748 0.9412 0.1965
vn -0.5352 -0.4078 -0.7398
vn -0.4884 -0.3874 -0.7819
vn -0.1365 0.4072 -0.9031
vn -0.0326 0.8192 -0.5726
vn -0.0406 0.8046 -0.5924
vn 0.7671 0.6119 -0.1926
vn -0.9543 0.0645 -0.2918
vn -0.9711 0.2386 0.0084
vn -0.9773 0.1589 -0.1403
vn 0.5693 0.7424 -0.3531
vn -0.7739 0.0233 -0.6329
vn -0.9648 0.2570 0.0561
vn -0.9629 0.2636 0.0578
vn -0.9585 0.2805 0.0513
vn -0.2123 0.9739 -0.0802
vn -0.2325 0.3615 -0.9029
vn 0.1440 0.9893 -0.0222
vn 0.2874 0.9566 -0.0480
vn 0.2214 0.9731 0.0644
vn -0.1429 0.6587 -0.7387
vn -0.2244 0.3632 -0.9043
vn 0.3060 0.9404 -0.1481
vn 0.2251 0.9049 -0.3613
vn 0.1122 0.8142 -0.5696
vn 0.3664 0.8776 0.3090
vn 0.2991 0.4308 -0.8514
vn 0.3784 0.4575 -0.8047
vn 0.1841 0.1492 -0.9715
vn 0.1032 0.7470 -0.6567
vn 0.1957 -0.2156 -0.9567
vn 0.2122 0.9161 0.3403
vn -0.1744 0.9789 0.1066
vn -0.2134 0.7560 -0.6188
vn -0.2086 0.7573 -0.6189
vn -0.1938 0.7196 -0.6668
vn 0.3777 0.8496 -0.3681
vn 0.9440 -0.0172 -0.3294
vn 0.9180 0.1451 -0.3691
vn 0.8994 -0.0513 -0.4342
vn 0.9458 -0.0455 -0.3215
vn 0.6407 0.1211 -0.7581
vn 0.5471 0.7201 -0.4269
vn 0.5144 0.7089 -0.4825
vn 0.9539 0.1014 0.2824
vn 0.7404 -0.1176 -0.6618
vn 0.7297 -0.1393 -0.6694
vn 0.0497 0.9878 -0.1476
vn 0.3402 0.9382 -0.0640
vn 0.4755 0.4856 -0.7336
vn 0.7491 -0.0991 -0.6550
vn 0.9763 0.0187 -0.2154
vn -0.1834 0.6998 -0.6904
vn 0.6856 0.7062 -0.1770
vn 0.5868 0.7812 -0.2130
vn 0.6472 -0.0446 -0.7610
vn -0.7220 0.5192 -0.4573
vn -0.1747 0.6693 -0.7222
vn -0.4053 0.6887 0.6012
vn -0.3454 0.7762 0.5275
vn 0.7241 0.6055 -0.3302
vn -0.1511 0.9881 0.0274
vn -0.1766 0.9822 -0.0643
vn -0.3492 -0.3353 -0.8750
vn -0.0956 0.9783 -0.1838
vn 0.6163 0.2771 -0.7372
vn 0.3814 -0.2562 -0.8882
vn 0.1137 0.9915 -0.0628
vn 0.7895 0.5257 0.3167
vn 0.5046 0.1737 -0.8457
vn 0.4105 0.5112 -0.7551
vn -0.8572 0.1276 0.4989
vn -0.9095 0.3031 0.2845
vn -0.9104 -0.1224 0.3951
vn -0.8494 -0.1471 -0.5068
vn -0.8205 -0.1560 -0.5499
vn -0.8332 -0.1443 -0.5338
vn -0.8799 0.3790 0.2867
vn -0.8590 -0.1272 0.4959
vn -0.8126 -0.1631 -0.5596
vn -0.8968 0.3574 0.2607
vn -0.9645 0.1612 0.2093
vn -0.9533 -0.2935 0.0718
vn -0.9808 -0.0266 0.1930
vn -0.7738 -0.0609 -0.6305
vn -0.8298 0.2387 -0.5044
vn -0.8729 0.2839 0.3967
vn -0.9252 -0.3703 0.0834
vn -0.6938 0.0481 0.7185
vn -0.3188 0.3668 0.8740
vn -0.3189 0.3667 0.8740
vn -0.2786 0.4211 0.8632
vn -0.7173 -0.2023 -0.6668
vn -0.9598 -0.2790 -0.0293
vn -0.3526 0.3180 0.8801
vn 0.0315 0.9101 -0.4132
vn 0.0002 0.9087 -0.4175
vn 0.1014 0.8578 -0.5039
vn -0.9070 -0.4191 0.0413
vn -0.3259 0.5933 -0.7361
vn -0.4652 -0.1856 0.8655
vn -0.5518 -0.0378 0.8331
vn -0.4618 -0.0465 0.8858
vn -0.6572 -0.1915 -0.7290
vn -0.1252 -0.1443 -0.9816
vn -0.1303 -0.1463 -0.9806
vn -0.1251 -0.1443 -0.9816
vn -0.9061 -0.2520 0.3398
vn -0.4915 -0.0955 0.8656
vn 0.4092 0.7787 0.4757
vn 0.4191 0.7749 0.4732
vn 0.3466 0.7448 0.5703
vn -0.1203 -0.1423 -0.9825
vn 0.1187 0.8426 -0.5254
vn -0.9132 -0.1344 0.3846
vn -0.9589 -0.1229 0.2558
vn -0.9591 -0.2734 0.0728
vn -0.9498 -0.1495 0.2747
vn 0.4350 0.7901 0.4318
vn -0.9230 -0.2673 0.2767
vn 0.3113 0.4710 0.8254
vn 0.1381 0.6888 0.7117
vn 0.2906 0.3706 0.8822
vn -0.4023 -0.4005 0.8233
vn -0.4205 -0.2520 0.8716
vn 0.2702 0.7297 -0.6281
vn 0.4128 -0.0456 -0.9097
vn 0.5515 0.0305 -0.8336
vn -0.0389 0.1099 -0.9932
vn 0.3805 0.7891 0.4822
vn -0.8881 -0.4399 -0.1333
vn -0.8015 -0.4960 -0.3341
vn -0.8824 0.4635 0.0813
vn -0.8680 0.4963 0.0165
vn -0.8774 0.4740 0.0742
vn -0.8664 0.4892 0.1002
vn -0.7152 0.3470 0.6067
vn -0.7271 0.3078 0.6136
vn -0.7419 0.3341 0.5814
vn 0.6737 0.7315 -0.1054
vn 0.7259 0.6681 -0.1636
vn -0.7247 0.6651 -0.1803
vn 0.6176 0.0701 -0.7833
vn 0.3166 0.2977 0.9006
vn -0.9086 -0.3078 0.2823
vn -0.7708 -0.5098 -0.3821
vn -0.7565 0.3266 0.5666
vn -0.5900 -0.5437 -0.5970
vn -0.7817 -0.1331 0.6093
vn -0.9146 -0.3904 0.1056
vn 0.2531 0.2136 0.9436
vn -0.8423 -0.4366 -0.3161
vn 0.7394 0.3026 -0.6014
vn -0.5826 0.1487 0.7990
vn -0.8189 0.4086 -0.4030
vn -0.8192 0.4082 -0.4029
vn -0.8217 0.4042 -0.4019
vn -0.6525 0.6936 -0.3051
vn -0.8056 0.5153 0.2925
vn -0.8919 -0.2349 0.3865
vn -0.7379 0.6343 0.2308
vn 0.5063 0.8609 0.0504
vn -0.4544 0.1638 0.8756
vn 0.1424 0.6604 0.7373
vn 0.0697 0.7991 0.5972
vn -0.2686 0.4764 0.8372
vn -0.4759 -0.3320 0.8144
vn -0.3988 -0.4183 -0.8161
vn -0.0304 0.4890 0.8718
vn 0.3330 0.7246 0.6034
vn 0.3325 0.5975 0.7297
vn 0.8060 0.5425 0.2366
vn 0.8156 0.5288 0.2347
vn 0.7839 0.5724 0.2407
vn -0.8164 0.4126 -0.4040
vn -0.5672 0.2306 -0.7907
vn -0.5974 0.2742 -0.7536
vn -0.6724 0.3971 -0.6246
vn 0.5133 0.8526 0.0978
vn -0.2424 0.9687 0.0533
vn 0.3620 0.3177 -0.8764
vn 0.2266 0.2758 -0.9341
vn 0.4670 0.3484 -0.8127
vn 0.0719 0.2174 -0.9734
vn -0.9852 -0.1038 -0.1366
vn -0.9999 0.0023 0.0105
vn -0.9363 -0.1515 -0.3169
vn -0.7003 -0.3955 -0.5942
vn -0.8376 0.4763 0.2675
vn -0.8862 0.4507 0.1073
vn -0.8471 0.4595 0.2670
vn -0.8676 0.4963 0.0323
vn -0.8454 0.4777 0.2390
vn -0.8464 0.5132 -0.1421
vn -0.8511 -0.2357 -0.4692
vn 0.4758 0.3487 -0.8075
vn -0.4570 -0.5759 -0.6779
vn -0.0457 -0.6553 -0.7540
vn -0.6431 0.7555 -0.1254
vn -0.3713 -0.5499 -0.7482
vn -0.2504 0.8440 0.4744
vn 0.0426 0.9229 0.3827
vn -0.1141 0.8983 0.4244
vn 0.2741 0.9234 0.2687
vn -0.3525 -0.5224 -0.7764
vn -0.5276 0.8321 -0.1707
vn 0.3312 -0.0005 -0.9436
vn 0.8667 0.4950 -0.0619
vn 0.3037 0.9404 -0.1531
vn 0.6280 0.7743 0.0776
vn 0.4989 -0.6746 -0.5440
vn 0.9538 -0.0588 -0.2948
vn 0.9456 0.1485 -0.2896
vn 0.3205 -0.3430 -0.8830
vn 0.3189 -0.2916 -0.9018
vn 0.1983 -0.3582 -0.9124
vn 0.9367 0.3223 -0.1367
vn -0.1877 -0.5558 -0.8098
vn -0.2651 0.7677 0.5834
vn 0.3344 0.9030 0.2699
vn -0.2588 0.7906 0.5550
vn 0.9168 -0.2438 -0.3164
vn -0.6842 0.5393 -0.4909
vn -0.6992 0.4783 -0.5313
vn -0.6989 0.7054 -0.1180
vn -0.4211 0.3559 -0.8343
vn -0.4256 0.3538 -0.8329
vn -0.2990 0.3158 -0.9005
vn 0.7810 0.2386 -0.5772
vn 0.6167 -0.0403 -0.7862
vn 0.7735 0.2315 -0.5900
vn 0.3561 0.9031 0.2400
vn 0.6589 0.7350 -0.1597
vn 0.6694 0.7392 -0.0744
vn 0.3654 -0.2703 -0.8908
vn -0.4374 0.3608 -0.8237
vn -0.3974 0.3665 -0.8413
vn 0.2347 -0.5289 -0.8156
vn 0.1968 -0.5547 -0.8084
vn -0.7277 0.6455 0.2319
vn -0.6562 0.7478 0.1011
vn -0.9952 -0.0597 -0.0772
vn -0.5585 0.8215 -0.1147
vn -0.6656 0.6079 -0.4329
vn -0.1825 0.8220 -0.5395
vn -0.4723 0.8602 -0.1925
vn -0.7553 0.0707 -0.6516
vn -0.8123 -0.1762 -0.5560
vn -0.1792 0.6599 -0.7297
vn -0.5783 0.8001 -0.1592
vn -0.5278 0.5442 -0.6521
vn 0.5776 0.8038 0.1426
vn 0.5741 -0.1612 -0.8028
vn -0.0212 0.9973 -0.0704
vn -0.8066 0.4867 -0.3356
vn -0.8119 0.4843 -0.3260
vn -0.7248 0.5630 -0.3970
vn -0.4857 0.7936 -0.3665
vn 0.7582 0.5905 -0.2766
vn 0.7973 0.2616 -0.5440
vn -0.6365 0.6239 -0.4535
vn 0.3541 0.8342 0.4227
vn -0.6071 0.7846 -0.1259
vn 0.7984 0.5840 -0.1465
vn 0.7301 0.0527 -0.6813
vn -0.7633 0.5977 -0.2452
vn -0.5391 0.8089 0.2346
vn -0.4407 0.7238 -0.5309
vn -0.6516 0.2711 -0.7085
vn 0.8348 0.3088 -0.4559
vn 0.7785 0.6185 0.1072
vn 0.8359 0.5488 0.0083
vn -0.2034 0.7340 -0.6480
vn 0.5968 0.5162 -0.6143
vn 0.3345 0.9233 0.1887
vn -0.2434 0.8377 0.4890
vn 0.5582 0.8297 -0.0021
vn 0.7703 0.4972 -0.3994
vn -0.7403 0.5315 -0.4116
vn -0.7676 -0.4855 0.4184
vn -0.8270 -0.5605 0.0429
vn -0.8004 -0.5781 0.1583
vn -0.7196 -0.2762 0.6371
vn -0.7306 -0.3388 0.5929
vn -0.7441 -0.4762 0.4685
vn -0.7970 -0.6024 -0.0440
vn -0.6818 -0.0581 0.7293
vn -0.6766 -0.7321 -0.0789
vn 0.0591 -0.4918 0.8687
vn 0.1244 -0.5635 0.8167
vn -0.1406 -0.2894 0.9468
vn 0.1507 -0.6386 0.7546
vn 0.1214 -0.7608 0.6376
vn 0.1829 -0.6341 0.7513
vn -0.3897 0.3959 0.8315
vn -0.9711 -0.1494 0.1859
vn -0.9929 -0.0515 0.1072
vn -0.9845 -0.1620 0.0671
vn 0.6094 -0.6007 -0.5175
vn 0.5686 -0.7686 0.2931
vn 0.6121 -0.7389 0.2817
vn 0.6187 -0.7722 0.1444
vn -0.2207 -0.3949 0.8918
vn -0.9371 0.0234 0.3483
vn 0.2060 -0.6130 0.7628
vn 0.5795 -0.7538 0.3098
vn -0.8152 -0.5628 0.1367
vn -0.9647 -0.0457 0.2592
vn -0.7080 -0.6745 -0.2091
vn -0.9309 -0.3085 -0.1958
vn -0.7796 -0.5353 -0.3250
vn -0.8692 0.0036 0.4945
vn -0.7117 -0.6613 -0.2370
vn -0.7891 -0.4744 0.3901
vn 0.5311 -0.7917 0.3019
vn -0.4557 -0.8860 -0.0858
vn -0.7919 -0.5987 -0.1198
vn -0.7947 -0.0508 0.6049
vn -0.8319 0.0625 0.5514
vn -0.8809 -0.1245 0.4567
vn -0.6677 -0.7141 -0.2101
vn -0.7207 -0.3702 -0.5862
vn -0.6480 -0.6882 -0.3264
vn -0.9471 -0.1723 0.2709
vn -0.9471 -0.1066 0.3026
vn -0.9454 -0.1156 0.3047
vn -0.9352 -0.0294 0.3530
vn 0.3339 -0.8583 0.3896
vn -0.6444 -0.0270 0.7642
vn -0.4136 -0.9078 0.0692
vn -0.6058 -0.0763 0.7920
vn -0.8169 -0.5531 0.1634
vn -0.5741 -0.7538 0.3197
vn -0.6325 -0.7584 -0.1572
vn -0.9380 -0.1500 0.3124
vn -0.3374 0.0958 0.9365
vn -0.5911 -0.0339 0.8059
vn -0.7499 0.2440 0.6149
vn -0.6395 -0.1796 0.7475
vn -0.6109 -0.4303 -0.6645
vn -0.6596 0.2915 0.6928
vn -0.5105 0.1431 0.8479
vn -0.1693 0.6988 0.6950
vn -0.2995 0.6160 0.7286
vn -0.2975 0.6423 0.7064
vn -0.2870 0.4988 0.8178
vn -0.6199 -0.7564 -0.2088
vn -0.8908 -0.1025 0.4427
vn -0.5556 -0.6628 -0.5020
vn 0.1121 -0.7400 0.6632
vn 0.2212 -0.9702 0.0985
vn -0.5402 -0.8145 -0.2115
vn -0.5855 0.0100 0.8106
vn -0.6217 0.0375 0.7823
vn -0.2625 -0.9393 0.2210
vn -0.3713 0.5094 0.7763
vn 0.4431 0.3496 0.8255
vn 0.5733 0.4061 0.7116
vn -0.2298 -0.9728 0.0278
vn -0.3660 -0.6609 0.6551
vn -0.6549 0.0524 0.7539
vn 0.6269 0.4276 0.6513
vn 0.0516 -0.8550 -0.5160
vn 0.0708 -0.8726 -0.4833
vn -0.4050 -0.8873 -0.2205
vn 0.2885 -0.5096 -0.8106
vn 0.5372 -0.5495 -0.6399
vn 0.6000 -0.5516 -0.5795
vn 0.7281 -0.6826 0.0619
vn -0.6790 0.0836 0.7294
vn -0.4516 -0.6471 -0.6143
vn -0.4250 -0.6303 -0.6497
vn -0.3698 -0.6143 -0.6970
vn -0.1894 -0.9819 -0.0086
vn 0.0377 -0.8415 -0.5389
vn -0.4453 -0.4956 0.7457
vn -0.6498 -0.4873 0.5833
vn -0.5177 -0.4990 0.6950
vn -0.3115 -0.4848 0.8173
vn -0.3391 -0.6003 -0.7243
vn -0.8806 0.3822 -0.2800
vn -0.9301 0.3068 -0.2019
vn -0.9154 0.4021 -0.0207
vn -0.3114 -0.5945 -0.7414
vn -0.8407 0.3625 -0.4023
vn -0.8943 0.1838 0.4080
vn -0.2273 0.9581 0.1741
vn -0.2425 0.9483 0.2046
vn -0.1789 0.9786 0.1013
vn -0.2351 -0.9692 -0.0730
vn -0.2774 -0.6833 0.6754
vn -0.4084 -0.2026 0.8900
vn -0.1421 -0.9871 0.0741
vn -0.2308 0.9513 0.2043
vn -0.5116 0.2626 0.8181
vn -0.4235 -0.1369 0.8955
vn -0.4529 -0.2394 0.8588
vn -0.3040 -0.4793 0.8233
vn -0.7313 0.5257 -0.4345
vn -0.5640 0.3722 0.7371
vn 0.5700 0.8083 0.1475
vn 0.6087 0.7161 0.3417
vn 0.6569 0.7145 0.2408
vn 0.5645 0.8152 0.1297
vn 0.4023 0.9118 0.0824
vn -0.1065 0.9942 0.0121
vn -0.9482 0.2703 0.1670
vn -0.9585 0.2562 0.1248
vn -0.9363 0.2248 0.2698
vn -0.3370 -0.1335 0.9320
vn 0.1098 0.8670 -0.4860
vn 0.1598 -0.9871 -0.0134
vn -0.2730 -0.7882 0.5516
vn -0.5311 0.8429 -0.0869
vn -0.5041 0.8619 -0.0555
vn -0.9153 0.2055 0.3464
vn -0.9019 0.1595 0.4015
vn -0.0863 0.9961 0.0193
vn 0.6148 0.6494 0.4476
vn 0.1525 -0.9851 0.0791
vn -0.4415 0.8971 0.0134
vn -0.7112 0.2162 0.6689
vn -0.5397 -0.1261 0.8324
vn -0.5357 -0.1840 0.8241
vn -0.8861 -0.0896 0.4548
vn -0.6891 0.2439 0.6824
vn -0.4784 -0.0220 0.8779
vn -0.3314 -0.2932 0.8968
vn -0.4295 -0.2335 0.8724
vn -0.4189 -0.3499 0.8379
vn -0.9954 0.0857 0.0421
vn -0.9825 -0.1060 -0.1533
vn -0.9055 -0.3148 0.2846
vn -0.8919 0.0157 0.4519
vn -0.5062 0.4733 -0.7209
vn -0.0686 0.9941 -0.0844
vn 0.0901 0.9933 -0.0725
vn -0.2116 0.9661 0.1478
vn -0.8535 -0.2446 0.4602
vn -0.6838 -0.6744 -0.2786
vn -0.6682 -0.6740 -0.3150
vn -0.7827 -0.4646 0.4141
vn -0.6978 -0.6737 -0.2433
vn 0.0579 0.0726 -0.9957
vn -0.3990 0.8934 0.2065
vn -0.3405 0.9281 0.1505
vn -0.8594 0.0474 0.5091
vn 0.2770 0.8792 -0.3877
vn 0.4167 0.7475 -0.5173
vn 0.2772 0.8791 -0.3877
vn 0.3503 0.5188 -0.7798
vn 0.3637 0.4865 -0.7944
vn 0.3925 0.4430 -0.8061
vn -0.5623 -0.4559 0.6899
vn -0.8382 -0.5029 -0.2110
vn 0.2263 0.9131 -0.3391
vn -0.4294 -0.5724 0.6985
vn -0.2719 -0.6413 -0.7175
vn 0.3485 0.5285 -0.7741
vn -0.9087 -0.4148 -0.0466
vn -0.8844 -0.4667 -0.0047
vn -0.9598 -0.2491 -0.1290
vn -0.9596 -0.1810 -0.2155
vn -0.2696 -0.7440 -0.6113
vn -0.4338 -0.8227 -0.3675
vn -0.5313 -0.4175 -0.7372
vn -0.5690 -0.5317 0.6273
vn -0.5352 0.8443 -0.0258
vn -0.1498 0.9833 -0.1033
vn -0.2089 0.8847 -0.4167
vn -0.9132 0.1556 0.3766
vn -0.8228 0.0090 0.5683
vn -0.8200 -0.0866 0.5658
vn -0.4909 0.8448 0.2128
vn -0.8518 -0.5237 0.0131
vn 0.3344 -0.2101 -0.9187
vn -0.9177 0.1277 0.3762
vn -0.5003 0.8540 0.1430
vn -0.0411 -0.9917 0.1221
vn 0.0743 -0.9693 0.2344
vn 0.0154 -0.9685 0.2484
vn 0.2611 0.6106 -0.7476
vn 0.3346 0.5545 -0.7620
vn -0.4793 -0.8437 -0.2418
vn -0.3830 -0.8311 -0.4032
vn 0.2088 0.3409 -0.9166
vn -0.7345 -0.0025 0.6786
vn 0.4392 -0.3809 -0.8136
vn -0.3967 0.2988 -0.8680
vn -0.3713 0.4960 -0.7849
vn -0.3571 0.8324 0.4238
vn -0.8026 0.1336 0.5813
vn 0.1175 0.8808 -0.4586
vn -0.1871 -0.5506 0.8135
vn -0.6386 0.0968 0.7634
vn -0.8345 0.3224 0.4469
vn -0.4010 0.2306 -0.8866
vn -0.3116 0.8635 0.3966
vn -0.0063 0.9371 -0.3490
vn -0.1466 0.9551 -0.2576
vn -0.3531 0.9028 0.2453
vn -0.5356 -0.1640 0.8284
vn -0.5615 -0.2010 0.8027
vn 0.3108 0.9038 -0.2943
vn 0.3609 0.8584 -0.3645
vn 0.5921 -0.3652 -0.7184
vn 0.5836 -0.1942 -0.7885
vn 0.5980 -0.0392 -0.8005
vn -0.1241 -0.5627 0.8173
vn 0.1556 -0.9376 0.3108
vn -0.5220 0.5494 0.6524
vn -0.4747 0.5522 0.6854
vn -0.6409 0.5672 0.5172
vn -0.1214 -0.0770 0.9896
vn -0.1285 -0.0986 0.9868
vn -0.2285 -0.7677 -0.5987
vn 0.3226 0.1304 -0.9375
vn -0.3178 0.7130 0.6250
vn 0.6652 -0.0199 -0.7464
vn 0.6736 -0.1377 -0.7262
vn 0.6271 -0.0016 -0.7789
vn -0.6396 0.0034 0.7687
vn 0.2392 -0.9522 0.1898
vn -0.3222 0.9379 -0.1284
vn -0.8711 0.4880 0.0553
vn -0.6852 0.0136 0.7282
vn -0.7360 -0.0771 0.6726
vn 0.5717 -0.1348 -0.8093
vn -0.1018 -0.0186 0.9946
vn -0.1335 -0.5836 0.8010
vn -0.9812 0.1422 0.1306
vn -0.9807 0.1948 0.0150
vn -0.9988 0.0416 -0.0266
vn -0.9537 0.2887 -0.0839
vn -0.9071 -0.4121 0.0857
vn -0.9676 0.1201 0.2219
vn -0.9704 0.1272 0.2053
vn 0.5425 0.7669 -0.3428
vn 0.5574 0.7483 -0.3596
vn 0.6022 -0.1163 -0.7898
vn 0.6095 -0.0539 -0.7910
vn -0.9404 0.2652 -0.2131
vn -0.8645 -0.0199 -0.5022
vn -0.9376 -0.0394 -0.3454
vn -0.8837 -0.0772 -0.4616
vn -0.7331 -0.5339 0.4212
vn -0.8765 0.4716 -0.0964
vn -0.7654 0.0255 -0.6431
vn -0.9433 0.1245 0.3076
vn -0.8249 0.5153 -0.2325
vn -0.8906 0.3768 -0.2546
vn -0.9590 0.1455 -0.2432
vn -0.9649 0.2543 0.0651
vn -0.9743 0.1571 -0.1612
vn -0.9277 0.0642 -0.3677
vn -0.8243 0.5288 -0.2023
vn -0.6021 -0.0133 -0.7983
vn -0.5516 -0.0322 -0.8335
vn -0.5503 -0.0278 -0.8345
vn -0.5971 0.1814 -0.7814
vn -0.6221 0.7766 -0.0989
vn -0.7719 0.5887 -0.2402
vn 0.0500 0.9987 -0.0026
vn -0.1500 0.9829 0.1072
vn -0.0398 0.9923 0.1172
vn 0.2623 -0.6184 -0.7408
vn -0.5848 0.1960 -0.7872
vn -0.5174 -0.4722 -0.7136
vn -0.7338 0.6286 -0.2577
vn -0.5370 -0.0374 -0.8428
vn -0.5553 -0.0452 -0.8304
vn -0.5226 0.8038 -0.2843
vn -0.5474 0.3150 -0.7753
vn 0.0667 0.9969 -0.0426
vn 0.3248 0.9325 0.1581
vn 0.2177 0.9485 -0.2303
vn -0.0044 0.3475 -0.9377
vn -0.1424 -0.1436 -0.9793
vn -0.6189 -0.0971 -0.7795
vn -0.9857 0.1404 -0.0932
vn -0.9701 0.2327 -0.0693
vn 0.7239 0.6229 -0.2967
vn 0.6881 0.6197 -0.3775
vn 0.7239 0.6229 -0.2966
vn 0.7413 0.6225 -0.2507
vn 0.3885 -0.0457 -0.9203
vn -0.9497 0.3095 -0.0485
vn -0.9832 0.1454 -0.1102
vn -0.9691 0.1853 -0.1628
vn -0.5879 -0.5909 0.5524
vn -0.5327 -0.6949 0.4831
vn 0.6281 -0.1374 -0.7659
vn -0.9826 0.1704 0.0741
vn -0.9993 0.0263 0.0255
vn -0.9993 0.0263 0.0256
vn -0.9614 0.0455 -0.2714
vn -0.7652 -0.5907 0.2560
vn -0.9810 0.0143 0.1935
vn -0.5774 0.1200 -0.8076
vn -0.2885 0.0172 -0.9573
vn -0.6793 0.1592 -0.7163
vn -0.8394 -0.5051 -0.2009
vn -0.3126 -0.9345 0.1702
vn -0.8866 0.1588 0.4344
vn -0.5658 -0.3325 0.7545
vn -0.7257 -0.1321 0.6752
vn -0.0616 -0.7894 -0.6108
vn -0.5130 -0.2188 0.8300
vn 0.0527 -0.9148 0.4004
vn 0.0527 -0.9148 0.4005
vn 0.1876 -0.9325 0.3085
vn -0.8963 0.2611 0.3584
vn 0.2408 -0.1067 -0.9647
vn 0.5020 -0.1695 -0.8481
vn 0.4420 -0.0740 -0.8940
vn -0.6174 0.1005 0.7802
vn -0.5950 0.2510 0.7636
vn -0.5291 0.0123 0.8485
vn 0.5070 -0.2379 -0.8285
vn -0.4365 -0.3576 0.8256
vn 0.5206 -0.7336 -0.4368
vn 0.5454 -0.6874 -0.4796
vn 0.4792 -0.8390 -0.2576
vn -0.6129 0.3657 0.7005
vn -0.2988 -0.0741 0.9514
vn 0.4543 -0.1312 -0.8811
vn -0.0345 -0.8905 0.4537
vn -0.5457 0.4356 0.7158
vn -0.8641 0.3998 -0.3059
vn 0.5300 -0.6863 -0.4980
vn 0.3400 -0.9404 0.0034
vn 0.2459 0.2127 -0.9457
vn -0.7928 0.3822 0.4748
vn -0.8232 0.3432 0.4522
vn -0.2285 0.0324 0.9730
vn -0.4602 0.5052 -0.7301
vn -0.5449 0.4973 -0.6751
vn -0.5606 0.1207 -0.8192
vn -0.5249 0.5378 -0.6598
vn -0.6135 0.4865 -0.6221
vn 0.5119 -0.7138 -0.4781
vn -0.7460 0.4351 0.5042
vn 0.5778 -0.1688 -0.7986
vn -0.9955 -0.0902 -0.0304
vn -0.9955 -0.0902 -0.0305
vn -0.9968 -0.0795 0.0076
vn -0.1863 0.1526 0.9706
vn -0.9573 -0.1489 -0.2477
vn 0.3855 0.1409 -0.9119
vn 0.4987 0.2268 -0.8366
vn 0.6328 0.0462 -0.7730
vn 0.5684 -0.3739 -0.7329
vn 0.5200 -0.2395 -0.8199
vn -0.5755 0.4981 -0.6486
vn 0.1654 0.3663 -0.9157
vn -0.9946 -0.1036 0.0065
vn -0.9419 -0.1782 -0.2847
vn -0.9626 0.0580 -0.2645
vn -0.9978 -0.0057 0.0659
vn -0.9788 0.0587 -0.1963
vn -0.9368 -0.1156 -0.3301
vn -0.9052 0.2578 -0.3379
vn -0.7345 -0.6734 -0.0839
vn -0.7708 -0.5034 -0.3905
vn -0.7639 -0.5845 -0.2736
vn -0.7622 -0.4900 -0.4230
vn -0.9580 -0.0858 -0.2737
vn -0.6987 -0.7154 -0.0108
vn -0.8574 0.3668 -0.3611
vn 0.8403 0.1505 -0.5208
vn -0.9700 0.2341 0.0659
vn -0.5714 -0.5518 -0.6075
vn -0.9953 -0.0922 -0.0289
vn -0.3333 -0.7953 -0.5063
vn -0.6796 -0.3690 -0.6340
vn -0.7542 -0.2592 -0.6034
vn -0.6795 -0.3691 -0.6340
vn -0.2620 -0.3666 -0.8927
vn -0.3345 -0.4688 -0.8175
vn -0.5154 -0.0876 -0.8525
vn -0.6603 -0.3938 -0.6395
vn -0.5158 -0.0324 -0.8561
vn -0.7554 0.0936 -0.6485
vn 0.1121 0.0391 -0.9929
vn -0.7969 0.2049 -0.5683
vn -0.9027 0.1045 -0.4173
vn -0.8660 0.0368 -0.4987
vn -0.9842 0.1673 -0.0575
vn -0.6039 -0.7944 0.0653
vn -0.6004 -0.7932 0.1017
vn -0.2641 -0.4982 -0.8259
vn -0.8497 0.1906 -0.4916
vn 0.0493 -0.2828 -0.9579
vn 0.1926 -0.1438 -0.9707
vn -0.8206 0.0046 -0.5715
vn -0.7486 -0.4415 -0.4947
vn -0.7338 -0.4326 -0.5238
vn -0.7155 -0.3679 -0.5939
vn -0.8890 0.4118 -0.2003
vn -0.6314 0.5959 -0.4962
vn -0.5012 -0.3477 -0.7924
vn -0.6373 0.4630 -0.6160
vn 0.0937 -0.3400 -0.9357
vn -0.0313 -0.2352 -0.9714
vn 0.0937 -0.3400 -0.9358
vn 0.3244 -0.5129 -0.7948
vn -0.6238 0.6767 0.3911
vn -0.6375 -0.3152 -0.7030
vn -0.0717 -0.0784 -0.9943
vn -0.6077 -0.7941 0.0079
vn -0.7195 -0.3252 -0.6136
vn -0.6860 0.4885 -0.5392
vn -0.8364 -0.2797 -0.4713
vn 0.4949 -0.1897 -0.8480
vn -0.9400 0.1547 -0.3042
vn -0.7498 0.3459 -0.5641
vn -0.7928 0.3869 -0.4710
vn -0.7497 0.3459 -0.5641
vn -0.6804 -0.2584 -0.6858
vn -0.3256 -0.4239 -0.8452
vn -0.6789 0.2853 -0.6765
vn -0.1479 -0.2435 -0.9586
vn 0.0828 -0.9805 -0.1785
vn 0.0903 -0.9836 -0.1560
vn 0.0821 -0.9777 -0.1933
vn -0.5639 -0.8197 -0.1004
vn -0.5960 -0.7205 0.3544
vn -0.6068 -0.7941 -0.0334
vn 0.0021 -0.8260 0.5637
vn -0.4932 -0.1423 -0.8582
vn -0.5409 0.5884 -0.6010
vn -0.6065 -0.1360 -0.7834
vn -0.5358 0.6779 -0.5033
vn -0.4797 0.7424 -0.4677
vn -0.7371 0.1438 -0.6604
vn -0.6657 -0.6058 -0.4357
vn -0.7683 -0.4158 -0.4867
vn -0.5512 -0.8197 -0.1559
vn 0.2661 -0.9583 -0.1038
vn -0.5235 -0.8070 -0.2732
vn 0.0850 0.3452 -0.9347
vn -0.0509 0.3115 -0.9489
vn 0.0165 0.3736 -0.9275
vn -0.3764 -0.3286 -0.8662
vn -0.3014 -0.4220 -0.8550
vn 0.1968 0.1917 -0.9615
vn 0.1918 0.1901 -0.9628
vn -0.4199 -0.8831 -0.2093
vn 0.0587 0.3685 -0.9278
vn 0.0471 0.2918 -0.9553
vn 0.0388 0.2249 -0.9736
vn 0.2548 0.3023 -0.9185
vn 0.3388 -0.9372 -0.0833
vn -0.5254 -0.8366 -0.1551
vn 0.3620 -0.3319 -0.8711
vn 0.1934 -0.2420 -0.9508
vn 0.3540 -0.3484 -0.8679
vn 0.1381 -0.1980 -0.9704
vn -0.0365 -0.1172 -0.9924
vn 0.5624 0.6354 -0.5292
vn 0.4367 0.6381 -0.6341
vn 0.4439 0.6272 -0.6400
vn 0.5800 -0.8130 -0.0508
vn 0.0864 0.4529 -0.8874
vn -0.8670 -0.4159 -0.2745
vn -0.8282 -0.5392 -0.1530
vn -0.9191 -0.3055 -0.2487
vn 0.3551 -0.3210 -0.8780
vn 0.0526 0.1712 -0.9838
vn 0.0812 0.1662 -0.9827
vn -0.4897 0.1679 -0.8556
vn -0.3929 0.0558 -0.9179
vn -0.6434 0.2054 -0.7375
vn -0.8075 -0.5739 -0.1362
vn 0.1185 0.1925 -0.9741
vn 0.0364 0.0690 -0.9970
vn -0.2999 -0.9514 -0.0705
vn 0.0815 -0.0262 -0.9963
vn -0.3404 0.1053 -0.9344
vn 0.4092 0.6220 -0.6676
vn 0.8126 0.5816 -0.0382
vn 0.7072 -0.4466 -0.5481
vn 0.5341 -0.5471 -0.6446
vn 0.7328 -0.2791 -0.6206
vn 0.5963 0.1088 -0.7953
vn -0.0500 -0.7706 -0.6354
vn 0.7048 0.0622 -0.7067
vn 0.3623 -0.2691 -0.8924
vn 0.0037 0.5261 -0.8504
vn -0.9623 -0.0232 -0.2710
vn -0.8915 0.2377 -0.3856
vn -0.9168 0.1798 -0.3565
vn -0.9329 -0.1160 -0.3410
vn -0.7796 -0.6239 -0.0544
vn 0.7622 -0.0333 -0.6465
vn 0.7210 0.0124 -0.6928
vn 0.4556 0.6088 -0.6495
vn -0.9039 -0.0578 -0.4237
vn -0.8933 0.0711 -0.4438
vn -0.8291 -0.0938 -0.5512
vn 0.7767 -0.2347 -0.5845
vn -0.9029 -0.1963 -0.3823
vn -0.7914 0.4132 -0.4505
vn -0.3372 -0.0046 -0.9414
vn -0.3412 -0.0481 -0.9388
vn -0.8007 -0.2038 -0.5633
vn -0.8232 -0.2755 -0.4965
vn -0.7395 -0.2313 -0.6321
vn -0.7759 -0.3719 -0.5095
vn -0.4691 -0.8775 -0.1002
vn -0.3236 0.1755 -0.9298
vn -0.4128 0.3715 -0.8316
vn -0.3588 0.2096 -0.9096
vn -0.3084 0.4841 -0.8189
vn -0.3349 0.1459 -0.9309
vn -0.6032 0.1298 -0.7870
vn -0.8242 0.0975 -0.5578
vn -0.8063 0.3810 -0.4524
vn -0.7137 -0.4425 -0.5430
vn -0.7059 -0.5498 -0.4466
vn 0.5356 0.0723 0.8414
vn 0.5727 0.0503 0.8182
vn 0.3669 0.0019 0.9303
vn 0.2349 -0.8726 0.4283
vn -0.8937 0.0029 0.4487
vn -0.8786 0.0462 0.4753
vn -0.9002 0.1714 0.4002
vn -0.9079 0.2547 0.3330
vn -0.8938 0.4083 0.1854
vn 0.3669 0.0649 0.9280
vn 0.5776 -0.1931 0.7931
vn -0.4753 0.3742 0.7963
vn -0.6750 -0.6174 0.4040
vn -0.6733 -0.6365 0.3762
vn -0.9128 0.3692 0.1748
vn 0.3356 0.1155 0.9349
vn 0.1226 0.2151 0.9689
vn 0.1616 0.0887 0.9829
vn -0.6720 -0.6470 0.3603
vn 0.1745 0.2579 0.9503
vn 0.2817 -0.0322 0.9590
vn 0.3008 -0.0307 0.9532
vn 0.1140 0.1287 0.9851
vn 0.4149 -0.1357 0.8997
vn -0.8888 0.1536 0.4317
vn -0.9319 0.0946 0.3501
vn -0.9015 0.1317 0.4123
vn 0.4244 0.0997 0.9000
vn -0.8661 0.1795 0.4666
vn 0.1762 -0.9590 0.2218
vn 0.0407 -0.9842 0.1721
vn 0.0409 -0.9842 0.1722
vn -0.8551 0.2053 0.4761
vn 0.8205 0.1265 0.5575
vn 0.5548 0.1692 0.8146
vn -0.0021 -0.6494 -0.7604
vn -0.3801 -0.1979 -0.9035
vn -0.3858 -0.2127 -0.8977
vn -0.3475 -0.2105 -0.9138
vn -0.1118 -0.9785 0.1735
vn -0.0933 -0.9778 0.1876
vn -0.4912 0.8121 0.3149
vn -0.5094 0.8511 0.1270
vn -0.8074 0.5886 0.0407
vn 0.5799 -0.8145 -0.0161
vn 0.4850 -0.8716 0.0713
vn 0.5799 -0.8145 -0.0160
vn 0.4832 -0.0159 0.8754
vn -0.1712 -0.3610 0.9167
vn -0.1711 -0.3612 0.9167
vn -0.2122 -0.2997 0.9301
vn 0.4021 0.4989 0.7677
vn 0.4745 0.0977 0.8748
vn -0.0384 -0.9892 0.1416
vn 0.8723 0.1742 0.4569
vn -0.1656 0.9452 0.2812
vn -0.1159 -0.4385 0.8912
vn -0.8471 0.2627 0.4620
vn -0.8896 0.1836 0.4183
vn -0.8312 0.1197 0.5429
vn -0.9671 0.1573 -0.1999
vn -0.6608 -0.7290 0.1788
vn -0.4530 -0.8498 0.2693
vn -0.8147 -0.4806 0.3245
vn -0.7193 0.0273 0.6941
vn -0.8190 0.0638 0.5702
vn -0.7638 -0.1388 -0.6304
vn -0.8193 -0.4074 0.4034
vn 0.5698 0.6194 0.5400
vn -0.3744 -0.8824 0.2850
vn -0.1104 0.8139 0.5704
vn -0.1326 -0.9786 0.1575
vn 0.4590 0.1257 0.8795
vn 0.4342 0.1318 0.8911
vn 0.0671 -0.3861 0.9200
vn -0.0267 -0.0708 0.9971
vn -0.0018 -0.4632 0.8862
vn 0.6784 -0.7248 -0.1202
vn -0.3593 -0.1827 -0.9152
vn -0.2674 0.9624 -0.0469
vn -0.1389 -0.9553 0.2610
vn 0.0582 -0.9982 0.0145
vn 0.8427 -0.0026 0.5384
vn 0.8489 0.0817 0.5221
vn -0.2842 0.2681 0.9205
vn 0.9128 0.0998 0.3961
vn 0.9706 -0.2277 0.0784
vn -0.3169 -0.1862 -0.9300
vn 0.6637 -0.7421 -0.0936
vn 0.7076 -0.7038 -0.0629
vn -0.4599 -0.1405 -0.8768
vn 0.6798 0.6101 -0.4070
vn 0.7034 0.5986 -0.3833
vn -0.8167 -0.2435 0.5231
vn -0.8911 -0.2875 0.3512
vn 0.1354 0.4178 0.8984
vn -0.2518 0.2703 0.9293
vn -0.2680 0.9522 -0.1463
vn -0.3259 0.9214 -0.2116
vn 0.5694 0.1767 0.8028
vn -0.6960 -0.1829 0.6944
vn 0.6249 -0.7716 -0.1189
vn 0.8827 -0.1038 -0.4583
vn 0.8868 -0.0965 -0.4519
vn 0.5236 0.1273 0.8424
vn 0.6675 0.6157 -0.4188
vn -0.0575 0.9933 0.1000
vn 0.0927 0.8647 0.4937
vn 0.8778 -0.1123 -0.4656
vn 0.4614 -0.2322 0.8563
vn 0.4397 -0.5549 0.7062
vn 0.5353 -0.5489 0.6420
vn 0.5544 0.2387 0.7973
vn 0.4691 0.4687 0.7485
vn 0.4745 0.4335 0.7661
vn -0.1850 0.3029 0.9349
vn 0.6643 -0.5567 0.4987
vn 0.9861 0.1119 0.1228
vn 0.3822 -0.9202 0.0849
vn 0.1239 -0.9850 -0.1198
vn 0.2056 -0.9718 -0.1155
vn 0.0737 -0.9261 -0.3701
vn 0.7917 -0.1956 0.5788
vn 0.0026 0.9809 0.1947
vn 0.4931 0.5813 0.6473
vn 0.5988 0.4496 0.6628
vn 0.0842 -0.9099 -0.4062
vn 0.6156 0.7368 0.2795
vn 0.5759 0.7836 0.2330
vn 0.5759 0.7836 0.2331
vn 0.7958 -0.5273 0.2977
vn 0.7959 -0.5273 0.2975
vn 0.9153 0.1110 0.3873
vn 0.7027 -0.6784 0.2143
vn 0.7029 -0.6783 0.2142
vn 0.9059 0.1035 0.4106
vn 0.5018 0.8515 0.1521
vn 0.4861 0.3229 0.8121
vn 0.8657 -0.4969 0.0605
vn 0.9155 0.1010 0.3893
vn 0.9149 0.0553 0.3999
vn 0.4665 0.5221 -0.7139
vn 0.4666 0.5221 -0.7139
vn 0.5244 0.6059 -0.5982
vn 0.3930 0.4196 -0.8182
vn 0.0363 -0.9954 0.0887
vn 0.0364 -0.9954 0.0887
vn -0.0183 -0.9928 0.1186
vn 0.7810 0.1823 -0.5974
vn 0.7810 0.1823 -0.5973
vn 0.8669 0.2630 -0.4235
vn 0.6939 0.1164 -0.7106
vn 0.0867 -0.9944 0.0608
vn 0.2719 -0.7880 -0.5524
vn 0.7663 0.6223 0.1598
vn 0.7379 0.6356 0.2268
vn 0.7874 0.6081 0.1013
vn -0.5626 -0.5291 -0.6353
vn -0.0076 0.1066 -0.9943
vn 0.0838 -0.9765 0.1985
vn -0.2082 0.3022 0.9302
vn 0.2230 0.5407 0.8111
vn -0.1638 0.3871 0.9074
vn 0.0601 -0.9094 -0.4116
vn 0.0736 -0.9144 -0.3980
vn 0.1587 -0.9088 -0.3859
vn 0.9901 0.1301 -0.0524
vn 0.2570 0.7055 0.6604
vn 0.5325 -0.6547 -0.5365
vn -0.6558 -0.4187 -0.6281
vn 0.1882 -0.9052 -0.3810
vn 0.9361 0.2886 0.2008
vn 0.9589 0.2473 0.1394
vn 0.8177 0.5134 0.2604
vn 0.7042 0.5911 0.3933
vn 0.6030 0.7225 0.3383
vn 0.8414 0.5088 0.1823
vn 0.7901 0.5379 0.2941
vn -0.2890 -0.1478 0.9459
vn -0.2985 -0.3133 0.9015
vn -0.2652 -0.3033 0.9153
vn 0.7764 -0.0651 0.6269
vn 0.4665 -0.8408 -0.2746
vn -0.0397 -0.5065 -0.8613
vn -0.0042 -0.5632 -0.8263
vn -0.0066 -0.5489 -0.8359
vn -0.7154 -0.4648 -0.5217
vn 0.8616 0.4594 -0.2159
vn 0.9030 0.2343 -0.3602
vn 0.7407 0.6209 0.2565
vn 0.7050 0.6221 0.3405
vn -0.4856 -0.8360 -0.2555
vn 0.0676 -0.6678 -0.7413
vn -0.6449 -0.3666 -0.6706
vn 0.5397 0.8055 0.2447
vn 0.5216 0.8106 0.2662
vn 0.6993 0.5386 0.4700
vn 0.8755 -0.4281 -0.2240
vn 0.7299 -0.4514 0.5133
vn 0.5581 -0.5790 -0.5944
vn -0.1321 -0.3266 0.9359
vn 0.4469 -0.0288 -0.8941
vn 0.5891 0.0407 -0.8071
vn 0.7334 -0.0228 -0.6794
vn 0.4188 -0.0358 -0.9074
vn 0.3682 -0.8319 -0.4152
vn 0.8229 0.4907 0.2866
vn 0.4651 -0.1759 -0.8676
vn 0.8309 0.4708 0.2966
vn -0.3332 -0.1646 0.9284
vn -0.2801 -0.0557 0.9584
vn -0.8055 -0.5909 0.0443
vn -0.7146 -0.6892 0.1201
vn -0.7071 -0.6346 0.3118
vn 0.0442 0.1782 0.9830
vn 0.7470 -0.6284 -0.2170
vn 0.9159 0.1087 -0.3864
vn 0.9351 0.1104 -0.3369
vn 0.8297 0.5356 -0.1574
vn 0.8417 0.4694 0.2667
vn 0.7755 0.5892 0.2269
vn 0.8867 0.4095 0.2147
vn 0.9132 -0.1055 -0.3936
vn -0.6617 -0.5373 0.5230
vn -0.6607 -0.5433 0.5180
vn -0.6577 -0.6957 0.2888
vn 0.8461 0.0477 -0.5309
vn 0.9733 -0.0854 0.2131
vn -0.1850 -0.9752 -0.1211
vn -0.1268 -0.9910 -0.0428
vn -0.1179 -0.9928 0.0194
vn 0.5090 0.8137 0.2808
vn 0.5084 0.4947 0.7048
vn 0.5722 0.7530 -0.3251
vn 0.2438 0.1048 0.9641
vn 0.2551 0.0839 0.9633
vn -0.0532 -0.9874 0.1493
vn -0.0517 -0.9130 0.4047
vn 0.2147 0.1572 0.9639
vn 0.8616 0.4594 -0.2158
vn 0.3419 0.3320 -0.8791
vn 0.3054 0.3515 -0.8850
vn 0.3822 0.2671 -0.8846
vn 0.2586 0.1582 -0.9529
vn 0.1199 0.2860 -0.9507
vn 0.4233 0.3500 -0.8357
vn 0.5440 0.5633 -0.6219
vn 0.5466 0.5783 -0.6056
vn 0.5440 0.5634 -0.6218
vn 0.5623 0.3511 -0.7487
vn 0.2021 0.1834 -0.9620
vn -0.7905 0.5831 -0.1876
vn -0.7117 0.5974 -0.3696
vn -0.7029 0.6092 -0.3671
vn 0.4329 -0.0252 -0.9011
vn 0.3954 -0.5579 -0.7297
vn 0.4399 -0.7354 -0.5155
vn 0.4399 -0.7353 -0.5155
vn 0.5409 0.5472 -0.6388
vn -0.8273 0.3964 -0.3981
vn -0.6398 0.5934 -0.4884
vn 0.4476 -0.7872 -0.4243
vn -0.5366 0.2406 -0.8088
vn -0.5573 -0.1740 -0.8119
vn -0.7309 -0.1708 -0.6608
vn -0.5626 -0.4530 -0.6916
vn 0.6606 0.3852 -0.6443
vn 0.0902 0.2328 0.9683
vn 0.0910 0.3082 0.9470
vn 0.0902 0.2329 0.9683
vn 0.4147 0.8192 0.3961
vn 0.3427 0.8041 0.4858
vn -0.3293 -0.7903 -0.5168
vn 0.0898 0.2023 0.9752
vn -0.6250 0.0851 -0.7759
vn -0.5708 0.0514 -0.8195
vn -0.5155 -0.0370 -0.8561
vn 0.7693 -0.2231 -0.5986
vn 0.9242 -0.2296 0.3051
vn 0.5762 0.3241 -0.7503
vn 0.4627 -0.8831 -0.0777
vn 0.3246 -0.9368 -0.1302
vn 0.3247 -0.9368 -0.1302
vn -0.6062 0.1021 -0.7887
vn 0.5269 0.2632 -0.8081
vn -0.4781 -0.5334 -0.6978
vn -0.4216 -0.6701 -0.6109
vn -0.4196 -0.5672 -0.7087
vn 0.8903 0.4234 -0.1676
vn 0.8860 0.4345 -0.1621
vn 0.5293 -0.3951 0.7508
vn 0.4489 -0.2034 0.8701
vn 0.4303 -0.2979 0.8521
vn 0.1875 0.8177 -0.5442
vn 0.4373 0.8218 0.3653
vn -0.3692 -0.5323 -0.7618
vn -0.4090 -0.4519 -0.7928
vn -0.3956 -0.5800 -0.7121
vn 0.1018 0.2308 -0.9677
vn 0.8294 0.3877 -0.4022
vn 0.8130 0.3439 -0.4699
vn 0.8952 0.4102 -0.1742
vn 0.5102 -0.0130 0.8600
vn 0.4272 -0.0985 0.8988
vn 0.8121 0.0432 -0.5819
vn 0.6092 -0.7929 0.0131
vn -0.0874 0.9962 0.0043
vn -0.0935 0.9937 -0.0613
vn 0.0527 0.9679 0.2456
vn -0.1342 0.4195 -0.8978
vn -0.2640 0.3149 -0.9117
vn 0.3885 -0.1558 0.9082
vn 0.8258 0.2311 -0.5145
vn 0.2330 -0.5609 0.7944
vn -0.2924 0.9314 -0.2170
vn -0.4576 -0.0947 -0.8841
vn -0.5700 -0.1759 -0.8026
vn 0.2726 -0.9506 -0.1485
vn -0.4602 0.4973 -0.7354
vn -0.4699 0.0291 -0.8822
vn 0.2732 0.8594 0.4322
vn -0.3428 -0.2392 -0.9084
vn 0.0559 -0.9078 -0.4156
vn 0.3428 0.2099 -0.9157
vn 0.5070 0.3262 -0.7978
vn 0.6542 0.2009 -0.7292
vn 0.0245 0.2722 -0.9619
vn -0.3274 0.0687 -0.9424
vn -0.2696 0.2041 -0.9411
vn 0.8319 0.1365 -0.5379
vn 0.7958 0.4076 -0.4478
vn -0.6468 -0.3723 -0.6656
vn -0.6177 -0.7585 -0.2076
vn -0.5337 -0.7942 -0.2906
vn -0.4837 -0.7674 0.4208
vn -0.4720 -0.7790 0.4128
vn -0.5575 0.1084 -0.8230
vn -0.3526 0.0794 -0.9324
vn -0.6354 0.0869 -0.7673
vn 0.8963 0.0580 -0.4397
vn -0.5327 0.4180 -0.7359
vn -0.5232 -0.7428 0.4178
vn -0.1790 0.2334 -0.9558
vn 0.9446 0.0595 -0.3227
vn -0.4103 -0.1796 -0.8941
vn 0.0034 -0.9254 0.3790
vn -0.3906 0.9016 -0.1861
vn -0.1902 -0.9548 -0.2286
vn -0.3843 0.9017 -0.1981
vn -0.1590 0.4643 0.8713
vn 0.1019 0.4170 -0.9032
vn 0.3593 -0.2672 0.8942
vn -0.0887 -0.2552 -0.9628
vn -0.1093 -0.2435 -0.9637
vn 0.4567 -0.0553 0.8879
vn 0.6582 0.6408 0.3950
vn 0.3168 0.7328 -0.6022
vn 0.4178 0.8064 -0.4185
vn 0.2677 0.6370 -0.7229
vn -0.1680 0.1283 -0.9774
vn 0.4181 0.2158 0.8824
vn 0.4052 0.2825 0.8695
vn 0.3888 0.4025 0.8288
vn 0.8315 0.4390 -0.3404
vn 0.5368 0.0563 0.8418
vn -0.8031 0.5761 0.1523
vn 0.7255 0.6879 0.0208
vn 0.6423 0.7648 0.0500
vn 0.7599 0.6500 0.0068
vn 0.6662 0.6762 -0.3144
vn 0.5728 0.7563 -0.3161
vn 0.5719 0.7554 -0.3199
vn -0.2277 0.2613 0.9380
vn -0.8774 0.4496 -0.1673
vn -0.4453 -0.8039 0.3943
vn 0.2525 -0.2167 0.9430
vn 0.2156 -0.0669 0.9742
vn 0.2155 -0.0669 0.9742
vn 0.1560 -0.0469 0.9866
vn 0.4303 0.1024 0.8969
vn 0.4356 0.0999 0.8946
vn 0.3977 0.2497 -0.8829
vn 0.3963 0.0683 -0.9156
vn 0.3919 0.2530 -0.8845
vn 0.8260 0.5633 -0.0217
vn 0.6335 -0.6242 0.4573
vn 0.1891 -0.1778 0.9657
vn -0.4047 -0.8235 -0.3976
vn -0.1449 -0.8977 -0.4160
vn 0.8254 0.5641 -0.0228
vn 0.0749 0.3448 -0.9357
vn 0.2603 -0.0819 0.9621
vn 0.3697 -0.2003 -0.9073
vn 0.3681 -0.2018 -0.9076
vn 0.4009 0.0224 -0.9159
vn 0.6268 0.7246 -0.2864
vn 0.8056 0.4829 -0.3433
vn 0.8302 0.3686 -0.4182
vn 0.8053 0.4150 -0.4234
vn 0.6945 0.3300 -0.6393
vn -0.4718 -0.7792 0.4126
vn -0.1907 -0.1863 -0.9638
vn 0.4438 0.0285 0.8957
vn 0.3217 -0.1782 0.9299
vn 0.2769 -0.0639 0.9588
vn 0.2956 -0.1405 0.9449
vn -0.7259 0.4426 -0.5265
vn -0.1457 -0.1256 -0.9813
vn -0.1787 -0.0373 -0.9832
vn -0.0535 -0.2456 -0.9679
vn -0.1999 0.1168 -0.9728
vn -0.3351 0.0357 -0.9415
vn -0.5829 -0.3648 -0.7261
vn -0.5939 -0.4255 -0.6828
vn -0.4053 -0.9109 -0.0779
vn -0.2204 0.0357 -0.9748
vn 0.6656 -0.6007 -0.4428
vn -0.1690 -0.4364 -0.8838
vn 0.0171 -0.2082 -0.9779
vn -0.0979 -0.3948 -0.9135
vn 0.1161 -0.3589 0.9261
vn -0.0884 0.1794 -0.9798
vn 0.6460 -0.6527 0.3958
vn 0.6894 -0.6366 0.3456
vn -0.2717 -0.5679 0.7770
vn -0.2435 -0.5557 0.7949
vn 0.3423 -0.3761 0.8610
vn -0.1857 -0.5290 0.8281
vn -0.6023 -0.4912 -0.6293
vn 0.1509 -0.1494 0.9772
vn 0.3052 -0.0031 -0.9523
vn 0.3027 0.1579 -0.9399
vn 0.5769 -0.6708 0.4660
vn 0.2345 -0.0542 0.9706
vn -0.0051 -0.9728 0.2315
vn -0.1982 0.0172 -0.9800
vn 0.9791 0.1807 0.0935
vn 0.9920 0.1232 0.0263
vn 0.9341 0.3549 -0.0380
vn -0.8142 -0.4238 0.3968
vn -0.6654 0.0741 -0.7428
vn 0.4435 0.0288 0.8958
vn 0.0260 -0.9438 0.3294
vn -0.5018 -0.5866 -0.6356
vn -0.9204 -0.0508 -0.3878
vn -0.0289 -0.5112 0.8590
vn 0.6007 -0.1066 0.7924
vn 0.3531 -0.1787 0.9184
vn 0.7267 -0.0601 -0.6843
vn 0.9986 0.0496 0.0190
vn 0.9730 -0.0904 -0.2123
vn 0.9689 -0.1084 -0.2224
vn 0.5362 -0.0409 0.8431
vn -0.1550 0.0577 -0.9862
vn -0.1920 0.1662 -0.9672
vn -0.2199 0.3645 -0.9049
vn 0.1928 -0.9799 -0.0508
vn 0.6056 -0.7444 -0.2813
vn 0.6567 -0.6800 -0.3260
vn 0.6231 -0.6910 -0.3663
vn 0.2085 0.5853 -0.7835
vn 0.5943 0.6303 -0.4995
vn -0.2016 0.0040 -0.9795
vn 0.8204 0.2073 0.5329
vn -0.1115 -0.3470 -0.9312
vn -0.1637 -0.0423 -0.9856
vn -0.0954 -0.0982 -0.9906
vn 0.4257 0.1200 0.8969
vn 0.4177 -0.0495 0.9072
vn 0.5915 -0.7737 -0.2268
vn -0.0418 -0.4138 0.9094
vn 0.6530 0.3583 0.6672
vn 0.6389 0.3770 0.6706
vn 0.7417 0.4476 0.4995
vn 0.4565 -0.8752 -0.1604
vn 0.1268 -0.2090 0.9697
vn -0.1405 -0.5980 0.7891
vn 0.7164 0.6407 -0.2761
vn 0.7606 0.5751 -0.3013
vn 0.7721 0.4754 0.4218
vn 0.5925 0.5216 -0.6138
vn -0.0976 -0.0914 -0.9910
vn -0.1365 -0.0620 -0.9887
vn 0.0198 -0.5346 0.8449
vn 0.8932 0.4119 0.1803
vn -0.3777 -0.9227 -0.0769
vn 0.6967 0.3963 -0.5980
vn -0.1138 -0.2203 0.9688
vn -0.0314 -0.0134 -0.9994
vn -0.6386 -0.4505 0.6239
vn 0.8932 0.3193 -0.3166
vn 0.7326 -0.0142 0.6806
vn 0.6820 -0.0168 0.7311
vn 0.5740 -0.0603 0.8167
vn 0.8702 0.0381 0.4913
vn 0.6713 0.1389 -0.7280
vn 0.9894 0.0089 0.1446
vn -0.2043 -0.5908 -0.7805
vn 0.4923 0.5706 -0.6574
vn -0.8340 0.4872 0.2590
vn -0.9750 -0.0918 0.2025
vn -0.9191 -0.0610 0.3893
vn -0.9406 -0.1279 0.3145
vn -0.8822 -0.2868 0.3734
vn -0.7950 0.0719 -0.6024
vn -0.8079 -0.2433 -0.5367
vn -0.8527 0.1217 -0.5081
vn -0.6714 0.5117 0.5361
vn -0.8507 -0.5224 -0.0587
vn -0.5321 -0.8363 -0.1319
vn -0.8017 -0.2759 -0.5303
vn -0.7412 -0.3815 -0.5523
vn -0.7228 -0.2998 -0.6227
vn -0.8709 -0.2036 0.4473
vn -0.8684 0.0607 0.4921
vn -0.7643 0.5676 0.3060
vn -0.7078 0.2406 -0.6641
vn -0.6941 0.2397 -0.6788
vn -0.2921 -0.8935 -0.3412
vn -0.0609 -0.9304 -0.3615
vn -0.4440 -0.8960 0.0020
vn -0.8261 -0.3716 0.4236
vn -0.8243 0.5589 0.0903
vn -0.2658 -0.0912 -0.9597
vn -0.2687 -0.0716 -0.9606
vn -0.2751 -0.0130 -0.9613
vn -0.3121 0.1076 0.9439
vn -0.4382 0.4335 0.7875
vn -0.8150 0.5539 0.1699
vn -0.7481 0.5145 0.4192
vn -0.8607 0.4823 0.1630
vn -0.2381 -0.2964 -0.9249
vn -0.7064 0.6662 0.2393
vn -0.6513 0.6912 0.3131
vn -0.6822 0.6879 0.2478
vn -0.5655 0.5285 0.6331
vn 0.0777 -0.6515 -0.7546
vn 0.0663 -0.5541 -0.8298
vn -0.5719 0.7141 0.4036
vn 0.0747 -0.9658 -0.2482
vn -0.5275 0.2746 0.8040
vn -0.4518 0.1998 0.8695
vn -0.5122 -0.2375 0.8254
vn 0.1089 -0.6561 -0.7468
vn -0.7232 0.6844 -0.0930
vn -0.8822 0.4642 0.0793
vn 0.2164 -0.6205 -0.7538
vn -0.9683 0.2498 0.0018
vn -0.9886 -0.0966 0.1153
vn -0.9711 0.1208 0.2060
vn -0.7833 -0.6216 0.0035
vn -0.8208 -0.5617 -0.1037
vn 0.3157 -0.5430 -0.7781
vn -0.9023 -0.2144 0.3740
vn -0.4511 0.6544 0.6069
vn -0.8156 -0.5685 -0.1076
vn -0.2172 0.2552 0.9422
vn -0.0459 0.9858 0.1615
vn 0.0330 0.9994 -0.0057
vn -0.1534 0.9852 0.0763
vn 0.1944 -0.8841 -0.4250
vn -0.9749 0.2223 -0.0103
vn 0.1551 0.9702 0.1859
vn -0.6165 -0.7842 0.0709
vn -0.5997 -0.7904 0.1251
vn -0.9914 0.0705 0.1104
vn 0.0403 0.3694 0.9284
vn 0.0270 0.3737 0.9271
vn 0.0419 0.3726 0.9270
vn 0.2761 0.9545 -0.1124
vn -0.7962 0.1140 0.5942
vn -0.0287 -0.9571 -0.2884
vn 0.1264 -0.9666 -0.2228
vn 0.0993 -0.9695 -0.2242
vn 0.2084 0.9446 -0.2537
vn -0.5578 -0.8140 0.1624
vn -0.6623 0.0479 0.7477
vn -0.2355 -0.8175 0.5255
vn -0.2011 -0.8312 0.5184
vn 0.7720 -0.0719 0.6316
vn 0.0540 0.3649 0.9295
vn 0.0253 0.3403 0.9400
vn 0.0557 0.8344 0.5484
vn -0.0575 0.0020 0.9983
vn -0.2391 -0.7867 0.5691
vn -0.0294 -0.9507 -0.3086
vn -0.5004 -0.8524 0.1519
vn -0.8648 0.0999 0.4921
vn -0.8877 0.0954 0.4505
vn -0.9099 0.0554 0.4112
vn -0.9290 0.0203 0.3696
vn -0.8496 0.0674 0.5231
vn -0.3212 -0.7777 0.5403
vn -0.5430 0.0150 0.8396
vn 0.1693 0.6331 0.7553
vn -0.4516 0.5164 0.7276
vn -0.2250 0.3873 0.8941
vn -0.2223 0.5270 0.8203
vn 0.1818 0.2137 0.9598
vn -0.1528 -0.9260 -0.3451
vn 0.7408 0.6469 0.1811
vn -0.0787 0.0805 0.9936
vn -0.4267 0.0785 0.9010
vn -0.7385 0.0880 0.6685
vn -0.2853 -0.1106 0.9520
vn 0.7345 -0.6658 0.1315
vn 0.7432 -0.6444 0.1801
vn 0.7576 -0.6323 0.1619
vn 0.6146 0.7625 0.2023
vn -0.1630 -0.9375 -0.3075
vn 0.7739 -0.6175 0.1404
vn -0.0642 -0.0497 0.9967
vn 0.8058 -0.5438 0.2346
vn 0.8158 0.5733 -0.0768
vn 0.3830 0.2981 0.8743
vn 0.8244 -0.1821 0.5359
vn -0.2176 -0.0967 0.9712
vn -0.4214 0.0989 0.9015
vn 0.8964 -0.1656 -0.4111
vn 0.8964 -0.1657 -0.4111
vn 0.0812 -0.0448 0.9957
vn -0.5452 -0.4911 0.6794
vn -0.5738 -0.5092 0.6415
vn -0.5451 -0.4911 0.6795
vn -0.3998 -0.9166 -0.0001
vn -0.5888 -0.8075 -0.0363
vn 0.9774 0.0688 -0.2000
vn -0.1397 -0.9892 0.0445
vn -0.1222 0.4327 0.8932
vn -0.2971 -0.0678 0.9524
vn -0.4430 -0.0590 0.8946
vn -0.3870 -0.1612 0.9079
vn 0.8975 0.2794 0.3413
vn 0.3489 -0.6016 0.7186
vn 0.9180 0.2202 0.3299
vn 0.9037 0.3981 -0.1577
vn -0.2768 -0.0240 0.9606
vn -0.1334 0.3086 0.9418
vn -0.4867 -0.4532 0.7468
vn -0.2912 0.1087 0.9505
vn -0.2908 -0.9566 0.0192
vn -0.2899 0.0488 0.9558
vn 0.5837 -0.3903 0.7120
vn 0.5320 -0.4457 0.7200
vn -0.0775 0.6642 0.7435
vn -0.2505 -0.8457 0.4713
vn -0.2466 -0.8762 0.4140
vn 0.0934 -0.7191 0.6886
vn -0.2532 -0.8130 0.5243
vn -0.1671 -0.1162 0.9791
vn 0.0450 0.3200 0.9464
vn 0.0275 0.4883 0.8722
vn 0.0698 0.0268 0.9972
vn 0.6757 -0.2744 0.6842
vn -0.9098 -0.0279 -0.4141
vn -0.9755 0.1777 -0.1298
vn -0.6689 -0.7339 0.1181
vn -0.6258 -0.7421 0.2403
vn -0.8866 0.4621 0.0191
vn -0.5644 0.0001 0.8255
vn -0.5849 -0.4711 0.6603
vn -0.2321 -0.8409 0.4888
vn 0.8022 -0.2981 -0.5172
vn 0.0069 -0.9849 -0.1727
vn -0.5187 -0.1828 0.8352
vn 0.1713 -0.9626 -0.2101
vn -0.6857 0.2707 -0.6757
vn -0.6906 0.2551 -0.6768
vn -0.6255 0.2456 -0.7406
vn -0.4641 0.0185 0.8856
vn -0.4703 0.0105 0.8824
vn 0.3549 0.9248 0.1369
vn 0.2785 0.9594 -0.0451
vn 0.2379 0.9473 -0.2147
vn -0.8732 0.4466 -0.1949
vn -0.8940 0.4243 -0.1442
vn -0.9427 0.3200 0.0940
vn -0.8594 0.5086 0.0530
vn -0.6663 0.4299 -0.6093
vn -0.8019 0.4840 -0.3502
vn -0.8161 -0.3686 -0.4451
vn -0.7468 -0.2084 -0.6315
vn -0.7524 -0.3354 -0.5669
vn 0.5476 -0.0904 -0.8318
vn 0.5256 -0.1079 -0.8439
vn 0.5887 -0.1057 -0.8014
vn -0.7877 0.4829 -0.3826
vn -0.4185 0.6341 0.6502
vn -0.5088 0.5260 0.6815
vn -0.4205 0.6133 0.6686
vn 0.5151 -0.1752 -0.8390
vn -0.7503 -0.5904 -0.2973
vn -0.0390 -0.8592 0.5101
vn 0.1331 0.8846 -0.4469
vn -0.2894 0.9569 -0.0247
vn -0.2441 0.9652 0.0934
vn -0.0356 0.9759 0.2152
vn -0.5870 0.3275 -0.7404
vn -0.3509 -0.9238 -0.1533
vn -0.2795 -0.9433 -0.1790
vn -0.3039 -0.9502 0.0695
vn -0.8713 -0.1965 -0.4496
vn -0.1584 0.3773 -0.9124
vn -0.3467 0.5277 -0.7755
vn -0.3770 0.3429 -0.8604
vn -0.9422 0.1373 -0.3056
vn -0.9891 0.1461 -0.0165
vn 0.5113 -0.1352 -0.8487
vn -0.4897 0.4171 0.7657
vn -0.9208 0.1281 -0.3684
vn -0.3878 -0.9058 -0.1707
vn 0.4589 -0.0543 -0.8868
vn -0.2788 -0.9188 0.2795
vn -0.2331 -0.9527 -0.1949
vn 0.3035 -0.9513 0.0548
vn 0.2609 -0.9556 0.1369
vn 0.2399 -0.9609 0.1382
vn -0.2920 0.2973 -0.9090
vn -0.3895 0.1444 -0.9096
vn -0.3941 0.2656 -0.8798
vn -0.6540 0.2687 -0.7071
vn 0.2886 -0.9569 0.0336
vn -0.7480 -0.0610 0.6609
vn -0.7025 -0.0899 0.7060
vn -0.6248 0.2077 -0.7527
vn 0.2973 0.7938 -0.5305
vn 0.2194 0.8975 -0.3826
vn -0.2635 -0.9631 0.0552
vn -0.5941 0.3622 -0.7182
vn -0.7134 0.4254 -0.5569
vn -0.8834 0.3087 -0.3526
vn -0.8063 0.2260 -0.5466
vn -0.7418 0.2057 -0.6383
vn -0.4938 -0.0206 0.8693
vn -0.9415 0.0424 -0.3344
vn -0.3123 -0.1914 -0.9305
vn -0.9378 0.2169 -0.2711
vn -0.5544 -0.0631 -0.8299
vn -0.1448 -0.4955 -0.8565
vn -0.4057 -0.4575 -0.7913
vn -0.2331 -0.3714 -0.8987
vn -0.5078 -0.1916 -0.8399
vn -0.5437 0.2281 -0.8077
vn -0.5316 0.2270 0.8160
vn -0.6638 0.7430 0.0863
vn -0.3997 0.9059 -0.1398
vn 0.0344 -0.9536 -0.2990
vn -0.8208 -0.0078 0.5712
vn -0.5158 -0.4177 -0.7480
vn 0.1767 -0.9602 0.2164
vn 0.4947 -0.0501 -0.8676
vn -0.3613 0.9000 -0.2438
vn -0.3012 -0.1347 -0.9440
vn 0.4654 -0.1063 -0.8787
vn 0.3225 0.7263 -0.6070
vn 0.1561 -0.9647 0.2122
vn 0.5762 -0.7961 0.1848
vn -0.4838 0.6816 -0.5489
vn -0.4749 0.4013 0.7832
vn -0.4050 0.3263 0.8541
vn -0.2291 -0.5562 0.7989
vn -0.6511 0.6228 -0.4339
vn -0.6343 0.6359 -0.4396
vn -0.3977 0.4482 -0.8006
vn -0.2167 0.3642 -0.9058
vn -0.1011 -0.4550 -0.8847
vn -0.2065 -0.1794 -0.9619
vn -0.1408 0.3978 -0.9066
vn 0.6379 0.5315 -0.5573
vn 0.0499 0.8275 -0.5592
vn 0.7046 0.2911 -0.6471
vn -0.6658 0.6653 -0.3377
vn 0.6902 0.6749 -0.2611
vn -0.0914 -0.9807 -0.1728
vn -0.0721 -0.8945 -0.4412
vn 0.1387 -0.9048 -0.4027
vn -0.8666 -0.1952 0.4593
vn -0.2496 0.0843 -0.9647
vn -0.2966 0.5324 -0.7929
vn -0.4097 0.5800 -0.7041
vn -0.0278 0.4294 -0.9027
vn 0.3389 -0.7414 -0.5791
vn -0.2862 0.3829 -0.8783
vn -0.2952 0.3072 -0.9047
vn -0.0166 -0.5885 -0.8083
vn -0.4448 -0.8238 -0.3514
vn 0.4233 -0.7186 -0.5517
vn -0.6350 -0.6963 0.3346
vn -0.6409 -0.6994 0.3164
vn 0.0028 0.4517 -0.8922
vn -0.6227 -0.6897 0.3696
vn -0.0218 0.4336 -0.9008
vn -0.5138 -0.8183 -0.2576
vn 0.4657 -0.5730 -0.6743
vn 0.2126 0.2654 -0.9404
vn -0.2681 -0.8936 -0.3599
vn -0.2119 -0.8597 -0.4647
vn -0.0831 -0.7453 -0.6615
vn 0.5468 -0.7921 0.2711
vn 0.2374 0.3351 -0.9118
vn -0.9389 0.1862 -0.2895
vn -0.7023 0.0590 -0.7094
vn -0.5129 -0.1098 -0.8514
vn -0.8957 0.4410 -0.0573
vn -0.8802 0.4681 -0.0780
vn -0.8555 0.5168 -0.0326
vn -0.7726 0.6347 -0.0143
vn 0.1316 0.1141 -0.9847
vn 0.1652 0.1270 -0.9780
vn 0.1775 -0.0411 -0.9833
vn -0.3437 0.0694 0.9365
vn -0.4819 0.0026 0.8762
vn -0.4210 -0.1055 0.9009
vn -0.6498 0.7598 -0.0218
vn -0.5667 0.5483 -0.6149
vn -0.5707 0.5557 -0.6045
vn -0.0231 -0.3648 0.9308
vn -0.1461 -0.2979 0.9434
vn -0.3152 -0.2371 0.9189
vn 0.3468 -0.5707 0.7443
vn -0.4281 -0.0950 0.8987
vn -0.5856 0.8101 -0.0296
vn 0.5043 -0.8320 0.2313
vn 0.6534 -0.7422 0.1490
vn 0.5468 -0.8095 0.2137
vn -0.5771 0.5676 -0.5871
vn -0.5221 0.2688 0.8094
vn 0.0425 -0.4614 0.8862
vn -0.0055 -0.4828 0.8757
vn -0.1351 -0.3597 0.9232
vn 0.2799 0.0327 -0.9595
vn 0.0596 0.0281 -0.9978
vn 0.2379 0.1155 -0.9644
vn 0.0067 -0.1484 -0.9889
vn -0.2761 0.1929 0.9416
vn 0.4765 -0.5476 -0.6878
vn -0.6213 -0.0192 0.7833
vn -0.5415 -0.0018 0.8407
vn 0.0794 0.4502 -0.8894
vn -0.4819 0.8755 -0.0365
vn -0.5641 -0.7329 -0.3803
vn -0.1752 -0.5811 0.7948
vn 0.0365 -0.1888 -0.9813
vn 0.2222 -0.9114 0.3464
vn 0.0288 -0.2101 -0.9773
vn -0.1387 -0.5348 0.8335
vn 0.5368 0.0876 -0.8391
vn -0.4660 0.8514 -0.2407
vn 0.0878 0.0340 0.9956
vn -0.2147 -0.0778 0.9736
vn -0.2650 -0.0593 0.9624
vn 0.0156 0.4719 -0.8815
vn 0.5187 -0.6210 -0.5876
vn -0.1369 0.0629 0.9886
vn -0.4560 0.8883 -0.0541
vn -0.8548 0.0109 0.5188
vn -0.2954 -0.1199 0.9478
vn -0.3486 -0.0471 0.9361
vn 0.5552 -0.3200 0.7677
vn 0.6102 0.0680 -0.7893
vn 0.5823 0.0875 -0.8083
vn 0.2271 -0.9190 0.3223
vn 0.6896 -0.7194 0.0835
vn 0.8296 -0.5322 0.1688
vn 0.8670 -0.4883 0.0996
vn -0.0444 -0.3865 0.9212
vn -0.2485 -0.2927 0.9234
vn -0.2799 0.4526 -0.8467
vn -0.1918 0.6213 0.7598
vn 0.7046 -0.7054 -0.0769
vn -0.1256 0.0503 0.9908
vn -0.7305 -0.6492 0.2120
vn -0.6696 -0.6802 0.2981
vn 0.3949 0.9097 0.1284
vn 0.2992 0.9448 0.1338
vn 0.4099 0.9097 0.0659
vn 0.5927 -0.8020 0.0743
vn 0.5664 -0.7750 0.2801
vn -0.1104 0.0442 0.9929
vn 0.2855 0.9489 0.1344
vn -0.7304 -0.6595 -0.1775
vn 0.5136 0.7373 -0.4388
vn 0.8102 0.5430 -0.2206
vn 0.7451 0.5115 -0.4280
vn -0.3725 -0.0794 0.9246
vn 0.1297 0.1442 -0.9810
vn 0.0395 0.1835 -0.9822
vn -0.0054 0.9557 0.2943
vn -0.7446 -0.6400 0.1896
vn 0.7637 0.5069 -0.3998
vn 0.8691 0.4895 0.0711
vn 0.2735 -0.3502 0.8958
vn -0.4965 -0.4695 0.7301
vn -0.4966 -0.4695 0.7301
vn -0.4306 -0.5325 0.7287
vn -0.4753 -0.6530 -0.5897
vn 0.3341 0.1610 -0.9287
vn 0.6549 0.4853 -0.5793
vn -0.2427 -0.3385 -0.9091
vn -0.2647 -0.2822 -0.9221
vn -0.7360 -0.1445 0.6613
vn 0.0222 -0.9192 0.3931
vn 0.8266 0.5548 0.0947
vn -0.4528 0.0017 0.8916
vn 0.2098 0.1076 -0.9718
vn -0.4350 0.6164 0.6563
vn 0.6384 -0.4667 -0.6121
vn 0.5248 -0.3463 -0.7776
vn -0.2131 -0.4090 -0.8873
vn 0.5474 0.5006 -0.6706
vn 0.4724 -0.2939 -0.8309
vn 0.0648 -0.7441 0.6650
vn 0.1810 -0.8911 0.4162
vn 0.3003 -0.7571 0.5802
vn 0.2811 -0.5558 0.7823
vn 0.1101 -0.3992 0.9102
vn 0.3242 -0.2792 0.9039
vn 0.3260 0.1027 0.9398
vn 0.3479 0.0194 0.9373
vn 0.3765 0.1062 0.9203
vn 0.3446 -0.8080 0.4779
vn 0.4186 -0.3293 0.8463
vn 0.5145 0.0150 0.8574
vn 0.4596 -0.1290 0.8787
vn 0.4200 -0.6422 0.6412
vn 0.7278 0.1224 0.6748
vn 0.5372 -0.8140 0.2208
vn -0.7104 -0.6367 0.2997
vn 0.7628 -0.0256 0.6461
vn -0.8048 -0.2171 0.5524
vn -0.7688 -0.2402 0.5926
vn -0.7344 -0.1522 0.6614
vn -0.7345 -0.1523 0.6613
vn 0.7466 -0.2027 0.6336
vn -0.4601 -0.1141 0.8805
vn -0.4154 0.2205 0.8825
vn 0.8432 0.0930 0.5295
vn -0.2487 -0.4811 0.8406
vn -0.7367 -0.2451 0.6302
vn 0.0435 -0.9868 0.1560
vn 0.0967 -0.9433 0.3175
vn -0.0311 -0.9974 0.0645
vn 0.1001 -0.5042 0.8578
vn 0.3144 -0.8218 0.4752
vn -0.0194 -0.9992 -0.0358
vn 0.6764 0.1135 0.7277
vn -0.2141 0.1399 0.9667
vn -0.1560 0.3764 0.9132
vn 0.3304 0.4667 0.8204
vn -0.0794 -0.1761 0.9812
vn -0.0598 -0.6811 0.7297
vn 0.4862 -0.3065 0.8183
vn 0.4201 0.2172 0.8811
vn 0.3688 -0.5550 0.7456
vn 0.5537 0.4752 0.6838
vn 0.5092 0.5333 0.6755
vn 0.5351 -0.4268 0.7290
vn 0.5050 0.5101 0.6963
vn 0.7175 0.0212 0.6962
vn 0.7993 0.5548 0.2311
vn 0.8865 0.4585 -0.0626
vn 0.8119 0.5730 0.1115
vn 0.9169 0.1954 0.3481
vn 0.9492 0.3143 0.0131
vn 0.9343 0.2711 -0.2314
vn 0.8803 0.3253 -0.3453
vn 0.9345 -0.0341 0.3543
vn 0.9833 0.0954 0.1548
vn 0.2824 -0.2235 0.9329
vn 0.4767 -0.1346 0.8687
vn 0.6672 -0.2944 0.6843
vn 0.6687 -0.2985 0.6810
vn 0.3060 -0.8718 0.3826
vn 0.4044 -0.8805 0.2475
vn 0.3937 -0.8837 0.2530
vn 0.2248 -0.8244 0.5195
vn 0.2410 -0.8302 0.5027
vn 0.3284 -0.8767 0.3515
vn 0.4965 -0.8451 0.1982
vn -0.9986 -0.0205 -0.0492
vn -0.9608 -0.1461 0.2356
vn -0.9614 -0.0125 0.2748
vn -0.8111 -0.0269 -0.5843
vn -0.9875 0.0516 -0.1488
vn -0.8867 -0.4405 -0.1405
vn -0.8703 0.0709 -0.4874
vn -0.8579 -0.4296 0.2820
vn -0.7591 -0.1744 0.6271
vn -0.8735 -0.2470 0.4194
vn -0.6419 -0.2996 -0.7058
vn -0.8176 -0.0289 0.5751
vn -0.8370 -0.0637 0.5434
vn -0.4119 -0.0408 -0.9103
vn -0.5017 0.0388 -0.8642
vn -0.7095 0.0914 0.6987
vn -0.7777 -0.1601 0.6079
vn -0.3500 -0.3952 0.8493
vn -0.0145 -0.9999 -0.0012
vn 0.0098 -0.9999 -0.0058
vn 0.0235 -0.9996 -0.0122
vn -0.3955 0.7997 0.4518
vn -0.6398 0.0462 0.7671
vn -0.1527 -0.2501 0.9561
vn -0.6499 0.0354 0.7592
vn -0.0166 -0.9998 0.0064
vn -0.3998 -0.6074 0.6865
vn 0.1024 -0.2789 -0.9548
vn 0.2830 0.7821 0.5552
vn 0.0678 0.3597 0.9306
vn 0.1303 0.3845 0.9139
vn 0.3269 -0.8579 0.3965
vn 0.0118 -0.9999 0.0068
vn 0.0096 -0.9999 0.0055
vn 0.0016 0.3316 0.9434
vn -0.0228 -0.2105 0.9773
vn 0.6888 0.2203 0.6906
vn 0.2511 -0.0142 -0.9679
vn -0.2746 -0.6556 0.7034
vn 0.8942 -0.3006 0.3318
vn 0.8942 -0.3005 0.3318
vn 0.8820 -0.3504 0.3152
vn 0.9061 -0.2346 0.3520
vn -0.0399 -0.9459 0.3219
vn 0.3902 -0.8387 0.3798
vn 0.3892 0.2980 0.8716
vn 0.5295 0.2854 0.7989
vn 0.3751 0.3201 0.8700
vn -0.4965 -0.1291 0.8584
vn -0.5248 -0.0081 0.8512
vn -0.3007 -0.0567 0.9520
vn -0.5694 -0.1397 0.8101
vn -0.5794 -0.4028 0.7086
vn -0.6221 0.5308 0.5755
vn 0.5827 -0.1251 -0.8030
vn 0.0300 -0.9994 -0.0157
vn 0.0636 -0.9944 -0.0847
vn 0.0423 -0.9847 0.1688
vn 0.0574 -0.9962 -0.0651
vn -0.7921 -0.1518 0.5912
vn 0.0154 -0.9995 -0.0273
vn 0.6160 0.0907 -0.7825
vn 0.3278 0.1526 -0.9323
vn 0.3523 0.7849 0.5097
vn 0.2522 0.7855 0.5651
vn 0.2004 0.6717 0.7132
vn 0.5410 -0.7409 0.3979
vn 0.2693 -0.1013 0.9577
vn 0.0955 -0.0656 0.9933
vn -0.2075 0.4300 0.8787
vn 0.3366 0.0361 0.9409
vn 0.3538 0.0133 0.9352
vn 0.2515 -0.1896 0.9491
vn 0.2623 0.8551 0.4473
vn 0.0579 -0.9944 -0.0879
vn -0.0157 -0.0419 0.9990
vn 0.5698 0.2363 0.7870
vn 0.4558 0.8320 0.3162
vn 0.2294 -0.2291 0.9460
vn 0.9637 0.1864 0.1914
vn 0.9640 0.1739 0.2009
vn 0.9642 0.1626 0.2095
vn 0.7574 0.2420 0.6064
vn 0.2046 -0.2958 0.9331
vn 0.6964 0.6805 0.2280
vn 0.8123 0.0014 -0.5832
vn 0.9858 -0.0603 -0.1568
vn 0.8825 -0.3050 -0.3581
vn 0.7662 0.2701 0.5831
vn 0.2823 0.8880 0.3629
vn 0.2202 0.8980 0.3810
vn 0.9243 0.1854 -0.3336
vn -0.1182 0.4480 0.8862
vn -0.0330 0.4008 0.9156
vn -0.0331 0.4008 0.9156
vn 0.9019 -0.2299 -0.3656
vn 0.8173 0.0305 -0.5754
vn 0.7198 -0.6818 0.1301
vn 0.8425 -0.5247 0.1222
vn -0.3767 -0.0895 0.9220
vn -0.3819 -0.0913 0.9197
vn -0.3821 -0.0913 0.9196
vn 0.6271 -0.6856 0.3698
vn 0.9848 0.1669 0.0476
vn 0.0395 0.3574 0.9331
vn 0.9536 -0.2455 -0.1741
vn -0.3893 -0.0938 0.9163
vn 0.9976 -0.0002 0.0698
vn 0.9861 0.1043 0.1297
vn 0.8990 0.0567 -0.4342
vn 0.8349 0.1749 -0.5219
vn 0.3642 0.8686 0.3361
vn -0.0765 -0.9950 -0.0648
vn 0.5830 0.4926 0.6461
vn 0.8429 -0.4850 -0.2331
vn 0.0363 -0.9983 -0.0464
vn 0.9957 -0.0844 -0.0390
vn 0.7516 0.6204 -0.2241
vn 0.7516 0.6204 -0.2240
vn 0.7529 0.6241 -0.2088
vn 0.7442 0.6032 -0.2869
vn 0.2758 -0.5189 0.8091
vn 0.9937 -0.1085 -0.0272
vn 0.9580 0.1892 0.2155
vn 0.9757 0.1192 0.1841
vn 0.9317 -0.2374 0.2750
vn 0.9822 -0.1849 -0.0329
vn 0.0487 -0.9238 0.3798
vn 0.7897 -0.2674 -0.5521
vn 0.1448 -0.9738 0.1755
vn 0.3760 -0.9199 0.1114
vn 0.1539 -0.9569 0.2464
vn 0.7172 0.3760 -0.5867
vn 0.7346 0.3552 -0.5781
vn 0.7074 0.3925 -0.5878
vn 0.3180 -0.9452 0.0745
vn 0.8405 0.1563 -0.5187
vn 0.7266 -0.6649 -0.1731
vn 0.7292 -0.6825 -0.0492
vn 0.6227 -0.7758 0.1021
vn 0.8544 0.0417 -0.5180
vn 0.8879 -0.0073 -0.4600
vn 0.8847 -0.3399 -0.3191
vn 0.8255 -0.3867 -0.4112
vn 0.7809 -0.6245 0.0163
vn 0.9112 -0.0047 -0.4119
vn 0.6578 0.1480 -0.7385
vn 0.7097 0.2030 -0.6746
vn 0.9167 -0.3180 -0.2420
vn 0.0718 -0.2038 -0.9764
vn -0.2899 -0.1146 -0.9502
vn -0.2697 -0.2961 -0.9163
vn -0.2456 0.0109 -0.9693
vn 0.6576 0.2607 -0.7069
vn 0.6584 0.2291 -0.7170
vn 0.5506 0.0267 -0.8344
vn 0.3927 -0.1455 -0.9081
vn 0.7716 0.1026 -0.6278
vn 0.4470 -0.1167 -0.8869
vn -0.8783 0.4765 0.0400
vn -0.9327 0.3603 0.0144
vn -0.9055 0.2467 0.3454
vn -0.7695 0.4914 0.4080
vn -0.8721 0.4681 -0.1426
vn -0.8222 0.0198 0.5688
vn -0.6678 0.3851 0.6370
vn -0.7163 -0.0037 0.6978
vn -0.8211 0.2971 -0.4873
vn -0.8043 0.2805 -0.5239
vn -0.8042 0.2805 -0.5240
vn -0.8625 0.4864 -0.1399
vn -0.5405 0.5381 0.6468
vn -0.7644 0.5874 0.2660
vn -0.3692 0.4407 0.8182
vn -0.2890 0.2629 0.9205
vn -0.0454 0.2645 0.9633
vn -0.3703 -0.8220 0.4326
vn -0.4844 -0.8372 0.2540
vn -0.0102 0.0015 0.9999
vn 0.1188 0.4989 0.8585
vn 0.0046 -0.9990 -0.0442
vn 0.0674 -0.9972 0.0322
vn 0.4156 -0.0034 0.9095
vn 0.5026 0.3310 0.7986
vn 0.5859 0.4750 0.6565
vn 0.3745 -0.1787 0.9098
vn -0.9380 -0.0529 0.3427
vn -0.8114 -0.1063 0.5748
vn -0.9288 -0.1231 0.3494
vn -0.8547 0.0151 0.5190
vn 0.1892 -0.9790 0.0765
vn -0.2564 -0.7782 0.5733
vn -0.7627 0.0067 0.6467
vn -0.6025 -0.2955 0.7414
vn 0.6235 -0.0804 0.7777
vn -0.6322 -0.0315 0.7742
vn 0.6020 0.1231 0.7889
vn 0.2339 -0.9659 0.1112
vn -0.7030 0.0493 0.7095
vn 0.3718 -0.9263 0.0611
vn -0.4131 -0.1438 0.8993
vn -0.5732 -0.3238 0.7527
vn -0.3640 -0.4735 0.8021
vn 0.6490 -0.6120 -0.4520
vn -0.4951 -0.8682 0.0326
vn -0.1585 -0.6339 0.7570
vn -0.1342 -0.2477 0.9595
vn -0.3387 0.0122 0.9408
vn -0.2255 -0.0838 0.9706
vn -0.1676 -0.5489 0.8189
vn -0.1433 -0.6356 0.7586
vn -0.0178 -0.2538 0.9671
vn 0.0036 -0.6351 0.7724
vn -0.0345 -0.1985 0.9795
vn -0.7419 0.2255 -0.6315
vn -0.0202 -0.9985 -0.0514
vn -0.2265 -0.6323 0.7409
vn -0.9734 -0.1166 0.1970
vn -0.9975 0.0252 -0.0663
vn -0.9937 -0.1117 -0.0016
vn -0.9933 -0.0161 -0.1141
vn -0.8049 -0.5067 0.3088
vn -0.9090 -0.3358 -0.2468
vn -0.8282 -0.5602 0.0154
vn -0.9941 -0.1073 0.0137
vn -0.9864 -0.1638 -0.0152
vn -0.9494 0.0853 0.3023
vn -0.9724 -0.2048 -0.1118
vn -0.8828 -0.1719 0.4372
vn -0.8211 -0.5215 -0.2320
vn -0.9408 0.1469 0.3054
vn -0.9724 -0.1868 -0.1400
vn -0.9140 0.2518 0.3181
vn -0.9380 0.3466 -0.0039
vn -0.6024 0.7871 -0.1327
vn -0.9659 0.1822 -0.1842
vn -0.6820 -0.6993 0.2142
vn -0.9808 0.1535 -0.1207
vn -0.8223 -0.4678 -0.3240
vn 0.3176 0.1738 0.9322
vn -0.9238 0.1583 0.3486
vn 0.5228 0.6488 0.5530
vn -0.5064 0.8533 -0.1246
vn 0.0081 -0.9999 0.0110
vn -0.0014 -1.0000 0.0008
vn -0.0070 -0.9997 0.0237
vn -0.1890 0.1587 0.9691
vn -0.9656 0.1563 -0.2079
vn -0.3163 0.6672 0.6744
vn -0.1320 0.7155 0.6860
vn 0.3608 -0.6307 0.6871
vn 0.3608 -0.6306 0.6871
vn 0.4110 -0.5567 0.7219
vn -0.5435 -0.7671 0.3409
vn 0.3262 -0.6758 0.6609
vn -0.3965 -0.8043 0.4427
vn -0.5544 -0.5130 0.6554
vn -0.5766 -0.3898 0.7180
vn -0.2750 -0.5782 0.7681
vn -0.4829 -0.4942 0.7229
vn -0.7705 0.1064 0.6285
vn -0.3871 -0.3741 0.8427
vn -0.9296 0.0560 0.3643
vn -0.6871 0.1548 0.7099
vn 0.0077 -1.0000 -0.0007
vn -0.9401 0.3024 0.1573
vn -0.9401 0.3023 0.1573
vn -0.9417 0.2941 0.1633
vn -0.3209 -0.0259 0.9468
vn -0.3209 -0.0258 0.9468
vn -0.3979 -0.0642 0.9152
vn -0.1822 -0.4000 0.8982
vn -0.5122 0.8572 -0.0530
vn -0.9210 -0.3083 0.2381
vn -0.9210 -0.3084 0.2381
vn -0.9499 -0.2269 0.2148
vn -0.4624 0.6077 0.6457
vn -0.9386 0.3096 0.1520
vn -0.9036 -0.3484 0.2491
vn -0.1909 0.0476 0.9805
vn 0.0315 0.2982 0.9540
vn 0.0814 0.3949 0.9151
vn -0.4604 0.8519 0.2495
vn -0.2760 -0.0040 0.9612
vn -0.0804 -0.8363 0.5424
vn -0.2113 -0.2188 0.9526
vn -0.4281 0.0196 0.9035
vn -0.3539 -0.0139 0.9352
vn -0.1176 0.7391 0.6632
vn -0.2452 0.6738 0.6970
vn 0.3380 -0.4265 0.8390
vn 0.1491 0.4186 0.8958
vn 0.1722 -0.7253 0.6665
vn 0.0386 0.7963 0.6037
vn -0.0016 -1.0000 -0.0005
vn 0.0034 -1.0000 0.0035
vn -0.0060 -0.9999 -0.0094
vn 0.6791 -0.0070 0.7340
vn 0.6487 -0.0110 0.7610
vn 0.5719 0.0515 0.8187
vn 0.3999 -0.4375 0.8054
vn 0.6840 -0.0422 0.7283
vn 0.6762 -0.0380 0.7357
vn 0.0458 -0.9990 0.0009
vn 0.4667 0.0530 0.8828
vn -0.0457 0.4543 0.8897
vn -0.0400 0.4556 0.8893
vn 0.0676 0.5078 0.8588
vn -0.1446 -0.0815 0.9861
vn 0.2099 -0.3860 0.8983
vn -0.9705 0.1033 0.2177
vn -0.9791 0.0908 0.1818
vn -0.9993 0.0336 0.0191
vn 0.0498 -0.9965 0.0671
vn 0.0210 -0.9988 0.0444
vn 0.6982 -0.4411 0.5639
vn -0.8325 0.1069 0.5436
vn 0.0536 0.6024 0.7964
vn 0.0985 0.1622 0.9818
vn 0.0823 0.0417 0.9957
vn -0.1951 0.8371 0.5111
vn 0.7591 -0.2647 0.5947
vn 0.1217 0.5530 0.8242
vn 0.4629 -0.3652 0.8077
vn 0.0395 -0.0623 0.9973
vn 0.8763 0.2721 0.3976
vn 0.8636 -0.0998 0.4943
vn 0.8574 -0.0321 0.5136
vn 0.8506 -0.0459 0.5238
vn 0.6121 -0.4162 -0.6724
vn 0.4777 -0.5148 -0.7118
vn 0.7300 -0.1775 -0.6600
vn -0.8691 0.1705 0.4643
vn 0.7916 -0.0413 -0.6096
vn 0.9559 0.1535 0.2505
vn 0.8726 -0.2702 0.4070
vn 0.7852 0.0128 -0.6192
vn 0.1697 -0.9855 -0.0035
vn 0.9103 0.1193 0.3965
vn 0.4441 -0.8959 0.0144
vn 0.8909 -0.1992 0.4081
vn 0.9049 0.2624 0.3350
vn -0.3712 -0.7642 0.5275
vn -0.5296 -0.6961 0.4848
vn -0.3701 -0.8210 0.4347
vn 0.8697 -0.3338 0.3637
vn 0.9062 0.3542 0.2309
vn -0.4228 -0.8573 -0.2938
vn 0.9691 -0.2377 -0.0666
vn 0.9690 -0.2378 -0.0666
vn 0.8722 -0.4821 0.0832
vn 0.9847 -0.0942 -0.1463
vn 0.9910 0.0789 -0.1082
vn -0.2951 -0.8687 0.3978
vn -0.2987 -0.8469 0.4400
vn -0.2428 -0.8865 0.3939
vn -0.2402 -0.7604 0.6034
vn -0.8693 0.4525 -0.1988
vn -0.8685 0.1148 -0.4823
vn -0.7764 -0.0817 -0.6250
vn -0.7987 -0.1578 -0.5807
vn -0.9172 0.2704 -0.2926
vn -0.6113 -0.1287 -0.7809
vn -0.7431 -0.0613 -0.6663
vn -0.6121 -0.0141 -0.7907
vn -0.5003 -0.0657 -0.8634
vn -0.5706 -0.0264 -0.8208
vn -0.1707 -0.2238 -0.9596
vn -0.0618 -0.2184 -0.9739
vn -0.9688 0.0798 -0.2345
vn -0.9856 -0.1666 0.0285
vn -0.9229 0.3387 -0.1834
vn -0.9689 -0.2389 0.0641
vn -0.0369 -0.2910 -0.9560
vn -0.9154 -0.2903 0.2788
vn -0.5894 -0.0484 -0.8064
vn -0.8885 0.4082 -0.2095
vn -0.1341 -0.4771 -0.8686
vn -0.8393 0.5389 -0.0721
vn 0.4350 0.0978 -0.8951
vn 0.4878 0.0974 -0.8675
vn 0.5992 0.0479 -0.7991
vn 0.5724 0.0960 -0.8143
vn -0.3616 -0.9083 0.2105
vn -0.6376 -0.7619 0.1139
vn -0.5052 -0.8165 0.2795
vn -0.1776 -0.9386 0.2959
vn -0.1448 -0.9557 0.2564
vn -0.1886 -0.9578 0.2170
vn -0.0728 -0.9495 0.3052
vn 0.3246 0.1604 -0.9322
vn -0.7056 -0.7044 -0.0777
vn -0.9511 0.3076 -0.0294
vn -0.9653 0.2563 -0.0500
vn -0.9980 0.0619 -0.0087
vn -0.9902 0.0253 -0.1373
vn 0.0444 0.0474 -0.9979
vn 0.1483 0.0606 -0.9871
vn 0.0143 0.0567 -0.9983
vn -0.8816 0.4626 -0.0941
vn 0.1867 -0.2312 0.9548
vn 0.3811 -0.3204 0.8672
vn 0.5230 -0.8519 0.0280
vn 0.5147 -0.3765 0.7703
vn 0.1677 0.0630 -0.9838
vn 0.2770 0.0632 -0.9588
vn -0.7684 -0.2357 0.5950
vn -0.8275 -0.2118 0.5199
vn -0.8177 -0.0241 0.5751
vn -0.7718 -0.3491 0.5314
vn 0.5476 -0.4639 0.6964
vn -0.7257 0.5532 0.4091
vn -0.6877 0.5848 0.4303
vn -0.8004 0.5131 0.3100
vn -0.8521 0.0402 0.5219
vn -0.6616 -0.6134 0.4314
vn -0.6662 -0.5361 0.5185
vn -0.9767 -0.1246 -0.1750
vn -0.8159 -0.0486 -0.5762
vn -0.9570 -0.1837 -0.2246
vn -0.1200 -0.9922 0.0329
vn -0.3007 -0.9147 0.2699
vn -0.6676 -0.4480 0.5947
vn -0.2162 -0.9670 -0.1350
vn -0.0860 -0.9946 -0.0583
vn -0.0473 -0.9984 -0.0324
vn -0.7384 -0.2379 -0.6311
vn -0.7674 0.0463 -0.6395
vn -0.6790 0.0229 -0.7338
vn -0.0586 -0.9960 0.0674
vn -0.3369 -0.9141 -0.2258
vn -0.5730 -0.0422 -0.8185
vn -0.4460 -0.7532 0.4835
vn -0.7202 -0.3234 0.6138
vn -0.9098 -0.3439 -0.2325
vn 0.0832 -0.9870 -0.1375
vn -0.0953 -0.9806 0.1714
vn -0.0142 -0.9998 -0.0158
vn -0.6305 -0.5874 0.5074
vn -0.3895 -0.4137 -0.8229
vn -0.4185 0.9075 -0.0362
vn -0.5712 0.8186 0.0603
vn -0.4199 0.8990 -0.1246
vn -0.8365 0.5319 0.1318
vn -0.9219 -0.1777 0.3443
vn -0.2020 0.0272 -0.9790
vn -0.4903 -0.6725 0.5545
vn -0.7520 -0.5498 0.3635
vn -0.5128 -0.6975 0.5006
vn -0.2750 -0.8920 0.3587
vn -0.9550 -0.0599 0.2906
vn -0.0860 -0.1112 -0.9901
vn -0.6999 -0.4977 -0.5122
vn 0.1731 -0.9374 -0.3022
vn 0.3544 -0.8685 -0.3466
vn 0.5981 -0.6826 0.4200
vn -0.9333 -0.2530 0.2548
vn 0.1986 -0.2848 -0.9378
vn 0.4688 -0.8524 -0.2316
vn -0.0638 -0.9603 0.2716
vn 0.2265 -0.9731 0.0427
vn 0.1416 -0.0720 -0.9873
vn -0.2886 0.9363 -0.1999
vn 0.5676 -0.3767 -0.7321
vn 0.6635 -0.3106 -0.6807
vn 0.1050 -0.9843 0.1419
vn -0.8847 0.4602 0.0739
vn -0.7273 -0.6157 0.3032
vn 0.6521 -0.5657 -0.5048
vn -0.5848 -0.7107 0.3910
vn 0.3865 -0.9187 -0.0810
vn -0.4183 0.8843 -0.2077
vn 0.3829 -0.1715 -0.9077
vn -0.4538 0.8770 -0.1582
vn -0.6193 -0.7148 0.3250
vn 0.6384 0.2210 -0.7373
vn 0.5812 0.4597 -0.6715
vn 0.6683 0.2125 -0.7129
vn -0.1272 -0.9575 0.2589
vn -0.0811 0.8760 -0.4755
vn 0.1486 -0.9775 0.1496
vn 0.7587 -0.4266 -0.4924
vn 0.6984 -0.6033 -0.3851
vn 0.4099 -0.9119 0.0202
vn 0.6315 0.3995 -0.6646
vn 0.5635 0.5092 -0.6505
vn 0.7255 -0.6010 -0.3353
vn 0.7966 -0.0128 -0.6043
vn 0.7828 0.1375 -0.6069
vn 0.8049 0.0762 -0.5885
vn 0.3619 -0.9161 0.1726
vn 0.8200 -0.3569 -0.4474
vn 0.7750 -0.5282 -0.3469
vn 0.8565 0.0101 -0.5160
vn -0.9324 -0.0256 0.3606
vn -0.1932 -0.9105 0.3656
vn -0.3561 -0.8236 0.4414
vn 0.2060 -0.9324 -0.2969
vn -0.5570 0.8209 0.1258
vn -0.7629 0.6452 0.0412
vn 0.5866 -0.4022 -0.7029
vn -0.8987 0.4312 0.0800
vn -0.1376 -0.9627 0.2328
vn -0.9479 -0.2830 0.1462
vn -0.9798 -0.0890 0.1792
vn -0.9883 -0.1104 0.1049
vn -0.8438 0.2100 0.4939
vn -0.8059 -0.5816 -0.1106
vn -0.7734 -0.6118 -0.1658
vn -0.8694 -0.0300 0.4931
vn -0.5261 -0.0771 0.8469
vn -0.8120 -0.4863 0.3227
vn -0.8108 -0.5842 -0.0346
vn -0.7423 -0.6685 -0.0458
vn 0.2681 -0.4291 -0.8625
vn 0.3267 -0.4266 -0.8434
vn 0.2572 -0.5472 -0.7965
vn -0.7070 -0.7058 0.0447
vn -0.8203 -0.2794 0.4990
vn -0.7850 0.3113 0.5357
vn -0.8143 -0.2567 0.5206
vn -0.0084 -0.7342 -0.6789
vn -0.7899 -0.4195 0.4472
vn -0.5316 -0.8469 -0.0115
vn -0.6476 -0.7316 0.2130
vn 0.0347 -0.7427 -0.6687
vn -0.1506 -0.8702 -0.4692
vn -0.4303 -0.9023 0.0254
vn -0.7331 0.4522 0.5080
vn 0.5809 -0.1321 -0.8032
vn 0.6976 0.2187 -0.6823
vn 0.5463 -0.0193 -0.8374
vn 0.5844 -0.4151 -0.6972
vn 0.3132 -0.3438 -0.8853
vn 0.5203 -0.3274 -0.7888
vn -0.3577 0.2818 0.8903
vn -0.3754 0.3837 0.8437
vn -0.4597 0.3724 0.8062
vn -0.5073 0.5341 0.6763
vn -0.5923 0.7374 0.3248
vn -0.1675 -0.9052 -0.3906
vn 0.0022 0.9799 -0.1994
vn -0.0440 0.9942 -0.0978
vn -0.0441 0.9942 -0.0977
vn 0.8009 -0.3366 -0.4953
vn 0.4636 -0.3391 -0.8186
vn 0.2789 0.8100 -0.5159
vn 0.4371 0.7354 -0.5179
vn 0.2765 0.8259 -0.4914
vn 0.9335 -0.3533 0.0611
vn 0.3671 -0.6282 -0.6860
vn 0.5198 0.4511 -0.7255
vn 0.5541 0.2036 -0.8071
vn -0.0650 0.9966 -0.0508
vn 0.5890 -0.2134 -0.7794
vn 0.0086 0.3444 0.9388
vn 0.9929 -0.0706 -0.0959
vn 0.9442 -0.1287 0.3031
vn 0.8671 -0.2421 0.4353
vn 0.8494 -0.0299 -0.5270
vn 0.0156 0.4828 0.8756
vn 0.9083 0.1254 -0.3990
vn -0.2135 -0.8957 -0.3901
vn 0.9765 0.0728 0.2026
vn 0.5263 -0.5801 -0.6217
vn 0.4786 0.4699 -0.7417
vn 0.3844 -0.8465 -0.3683
vn 0.2440 0.8227 -0.5134
vn 0.4654 0.3749 -0.8018
vn 0.6189 -0.3090 -0.7222
vn 0.2802 0.7999 -0.5307
vn -0.1260 -0.9084 -0.3987
vn 0.3599 -0.8414 -0.4031
vn -0.8768 -0.3626 -0.3159
vn -0.8993 -0.3733 -0.2278
vn -0.6946 -0.2362 -0.6795
vn -0.9067 -0.3967 -0.1434
vn -0.4858 -0.1909 -0.8530
vn 0.0825 0.9966 0.0070
vn -0.0130 0.9409 -0.3385
vn 0.0825 0.9966 0.0068
vn 0.2230 0.3173 -0.9217
vn 0.3703 0.0844 -0.9251
vn 0.3347 -0.3515 -0.8743
vn 0.2992 0.4753 -0.8274
vn -0.8529 0.3601 0.3781
vn -0.6458 0.4536 0.6142
vn -0.8421 0.4161 0.3430
vn -0.8255 0.1637 0.5401
vn -0.8694 0.4182 0.2633
vn -0.6574 0.0869 0.7485
vn -0.6474 0.1586 0.7455
vn -0.6173 0.1299 0.7759
vn -0.7479 -0.3986 -0.5308
vn -0.7926 -0.1272 -0.5963
vn -0.4843 -0.4347 -0.7592
vn 0.0960 0.9936 0.0590
vn -0.5024 -0.6697 -0.5469
vn -0.7326 -0.5518 -0.3985
vn -0.7305 0.2514 0.6350
vn 0.3224 -0.4542 -0.8305
vn 0.1028 -0.5598 -0.8222
vn -0.2868 -0.7191 -0.6329
vn -0.5753 -0.7107 -0.4048
vn -0.2490 -0.1968 -0.9483
vn -0.2056 -0.2438 -0.9478
vn -0.6894 0.0498 0.7226
vn -0.1754 -0.4894 -0.8543
vn -0.1191 -0.0386 -0.9921
vn -0.4374 0.8778 0.1951
vn -0.3075 0.9208 0.2398
vn -0.3987 0.7283 0.5573
vn -0.6642 -0.1788 0.7259
vn 0.4612 -0.4730 -0.7507
vn -0.3878 0.8151 0.4303
vn -0.3427 0.6484 0.6798
vn -0.3444 0.5902 0.7301
vn -0.2303 -0.8205 -0.5232
vn 0.5239 0.8444 -0.1115
vn 0.6431 0.7630 -0.0656
vn 0.4950 0.7864 -0.3695
vn -0.5852 -0.7452 0.3198
vn -0.5355 -0.7958 0.2829
vn -0.5354 -0.7958 0.2829
vn -0.9705 0.1925 0.1450
vn -0.9173 0.3818 0.1132
vn -0.9897 -0.0437 0.1363
vn -0.9891 -0.0533 0.1376
vn 0.6269 -0.3263 -0.7075
vn -0.9832 -0.1356 0.1222
vn 0.5709 -0.1853 -0.7999
vn 0.6069 0.2302 -0.7607
vn 0.6422 0.1534 -0.7510
vn -0.8380 0.5356 0.1047
vn -0.1661 0.5995 0.7829
vn 0.4205 -0.5334 -0.7339
vn 0.4903 -0.5260 -0.6950
vn -0.4187 -0.8862 0.1985
vn 0.1383 -0.8956 -0.4229
vn 0.4642 -0.4463 -0.7651
vn 0.4935 -0.3961 -0.7743
vn -0.6173 0.6637 0.4225
vn 0.7168 0.6964 0.0356
vn 0.6425 -0.0276 -0.7658
vn 0.6383 -0.3124 -0.7036
vn 0.9410 -0.2106 -0.2648
vn 0.9080 0.4135 0.0670
vn -0.6784 0.6589 -0.3249
vn -0.3164 0.3863 0.8664
vn -0.3202 0.3545 0.8785
vn -0.3362 0.3729 0.8648
vn -0.3419 0.3690 0.8643
vn -0.3879 0.4223 0.8193
vn -0.4436 0.3980 -0.8030
vn 0.5527 -0.4999 -0.6668
vn -0.2948 0.4244 0.8561
vn 0.9388 0.3322 0.0908
vn 0.4358 0.8909 -0.1276
vn 0.3971 0.9153 -0.0676
vn 0.4359 0.8909 -0.1276
vn 0.4187 -0.2773 -0.8647
vn 0.6808 0.5540 -0.4792
vn 0.6235 0.6896 -0.3684
vn 0.6924 0.6109 -0.3838
vn 0.9705 0.2228 0.0922
vn 0.6646 0.4713 0.5798
vn -0.3473 0.9359 -0.0586
vn 0.0532 -0.0021 0.9986
vn 0.5548 0.0069 -0.8320
vn 0.2926 0.2558 -0.9214
vn 0.4292 -0.0812 -0.8996
vn 0.5789 -0.0204 -0.8152
vn 0.6944 0.1210 -0.7093
vn 0.5617 0.7486 -0.3522
vn 0.6962 0.4991 -0.5160
vn 0.3780 0.6815 -0.6266
vn 0.7777 -0.4126 -0.4744
vn 0.8125 -0.1185 0.5708
vn 0.8067 -0.1423 0.5736
vn 0.8071 -0.2031 0.5544
vn 0.8213 -0.0771 0.5653
vn 0.8129 -0.0868 0.5759
vn 0.4263 0.2554 0.8678
vn -0.6753 0.5436 0.4985
vn -0.8012 0.5138 0.3068
vn -0.6753 0.5436 0.4984
vn -0.4480 0.5938 -0.6684
vn -0.5401 0.3847 -0.7485
vn -0.6293 0.3029 -0.7157
vn -0.5986 0.1244 -0.7913
vn 0.9964 0.0599 -0.0603
vn 0.9931 0.1160 -0.0190
vn 0.9963 0.0354 -0.0782
vn 0.2554 -0.2412 -0.9363
vn 0.3288 -0.1187 -0.9369
vn 0.3050 -0.1008 -0.9470
vn -0.3032 0.6763 -0.6713
vn -0.5731 0.5474 0.6098
vn 0.3366 0.0024 -0.9417
vn -0.2731 0.8193 -0.5041
vn 0.1315 0.0252 -0.9910
vn 0.7345 0.3940 -0.5525
vn 0.7346 0.3939 -0.5525
vn 0.5843 0.5841 -0.5634
vn 0.7921 0.2930 -0.5354
vn 0.6449 0.4493 -0.6182
vt 0.936747 0.145406
vt 0.923420 0.137940
vt 0.923420 0.113036
vt 0.420597 0.015629
vt 0.398955 0.021835
vt 0.426387 0.003116
vt 0.173929 0.270498
vt 0.163639 0.236092
vt 0.181235 0.234372
vt 0.940292 0.135920
vt 0.217894 0.246571
vt 0.210989 0.238629
vt 0.229363 0.238083
vt 0.249724 0.233930
vt 0.250486 0.210857
vt 0.265716 0.214917
vt 0.243817 0.246212
vt 0.002485 0.169962
vt 0.008225 0.168949
vt 0.001960 0.182830
vt 0.190184 0.249318
vt 0.018588 0.183301
vt 0.922722 0.160443
vt 0.006459 0.468289
vt 0.016535 0.465015
vt 0.016332 0.484104
vt 0.021525 0.811982
vt 0.009839 0.810960
vt 0.021450 0.792715
vt 0.007830 0.804022
vt 0.202497 0.930244
vt 0.210792 0.936052
vt 0.189758 0.947447
vt 0.276927 0.205396
vt 0.929183 0.170232
vt 0.176546 0.930603
vt 0.176194 0.937817
vt 0.291981 0.191346
vt 0.276127 0.183544
vt 0.169941 0.225262
vt 0.225654 0.193735
vt 0.253727 0.180987
vt 0.192355 0.219564
vt 0.190262 0.208896
vt 0.175400 0.202293
vt 0.243509 0.177451
vt 0.145351 0.191985
vt 0.207566 0.174265
vt 0.634992 0.736726
vt 0.642129 0.742158
vt 0.278722 0.157095
vt 0.273126 0.879987
vt 0.273930 0.870797
vt 0.324232 0.880920
vt 0.290289 0.853913
vt 0.143814 0.184046
vt 0.620765 0.718116
vt 0.156263 0.158990
vt 0.564467 0.714961
vt 0.619241 0.700852
vt 0.135074 0.977206
vt 0.157000 0.977206
vt 0.147871 0.987569
vt 0.140504 0.164670
vt 0.585345 0.670439
vt 0.607948 0.685678
vt 0.524700 0.717235
vt 0.609292 0.753240
vt 0.556414 0.744445
vt 0.252482 0.965057
vt 0.269786 0.965089
vt 0.277851 0.974046
vt 0.066622 0.713024
vt 0.077256 0.707480
vt 0.091118 0.730550
vt 0.070280 0.737538
vt 0.277694 0.952569
vt 0.906971 0.874026
vt 0.854281 0.874525
vt 0.854281 0.854365
vt 0.374789 0.994034
vt 0.391281 0.994610
vt 0.370950 0.981611
vt 0.913103 0.978630
vt 0.933766 0.978630
vt 0.926740 0.989570
vt 0.865579 0.852557
vt 0.887946 0.853141
vt 0.896461 0.855296
vt 0.232021 0.413619
vt 0.195673 0.409010
vt 0.218039 0.404476
vt 0.222905 0.432141
vt 0.218454 0.391645
vt 0.877656 0.842696
vt 0.107057 0.747580
vt 0.086779 0.760230
vt 0.097907 0.736124
vt 0.190156 0.374576
vt 0.191768 0.355704
vt 0.201114 0.342306
vt 0.232244 0.382204
vt 0.795772 0.913300
vt 0.751684 0.913300
vt 0.778408 0.896876
vt 0.192960 0.422848
vt 0.218821 0.452707
vt 0.181177 0.429570
vt 0.067218 0.758276
vt 0.790037 0.940024
vt 0.790037 0.959682
vt 0.785795 0.958946
vt 0.176807 0.418044
vt 0.180678 0.364736
vt 0.161274 0.384204
vt 0.981690 0.762458
vt 0.984241 0.791613
vt 0.980534 0.793804
vt 0.171823 0.328985
vt 0.214230 0.935103
vt 0.210106 0.960836
vt 0.190369 0.952048
vt 0.194351 0.961179
vt 0.151217 0.423823
vt 0.149322 0.435191
vt 0.185400 0.464739
vt 0.160595 0.451290
vt 0.159178 0.342865
vt 0.175309 0.309974
vt 0.158678 0.445438
vt 0.142488 0.324058
vt 0.161306 0.299449
vt 0.568558 0.175862
vt 0.140426 0.306465
vt 0.079303 0.508107
vt 0.121822 0.477216
vt 0.127644 0.494027
vt 0.566814 0.204447
vt 0.612300 0.305996
vt 0.594714 0.275178
vt 0.372098 0.976955
vt 0.357664 0.960577
vt 0.373256 0.949660
vt 0.140066 0.447379
vt 0.596795 0.309461
vt 0.592326 0.222896
vt 0.644487 0.017027
vt 0.644487 0.000096
vt 0.672539 0.003543
vt 0.614862 0.254101
vt 0.565725 0.913999
vt 0.564203 0.930981
vt 0.537323 0.922247
vt 0.036682 0.448179
vt 0.034746 0.459160
vt 0.035920 0.417063
vt 0.918261 0.960508
vt 0.908957 0.972524
vt 0.899945 0.957526
vt 0.361058 0.975391
vt 0.020003 0.306889
vt 0.020003 0.326183
vt 0.009841 0.313982
vt 0.564125 0.186528
vt 0.576263 0.257875
vt 0.577100 0.238174
vt 0.550736 0.195757
vt 0.548756 0.227595
vt 0.536708 0.908060
vt 0.530930 0.198848
vt 0.888001 0.966354
vt 0.555911 0.247512
vt 0.548352 0.253820
vt 0.573860 0.920705
vt 0.895728 0.977405
vt 0.966677 0.054618
vt 0.951621 0.044076
vt 0.966172 0.018278
vt 0.019419 0.119479
vt 0.019419 0.137860
vt 0.008957 0.120773
vt 0.798235 0.979009
vt 0.793623 0.991680
vt 0.792763 0.975052
vt 0.383975 0.976526
vt 0.599315 0.218382
vt 0.608901 0.203036
vt 0.603354 0.263372
vt 0.613397 0.241736
vt 0.594227 0.229867
vt 0.568915 0.277539
vt 0.647955 0.930787
vt 0.666775 0.937637
vt 0.630681 0.936998
vt 0.997945 0.442174
vt 0.991291 0.446016
vt 0.992316 0.418955
vt 0.246025 0.902431
vt 0.262675 0.881119
vt 0.964435 0.332198
vt 0.971475 0.340588
vt 0.965640 0.364475
vt 0.241728 0.916336
vt 0.954144 0.950568
vt 0.977489 0.946364
vt 0.975766 0.966063
vt 0.906058 0.929028
vt 0.888312 0.928041
vt 0.897177 0.906099
vt 0.944901 0.739768
vt 0.914962 0.770090
vt 0.910958 0.750797
vt 0.104226 0.764834
vt 0.108717 0.757180
vt 0.143307 0.780813
vt 0.620764 0.910565
vt 0.612832 0.926131
vt 0.614821 0.905695
vt 0.652075 0.908743
vt 0.016082 0.866278
vt 0.022696 0.839202
vt 0.029606 0.860537
vt 0.863512 0.918712
vt 0.948961 0.784248
vt 0.139001 0.763772
vt 0.224316 0.911157
vt 0.210142 0.904633
vt 0.209820 0.886211
vt 0.999816 0.013825
vt 0.999816 0.037545
vt 0.987463 0.024767
vt 0.922484 0.107512
vt 0.922484 0.143648
vt 0.914111 0.100452
vt 0.110535 0.747349
vt 0.998447 0.627202
vt 0.998447 0.646375
vt 0.997150 0.655576
vt 0.907203 0.797414
vt 0.012469 0.855032
vt 0.276196 0.991567
vt 0.270072 0.972718
vt 0.277873 0.975182
vt 0.141500 0.760633
vt 0.199062 0.929347
vt 0.664006 0.870374
vt 0.623293 0.849830
vt 0.651395 0.856368
vt 0.822957 0.987101
vt 0.825383 0.979167
vt 0.828706 0.990501
vt 0.162911 0.757433
vt 0.142345 0.753255
vt 0.634358 0.870811
vt 0.027385 0.568233
vt 0.034640 0.609849
vt 0.019665 0.597043
vt 0.587878 0.915336
vt 0.068495 0.661585
vt 0.071321 0.693881
vt 0.066644 0.711702
vt 0.085621 0.765857
vt 0.947168 0.965046
vt 0.976770 0.477174
vt 0.969903 0.503357
vt 0.782740 0.018282
vt 0.769223 0.008817
vt 0.807082 0.018580
vt 0.034304 0.573714
vt 0.667803 0.877751
vt 0.659670 0.878643
vt 0.867058 0.298639
vt 0.881662 0.311522
vt 0.888813 0.338210
vt 0.113922 0.737496
vt 0.887208 0.367213
vt 0.867225 0.348790
vt 0.886557 0.350095
vt 0.982155 0.755339
vt 0.979685 0.762124
vt 0.980932 0.731026
vt 0.813857 0.016085
vt 0.585694 0.929922
vt 0.098970 0.716130
vt 0.100112 0.708913
vt 0.110394 0.722511
vt 0.338147 0.916317
vt 0.347421 0.890533
vt 0.350864 0.891994
vt 0.915786 0.162757
vt 0.178815 0.910167
vt 0.370757 0.884074
vt 0.359623 0.913874
vt 0.855044 0.010947
vt 0.260654 0.910607
vt 0.976770 0.509617
vt 0.973003 0.747980
vt 0.954481 0.727937
vt 0.966841 0.710924
vt 0.947252 0.737111
vt 0.739881 0.978353
vt 0.761097 0.962939
vt 0.760166 0.977747
vt 0.020525 0.138029
vt 0.020525 0.157470
vt 0.012743 0.149074
vt 0.767625 0.994421
vt 0.780092 0.987040
vt 0.781136 0.994421
vt 0.764853 0.983074
vt 0.028059 0.944316
vt 0.050200 0.944895
vt 0.033445 0.959113
vt 0.704839 0.968343
vt 0.678722 0.978346
vt 0.678722 0.958053
vt 0.700729 0.975844
vt 0.699814 0.003702
vt 0.710167 0.003521
vt 0.699870 0.011156
vt 0.476235 0.835750
vt 0.507435 0.838480
vt 0.515041 0.872665
vt 0.060004 0.952121
vt 0.586736 0.998895
vt 0.586736 0.990342
vt 0.595749 0.990704
vt 0.043458 0.961751
vt 0.528236 0.850709
vt 0.952625 0.001656
vt 0.966162 0.015193
vt 0.953824 0.037483
vt 0.531103 0.862375
vt 0.337045 0.960777
vt 0.318042 0.959114
vt 0.524283 0.838004
vt 0.914675 0.680196
vt 0.903937 0.708885
vt 0.901950 0.684087
vt 0.318974 0.929145
vt 0.927395 0.704543
vt 0.821493 0.895747
vt 0.830656 0.867198
vt 0.871266 0.895634
vt 0.837981 0.857677
vt 0.305984 0.977880
vt 0.314368 0.965906
vt 0.313944 0.988106
vt 0.045659 0.944013
vt 0.023055 0.940027
vt 0.057180 0.938081
vt 0.883271 0.730987
vt 0.808275 0.310744
vt 0.823814 0.315672
vt 0.812000 0.348130
vt 0.639066 0.899561
vt 0.648852 0.918159
vt 0.886619 0.733698
vt 0.941614 0.233174
vt 0.940408 0.264498
vt 0.927760 0.257171
vt 0.365315 0.829902
vt 0.381109 0.878512
vt 0.930779 0.206148
vt 0.710471 0.929948
vt 0.725522 0.922838
vt 0.744356 0.930448
vt 0.920084 0.730237
vt 0.265985 0.005782
vt 0.298204 0.003529
vt 0.278680 0.031229
vt 0.623430 0.902970
vt 0.649564 0.876362
vt 0.323806 0.247446
vt 0.225087 0.259202
vt 0.286549 0.221358
vt 0.789617 0.921475
vt 0.787333 0.947576
vt 0.785726 0.913970
vt 0.292879 0.253587
vt 0.276256 0.254470
vt 0.832391 0.297407
vt 0.832626 0.320855
vt 0.656589 0.857165
vt 0.691475 0.858157
vt 0.670946 0.877669
vt 0.889377 0.897397
vt 0.892671 0.904462
vt 0.850961 0.901683
vt 0.208675 0.998961
vt 0.194518 0.996918
vt 0.193782 0.988497
vt 0.313762 0.258599
vt 0.745498 0.914953
vt 0.166629 0.914942
vt 0.197161 0.929179
vt 0.158515 0.929970
vt 0.208860 0.983426
vt 0.055096 0.277988
vt 0.040795 0.278202
vt 0.046489 0.271961
vt 0.252677 0.038046
vt 0.066411 0.118908
vt 0.053290 0.159288
vt 0.040732 0.113706
vt 0.703483 0.868936
vt 0.053400 0.235496
vt 0.822723 0.272636
vt 0.792990 0.924302
vt 0.827580 0.914497
vt 0.822111 0.929436
vt 0.800335 0.915238
vt 0.894147 0.900425
vt 0.808873 0.281633
vt 0.707892 0.865403
vt 0.709829 0.069102
vt 0.709097 0.079152
vt 0.694783 0.069068
vt 0.946049 0.157860
vt 0.947632 0.192828
vt 0.791304 0.920348
vt 0.257861 0.048819
vt 0.010940 0.658860
vt 0.008429 0.648791
vt 0.022882 0.659428
vt 0.358021 0.263475
vt 0.357879 0.250338
vt 0.937205 0.150204
vt 0.965990 0.592217
vt 0.989247 0.569106
vt 0.821312 0.253142
vt 0.743470 0.121465
vt 0.748065 0.174083
vt 0.742471 0.144234
vt 0.753544 0.119053
vt 0.700172 0.104001
vt 0.746186 0.092243
vt 0.341592 0.233905
vt 0.748382 0.076377
vt 0.943001 0.141544
vt 0.763078 0.069520
vt 0.759938 0.092612
vt 0.365911 0.256668
vt 0.763631 0.077318
vt 0.973662 0.087587
vt 0.979650 0.065239
vt 0.979861 0.095720
vt 0.984189 0.827469
vt 0.984189 0.857951
vt 0.979608 0.836089
vt 0.486986 0.871712
vt 0.336269 0.951789
vt 0.630980 0.877345
vt 0.348343 0.868783
vt 0.922231 0.195051
vt 0.990469 0.600170
vt 0.713030 0.788775
vt 0.743998 0.798837
vt 0.711116 0.802204
vt 0.730546 0.814715
vt 0.660387 0.996033
vt 0.652236 0.995463
vt 0.652431 0.985376
vt 0.767597 0.819200
vt 0.708431 0.808009
vt 0.725836 0.818303
vt 0.713359 0.818267
vt 0.755631 0.826690
vt 0.765824 0.829131
vt 0.023745 0.337637
vt 0.027968 0.355709
vt 0.020950 0.345315
vt 0.737238 0.826050
vt 0.023166 0.355559
vt 0.397371 0.015592
vt 0.397371 0.004467
vt 0.401553 0.008730
vt 0.011000 0.553027
vt 0.019822 0.544204
vt 0.019586 0.563428
vt 0.016412 0.682432
vt 0.007950 0.683322
vt 0.006093 0.668929
vt 0.020223 0.373726
vt 0.986489 0.154434
vt 0.980720 0.152888
vt 0.989907 0.148924
vt 0.983538 0.130064
vt 0.975085 0.139514
vt 0.122896 0.521196
vt 0.139541 0.513677
vt 0.135676 0.524985
vt 0.015493 0.336509
vt 0.002960 0.336525
vt 0.002120 0.328533
vt 0.006702 0.323945
vt 0.028701 0.379584
vt 0.125761 0.549177
vt 0.135752 0.513932
vt 0.126534 0.486321
vt 0.158354 0.493726
vt 0.154257 0.012002
vt 0.154257 0.001697
vt 0.167171 0.007180
vt 0.122888 0.465337
vt 0.137451 0.468875
vt 0.137397 0.545872
vt 0.768605 0.937925
vt 0.785700 0.931659
vt 0.777416 0.944564
vt 0.935577 0.063301
vt 0.940786 0.068533
vt 0.754418 0.943215
vt 0.990668 0.125899
vt 0.998333 0.685290
vt 0.994382 0.704001
vt 0.989436 0.690427
vt 0.965674 0.071147
vt 0.965904 0.085592
vt 0.952589 0.073176
vt 0.943801 0.060845
vt 0.013969 0.463636
vt 0.001197 0.459486
vt 0.005155 0.448302
vt 0.160014 0.471545
vt 0.163836 0.955128
vt 0.158549 0.977847
vt 0.160292 0.964864
vt 0.942453 0.050112
vt 0.162974 0.500980
vt 0.143536 0.536995
vt 0.096962 0.785069
vt 0.092604 0.789450
vt 0.086952 0.779005
vt 0.184896 0.977297
vt 0.952336 0.983766
vt 0.934650 0.983766
vt 0.943826 0.961928
vt 0.952332 0.052645
vt 0.989922 0.675647
vt 0.998004 0.154730
vt 0.998004 0.179418
vt 0.994168 0.157712
vt 0.110601 0.982772
vt 0.124150 0.985161
vt 0.104587 0.985799
vt 0.968862 0.080375
vt 0.979295 0.102750
vt 0.967378 0.110917
vt 0.178481 0.462075
vt 0.100410 0.982400
vt 0.985807 0.717069
vt 0.994885 0.712836
vt 0.986056 0.729863
vt 0.966575 0.056387
vt 0.948092 0.049325
vt 0.953629 0.047969
vt 0.151277 0.805346
vt 0.141988 0.806397
vt 0.143287 0.803335
vt 0.939041 0.946985
vt 0.935538 0.942336
vt 0.947046 0.914561
vt 0.120572 0.805932
vt 0.108578 0.813117
vt 0.152071 0.825145
vt 0.130381 0.984848
vt 0.146527 0.990725
vt 0.126956 0.991031
vt 0.123994 0.818765
vt 0.985056 0.701644
vt 0.762542 0.881120
vt 0.768574 0.873400
vt 0.756184 0.900744
vt 0.761024 0.897509
vt 0.086188 0.806017
vt 0.128511 0.972765
vt 0.068466 0.479855
vt 0.089585 0.478422
vt 0.091347 0.483843
vt 0.749951 0.914272
vt 0.748060 0.881965
vt 0.785449 0.977014
vt 0.790382 0.983804
vt 0.786208 0.986782
vt 0.976000 0.185222
vt 0.967780 0.169324
vt 0.978893 0.174422
vt 0.001701 0.041584
vt 0.001701 0.027887
vt 0.005637 0.038296
vt 0.949640 0.579555
vt 0.936755 0.562499
vt 0.111369 0.820774
vt 0.418939 0.974949
vt 0.422057 0.975785
vt 0.393501 0.974802
vt 0.470733 0.987952
vt 0.478876 0.989982
vt 0.477839 0.997371
vt 0.100139 0.834498
vt 0.065069 0.495066
vt 0.067670 0.488524
vt 0.967751 0.476725
vt 0.969626 0.498156
vt 0.967858 0.509087
vt 0.063654 0.469776
vt 0.804179 0.966849
vt 0.798683 0.977291
vt 0.793327 0.973541
vt 0.792690 0.950302
vt 0.801323 0.953453
vt 0.001130 0.064494
vt 0.001130 0.049987
vt 0.005230 0.058259
vt 0.917502 0.579183
vt 0.017231 0.951455
vt 0.017232 0.918408
vt 0.020929 0.947816
vt 0.076154 0.461617
vt 0.614591 0.963479
vt 0.599586 0.973884
vt 0.588218 0.962516
vt 0.969633 0.200050
vt 0.070818 0.451915
vt 0.073397 0.441849
vt 0.078164 0.446324
vt 0.592776 0.755273
vt 0.560229 0.748888
vt 0.563042 0.747306
vt 0.955248 0.947386
vt 0.954211 0.916197
vt 0.962619 0.913944
vt 0.441462 0.990509
vt 0.444056 0.986016
vt 0.443939 0.992457
vt 0.405922 0.937006
vt 0.373432 0.948100
vt 0.374716 0.937006
vt 0.589302 0.763770
vt 0.052000 0.498464
vt 0.563005 0.768072
vt 0.388299 0.948513
vt 0.017170 0.786723
vt 0.008816 0.775356
vt 0.020078 0.775060
vt 0.055002 0.452386
vt 0.023473 0.788051
vt 0.615304 0.966548
vt 0.605846 0.764790
vt 0.618182 0.753386
vt 0.635003 0.749155
vt 0.636934 0.753470
vt 0.628631 0.764023
vt 0.601949 0.773242
vt 0.586876 0.772001
vt 0.960535 0.948092
vt 0.986988 0.730741
vt 0.994424 0.717861
vt 0.994910 0.745936
vt 0.482095 0.902047
vt 0.516927 0.876740
vt 0.500102 0.906528
vt 0.089849 0.105779
vt 0.065994 0.115845
vt 0.046809 0.106899
vt 0.404406 0.941167
vt 0.951856 0.984558
vt 0.934888 0.991470
vt 0.046648 0.113446
vt 0.322706 0.985421
vt 0.322706 0.991971
vt 0.317705 0.983567
vt 0.626319 0.980495
vt 0.630531 0.981864
vt 0.627464 0.989661
vt 0.318132 0.991935
vt 0.735822 0.979127
vt 0.755861 0.979127
vt 0.937504 0.080780
vt 0.952851 0.561345
vt 0.934152 0.984558
vt 0.739490 0.987605
vt 0.165578 0.650387
vt 0.173748 0.634083
vt 0.179653 0.660888
vt 0.167961 0.619074
vt 0.189283 0.640290
vt 0.178777 0.687677
vt 0.164002 0.672986
vt 0.194059 0.673146
vt 0.551440 0.428770
vt 0.511087 0.452112
vt 0.493250 0.424080
vt 0.509072 0.391701
vt 0.193259 0.661580
vt 0.208013 0.642644
vt 0.202206 0.629682
vt 0.493251 0.919979
vt 0.529743 0.919979
vt 0.521919 0.936185
vt 0.548225 0.393095
vt 0.225792 0.660487
vt 0.541872 0.362554
vt 0.219692 0.682654
vt 0.563197 0.423154
vt 0.730367 0.782571
vt 0.709080 0.788658
vt 0.706196 0.784686
vt 0.569669 0.337438
vt 0.703734 0.794050
vt 0.095530 0.121010
vt 0.276336 0.657731
vt 0.657598 0.769682
vt 0.582516 0.463208
vt 0.580067 0.345959
vt 0.118033 0.117046
vt 0.031048 0.349582
vt 0.034020 0.332728
vt 0.032821 0.372262
vt 0.577018 0.355963
vt 0.817729 0.241978
vt 0.813197 0.227154
vt 0.865816 0.237942
vt 0.046392 0.728820
vt 0.036778 0.749438
vt 0.038373 0.703106
vt 0.276800 0.663847
vt 0.613252 0.353488
vt 0.996173 0.480059
vt 0.998521 0.506892
vt 0.995608 0.507221
vt 0.577716 0.828466
vt 0.567959 0.801898
vt 0.614872 0.334216
vt 0.106459 0.099984
vt 0.794653 0.213990
vt 0.501372 0.823433
vt 0.499357 0.836300
vt 0.563823 0.827304
vt 0.567424 0.840292
vt 0.994121 0.418104
vt 0.991202 0.417848
vt 0.993180 0.391094
vt 0.476147 0.807379
vt 0.491915 0.792338
vt 0.579783 0.838613
vt 0.596307 0.850744
vt 0.454558 0.814729
vt 0.462044 0.793712
vt 0.411536 0.966811
vt 0.440225 0.966811
vt 0.430348 0.969099
vt 0.437963 0.837081
vt 0.350362 0.736469
vt 0.922596 0.043692
vt 0.922596 0.106015
vt 0.914488 0.078495
vt 0.431143 0.762666
vt 0.384402 0.768434
vt 0.422337 0.765892
vt 0.551002 0.314576
vt 0.560634 0.313211
vt 0.706688 0.816424
vt 0.118267 0.184087
vt 0.101063 0.184263
vt 0.574830 0.394386
vt 0.563192 0.817612
vt 0.478479 0.834941
vt 0.601681 0.848548
vt 0.493103 0.788163
vt 0.414753 0.709551
vt 0.359302 0.726293
vt 0.435842 0.730132
vt 0.485320 0.242936
vt 0.524448 0.211468
vt 0.509848 0.241650
vt 0.152797 0.374589
vt 0.127099 0.365275
vt 0.123385 0.358844
vt 0.144495 0.364633
vt 0.119227 0.315881
vt 0.103516 0.313159
vt 0.111828 0.301288
vt 0.979927 0.762809
vt 0.979927 0.794432
vt 0.978488 0.782258
vt 0.760710 0.978480
vt 0.750411 0.992655
vt 0.743204 0.987076
vt 0.550540 0.236271
vt 0.535720 0.243205
vt 0.148724 0.388347
vt 0.094853 0.297929
vt 0.109513 0.293642
vt 0.530221 0.249000
vt 0.798536 0.982042
vt 0.802734 0.994964
vt 0.794624 0.993034
vt 0.495933 0.254865
vt 0.090167 0.286601
vt 0.474593 0.255151
vt 0.069632 0.987621
vt 0.061672 0.983025
vt 0.085588 0.983037
vt 0.512267 0.297520
vt 0.528019 0.269173
vt 0.452558 0.245061
vt 0.108621 0.273368
vt 0.570537 0.991207
vt 0.578191 0.991207
vt 0.576106 0.998519
vt 0.155820 0.396208
vt 0.155241 0.405860
vt 0.468373 0.259936
vt 0.163584 0.395934
vt 0.092883 0.266380
vt 0.842914 0.987695
vt 0.838356 0.997468
vt 0.837615 0.983941
vt 0.482239 0.307496
vt 0.149117 0.408746
vt 0.110767 0.262778
vt 0.533046 0.278739
vt 0.167710 0.400863
vt 0.162380 0.405524
vt 0.006343 0.096729
vt 0.005263 0.080864
vt 0.006835 0.007368
vt 0.006835 0.014647
vt 0.002950 0.008647
vt 0.243088 0.972742
vt 0.236364 0.974960
vt 0.147487 0.432144
vt 0.239962 0.965209
vt 0.105393 0.246227
vt 0.487609 0.297014
vt 0.115673 0.246067
vt 0.137652 0.429512
vt 0.994138 0.983346
vt 0.997488 0.981000
vt 0.997545 0.989156
vt 0.319694 0.006942
vt 0.323653 0.001493
vt 0.330502 0.008292
vt 0.544958 0.291444
vt 0.551409 0.303356
vt 0.997804 0.077254
vt 0.983116 0.066582
vt 0.995237 0.069256
vt 0.118669 0.234021
vt 0.563098 0.298712
vt 0.126044 0.443314
vt 0.976278 0.884716
vt 0.968927 0.915186
vt 0.969682 0.887792
vt 0.021088 0.223022
vt 0.020167 0.199273
vt 0.029735 0.204479
vt 0.825636 0.976105
vt 0.822899 0.980847
vt 0.822603 0.968273
vt 0.236465 0.954101
vt 0.130843 0.445951
vt 0.553989 0.303378
vt 0.975262 0.908462
vt 0.350200 0.953124
vt 0.347222 0.960591
vt 0.347656 0.953234
vt 0.337748 0.951689
vt 0.981711 0.721283
vt 0.980107 0.730381
vt 0.981733 0.699658
vt 0.028962 0.227256
vt 0.978379 0.216205
vt 0.970251 0.202127
vt 0.977300 0.185458
vt 0.023601 0.239083
vt 0.354595 0.960738
vt 0.056905 0.061794
vt 0.367731 0.951953
vt 0.065052 0.075218
vt 0.991212 0.489096
vt 0.991212 0.461980
vt 0.996557 0.477261
vt 0.084984 0.099291
vt 0.070405 0.083249
vt 0.001852 0.926049
vt 0.000105 0.930848
vt 0.000464 0.921403
vt 0.443263 0.017562
vt 0.446886 0.006411
vt 0.448127 0.016006
vt 0.902193 0.988913
vt 0.907983 0.988913
vt 0.905192 0.997877
vt 0.054449 0.074351
vt 0.308022 0.006267
vt 0.299121 0.003057
vt 0.307216 0.000534
vt 0.299432 0.010718
vt 0.499089 0.320039
vt 0.313414 0.989909
vt 0.305471 0.996573
vt 0.306011 0.980433
vt 0.789896 0.995374
vt 0.785389 0.989171
vt 0.790932 0.985057
vt 0.537924 0.332620
vt 0.480549 0.325907
vt 0.511848 0.345529
vt 0.534189 0.358756
vt 0.525389 0.367788
vt 0.471078 0.234761
vt 0.001974 0.095559
vt 0.236815 0.970459
vt 0.063422 0.057754
vt 0.064377 0.065482
vt 0.083261 0.085825
vt 0.704511 0.946363
vt 0.735803 0.946363
vt 0.719500 0.961171
vt 0.323489 0.996495
vt 0.323489 0.982468
vt 0.339427 0.991029
vt 0.373791 0.950757
vt 0.384037 0.956700
vt 0.380895 0.974516
vt 0.065089 0.194622
vt 0.088845 0.183151
vt 0.079755 0.194622
vt 0.804709 0.988903
vt 0.819345 0.988903
vt 0.803453 0.996420
vt 0.817460 0.995670
vt 0.064776 0.160573
vt 0.076741 0.154794
vt 0.087902 0.173803
vt 0.073423 0.146376
vt 0.374693 0.977814
vt 0.282363 0.934793
vt 0.291743 0.918314
vt 0.292642 0.935332
vt 0.977297 0.286558
vt 0.967419 0.298331
vt 0.967652 0.266737
vt 0.312386 0.935830
vt 0.315485 0.944699
vt 0.282258 0.765968
vt 0.272489 0.776331
vt 0.253307 0.770590
vt 0.258568 0.759842
vt 0.311558 0.775671
vt 0.250795 0.785875
vt 0.659012 0.960857
vt 0.659986 0.947288
vt 0.674867 0.929553
vt 0.250970 0.801305
vt 0.238976 0.809884
vt 0.247094 0.817223
vt 0.226113 0.820392
vt 0.677583 0.960842
vt 0.998474 0.790586
vt 0.988316 0.778481
vt 0.998171 0.762741
vt 0.310696 0.791633
vt 0.253346 0.812681
vt 0.285937 0.808118
vt 0.584123 0.883033
vt 0.575351 0.873376
vt 0.584123 0.873772
vt 0.895179 0.143097
vt 0.869439 0.151461
vt 0.878298 0.125821
vt 0.623280 0.870851
vt 0.393656 0.847948
vt 0.380659 0.862459
vt 0.371000 0.839016
vt 0.284968 0.818989
vt 0.302296 0.816663
vt 0.275960 0.814576
vt 0.782495 0.827321
vt 0.828261 0.842191
vt 0.780460 0.849515
vt 0.896690 0.127005
vt 0.662906 0.856385
vt 0.654125 0.856385
vt 0.664274 0.844953
vt 0.893876 0.117727
vt 0.863380 0.110545
vt 0.091512 0.704595
vt 0.087678 0.661481
vt 0.124651 0.674938
vt 0.390484 0.867333
vt 0.847256 0.006464
vt 0.850700 0.000498
vt 0.860511 0.012222
vt 0.847440 0.086001
vt 0.167079 0.833961
vt 0.143101 0.834315
vt 0.158611 0.825493
vt 0.020005 0.683380
vt 0.013406 0.663073
vt 0.023776 0.660064
vt 0.886612 0.077502
vt 0.702160 0.857329
vt 0.395491 0.690099
vt 0.397792 0.665087
vt 0.419780 0.665513
vt 0.071001 0.914368
vt 0.090395 0.911953
vt 0.114284 0.914043
vt 0.704014 0.849644
vt 0.287064 0.936043
vt 0.288492 0.951592
vt 0.269579 0.951922
vt 0.419537 0.689337
vt 0.433109 0.685764
vt 0.659731 0.833728
vt 0.808338 0.000520
vt 0.711335 0.857878
vt 0.630041 0.012659
vt 0.591855 0.002182
vt 0.630041 0.000550
vt 0.405221 0.852475
vt 0.302339 0.941454
vt 0.587693 0.011536
vt 0.424010 0.838146
vt 0.110680 0.829754
vt 0.405170 0.864411
vt 0.121393 0.834037
vt 0.414651 0.707873
vt 0.674837 0.825585
vt 0.903928 0.907521
vt 0.892120 0.896865
vt 0.907853 0.896784
vt 0.403861 0.703014
vt 0.367377 0.692698
vt 0.710398 0.847766
vt 0.699341 0.836573
vt 0.832356 0.848342
vt 0.068691 0.912456
vt 0.793958 0.854675
vt 0.808363 0.007829
vt 0.444085 0.724346
vt 0.100275 0.706097
vt 0.123526 0.695064
vt 0.089843 0.707087
vt 0.102001 0.834487
vt 0.019563 0.886867
vt 0.017773 0.907327
vt 0.017130 0.872516
vt 0.089756 0.726484
vt 0.998422 0.257435
vt 0.998422 0.283171
vt 0.991793 0.270538
vt 0.434986 0.724083
vt 0.837936 0.844218
vt 0.365008 0.723126
vt 0.578863 0.009739
vt 0.780281 0.932226
vt 0.758724 0.940072
vt 0.746627 0.931748
vt 0.351903 0.708062
vt 0.799470 0.002118
vt 0.966551 0.441345
vt 0.956150 0.473355
vt 0.960938 0.437603
vt 0.801464 0.008562
vt 0.016222 0.323480
vt 0.022811 0.336989
vt 0.008500 0.324119
vt 0.512010 0.916432
vt 0.469399 0.914930
vt 0.454457 0.945902
vt 0.454457 0.960654
vt 0.423234 0.952780
vt 0.039244 0.533321
vt 0.051109 0.500723
vt 0.053221 0.543308
vt 0.956314 0.441155
vt 0.017041 0.336147
vt 0.068307 0.182312
vt 0.611971 0.883062
vt 0.934690 0.897776
vt 0.928635 0.904349
vt 0.480160 0.919219
vt 0.997007 0.471460
vt 0.991252 0.459119
vt 0.996425 0.444391
vt 0.201576 0.109054
vt 0.147393 0.089741
vt 0.170644 0.064879
vt 0.457629 0.704919
vt 0.468597 0.708584
vt 0.451690 0.750431
vt 0.977547 0.505364
vt 0.977547 0.476534
vt 0.988695 0.494437
vt 0.025438 0.098295
vt 0.018920 0.118353
vt 0.012233 0.096422
vt 0.979147 0.326544
vt 0.988533 0.353670
vt 0.978610 0.341914
vt 0.417036 0.857937
vt 0.421652 0.881441
vt 0.404286 0.866536
vt 0.985508 0.640058
vt 0.998304 0.659030
vt 0.969895 0.661315
vt 0.189506 0.062179
vt 0.208327 0.080655
vt 0.968415 0.357409
vt 0.431953 0.873515
vt 0.425802 0.841591
vt 0.462895 0.694798
vt 0.498978 0.684011
vt 0.131403 0.864664
vt 0.131403 0.909798
vt 0.122511 0.878738
vt 0.448870 0.017055
vt 0.448870 0.000558
vt 0.485573 0.008994
vt 0.432798 0.826485
vt 0.013247 0.405701
vt 0.030263 0.418064
vt 0.012300 0.418663
vt 0.913895 0.955789
vt 0.929040 0.950277
vt 0.946183 0.954653
vt 0.354690 0.010325
vt 0.289243 0.017919
vt 0.307717 0.007863
vt 0.522870 0.695263
vt 0.993994 0.676478
vt 0.312766 0.029754
vt 0.115473 0.571673
vt 0.143739 0.568246
vt 0.131636 0.591632
vt 0.362183 0.042914
vt 0.370404 0.018456
vt 0.386393 0.020478
vt 0.564574 0.890687
vt 0.525403 0.894814
vt 0.520828 0.873288
vt 0.085224 0.616360
vt 0.370954 0.066271
vt 0.248666 0.107089
vt 0.580513 0.858738
vt 0.622594 0.870014
vt 0.568697 0.872671
vt 0.248288 0.063302
vt 0.513617 0.726150
vt 0.342099 0.054527
vt 0.736044 0.998905
vt 0.736044 0.986418
vt 0.517618 0.888670
vt 0.105884 0.620110
vt 0.012928 0.886836
vt 0.012928 0.863653
vt 0.016426 0.868906
vt 0.930253 0.736629
vt 0.951012 0.723966
vt 0.945966 0.736629
vt 0.430893 0.814806
vt 0.416611 0.833067
vt 0.410900 0.814806
vt 0.514128 0.960344
vt 0.520493 0.940697
vt 0.523447 0.956952
vt 0.366543 0.067480
vt 0.886484 0.966971
vt 0.900000 0.985573
vt 0.873484 0.978567
vt 0.064153 0.952261
vt 0.086533 0.968521
vt 0.068094 0.972886
vt 0.911382 0.662415
vt 0.918546 0.671585
vt 0.897336 0.679361
vt 0.926189 0.720615
vt 0.505975 0.956025
vt 0.505908 0.928599
vt 0.394409 0.828898
vt 0.249867 0.069412
vt 0.820762 0.883189
vt 0.820762 0.895676
vt 0.771214 0.889568
vt 0.918408 0.190048
vt 0.922101 0.147830
vt 0.921493 0.209802
vt 0.368520 0.814682
vt 0.948483 0.686522
vt 0.506022 0.836843
vt 0.502057 0.804546
vt 0.561055 0.823526
vt 0.939178 0.647792
vt 0.926684 0.645003
vt 0.931339 0.683136
vt 0.946597 0.662338
vt 0.781199 0.918602
vt 0.745219 0.930293
vt 0.755868 0.914619
vt 0.944301 0.649146
vt 0.548794 0.836196
vt 0.012095 0.052221
vt 0.011394 0.038849
vt 0.028724 0.058081
vt 0.020994 0.037321
vt 0.020382 0.228593
vt 0.010732 0.222118
vt 0.020382 0.223294
vt 0.005059 0.229447
vt 0.749279 0.995643
vt 0.285461 0.914173
vt 0.272092 0.897061
vt 0.312546 0.886219
vt 0.298481 0.909783
vt 0.648039 0.988771
vt 0.648039 0.998509
vt 0.640121 0.995882
vt 0.997973 0.836784
vt 0.990467 0.857407
vt 0.989796 0.829971
vt 0.991332 0.277894
vt 0.997905 0.284468
vt 0.992863 0.303808
vt 0.999342 0.114981
vt 0.979621 0.103976
vt 0.994397 0.093559
vt 0.980353 0.121216
vt 0.087835 0.783131
vt 0.055773 0.775823
vt 0.072366 0.773837
vt 0.056667 0.752108
vt 0.073942 0.765644
vt 0.331230 0.008061
vt 0.333848 0.000007
vt 0.344406 0.008799
vt 0.997372 0.980392
vt 0.980124 0.980876
vt 0.981835 0.961317
vt 0.999281 0.100478
vt 0.698346 0.988088
vt 0.708953 0.978197
vt 0.701019 0.996363
vt 0.997156 0.956012
vt 0.034728 0.965548
vt 0.026097 0.964488
vt 0.024959 0.941497
vt 0.381065 0.880737
vt 0.343343 0.888755
vt 0.336157 0.866138
vt 0.716527 0.991631
vt 0.067127 0.800204
vt 0.193350 0.964009
vt 0.202443 0.962076
vt 0.194329 0.983618
vt 0.716008 0.921821
vt 0.047660 0.801453
vt 0.064861 0.815896
vt 0.036920 0.787847
vt 0.065014 0.488716
vt 0.048865 0.495014
vt 0.030477 0.487585
vt 0.051163 0.468001
vt 0.027310 0.501326
vt 0.053239 0.077002
vt 0.042775 0.087466
vt 0.045054 0.069618
vt 0.036398 0.867486
vt 0.055670 0.873747
vt 0.034283 0.893767
vt 0.401985 0.917501
vt 0.385523 0.936209
vt 0.357800 0.922687
vt 0.369842 0.895983
vt 0.017227 0.867544
vt 0.022726 0.875517
vt 0.020804 0.884831
vt 0.950834 0.002268
vt 0.948591 0.014986
vt 0.941413 0.000023
vt 0.209983 0.852071
vt 0.222853 0.868663
vt 0.209983 0.869724
vt 0.950507 0.036217
vt 0.035589 0.460769
vt 0.052918 0.449261
vt 0.165040 0.869986
vt 0.158508 0.879876
vt 0.140584 0.881445
vt 0.963556 0.402682
vt 0.956698 0.404519
vt 0.957866 0.368475
vt 0.148272 0.867577
vt 0.017178 0.461795
vt 0.054093 0.049637
vt 0.052681 0.930817
vt 0.053831 0.913838
vt 0.059446 0.929005
vt 0.366814 0.934152
vt 0.242325 0.857511
vt 0.021768 0.930598
vt 0.008434 0.691094
vt 0.026791 0.685129
vt 0.023018 0.691030
vt 0.938446 0.050858
vt 0.934196 0.015348
vt 0.037314 0.454390
vt 0.065747 0.585210
vt 0.068634 0.591696
vt 0.047969 0.590108
vt 0.188214 0.977290
vt 0.178793 0.963835
vt 0.189114 0.950303
vt 0.068184 0.086263
vt 0.082969 0.098669
vt 0.037383 0.088903
vt 0.866098 0.478464
vt 0.913256 0.484947
vt 0.889834 0.498381
vt 0.946180 0.678736
vt 0.932838 0.669394
vt 0.949470 0.673005
vt 0.870753 0.953682
vt 0.882347 0.956788
vt 0.849551 0.955894
vt 0.043957 0.042671
vt 0.243733 0.872962
vt 0.900824 0.679432
vt 0.185465 0.880696
vt 0.084614 0.616845
vt 0.023701 0.900885
vt 0.045675 0.097715
vt 0.952095 0.253204
vt 0.952095 0.217441
vt 0.955928 0.227637
vt 0.530367 0.970271
vt 0.560142 0.970271
vt 0.554755 0.974935
vt 0.190630 0.873661
vt 0.844615 0.949226
vt 0.850765 0.959878
vt 0.827538 0.953717
vt 0.829604 0.960119
vt 0.255385 0.848041
vt 0.847610 0.978337
vt 0.844914 0.986637
vt 0.826558 0.976181
vt 0.120116 0.992144
vt 0.108200 0.990043
vt 0.126634 0.989265
vt 0.187271 0.949484
vt 0.178018 0.962699
vt 0.157152 0.949239
vt 0.908253 0.447977
vt 0.886701 0.432796
vt 0.913158 0.430190
vt 0.258358 0.872884
vt 0.261641 0.874562
vt 0.873487 0.442475
vt 0.849731 0.966533
vt 0.850636 0.977388
vt 0.829056 0.975376
vt 0.822914 0.966645
vt 0.766496 0.948615
vt 0.729101 0.963084
vt 0.744643 0.941515
vt 0.651324 0.821868
vt 0.640592 0.823186
vt 0.653439 0.794103
vt 0.759201 0.962010
vt 0.966804 0.013230
vt 0.985740 0.019383
vt 0.968292 0.044989
vt 0.252527 0.001112
vt 0.642978 0.846308
vt 0.803267 0.991608
vt 0.798938 0.979716
vt 0.803312 0.971699
vt 0.944561 0.955524
vt 0.936426 0.965219
vt 0.914539 0.957392
vt 0.685802 0.929914
vt 0.677828 0.919401
vt 0.252527 0.035092
vt 0.263129 0.009344
vt 0.865682 0.940271
vt 0.865682 0.920785
vt 0.901441 0.934687
vt 0.024827 0.660931
vt 0.021661 0.642970
vt 0.035091 0.656264
vt 0.791248 0.949380
vt 0.796631 0.929289
vt 0.818731 0.948632
vt 0.027668 0.683840
vt 0.154947 0.930350
vt 0.116580 0.930350
vt 0.128088 0.917008
vt 0.961366 0.809962
vt 0.928092 0.799151
vt 0.965744 0.775165
vt 0.021920 0.681527
vt 0.825680 0.930427
vt 0.328446 0.968378
vt 0.358442 0.978240
vt 0.329386 0.977321
vt 0.240297 0.962879
vt 0.264596 0.970774
vt 0.248611 0.978413
vt 0.345636 0.144689
vt 0.381181 0.119008
vt 0.350501 0.149554
vt 0.000338 0.876069
vt 0.006317 0.874446
vt 0.011182 0.879311
vt 0.361256 0.093162
vt 0.351683 0.116779
vt 0.342646 0.958159
vt 0.000161 0.885059
vt 0.383018 0.150967
vt 0.286356 0.957150
vt 0.302819 0.942815
vt 0.317149 0.952849
vt 0.999801 0.079944
vt 0.995167 0.090352
vt 0.982098 0.092267
vt 0.399084 0.108590
vt 0.409486 0.141671
vt 0.965197 0.988186
vt 0.953127 0.978057
vt 0.974955 0.978191
vt 0.012070 0.887296
vt 0.286592 0.966188
vt 0.317362 0.964964
vt 0.449079 0.117285
vt 0.998493 0.587534
vt 0.993679 0.577209
vt 0.998349 0.559727
vt 0.431017 0.094091
vt 0.455734 0.106831
vt 0.843301 0.531588
vt 0.826511 0.503704
vt 0.845649 0.523905
vt 0.835130 0.500113
vt 0.023406 0.789328
vt 0.031798 0.820648
vt 0.021039 0.829557
vt 0.909822 0.374850
vt 0.904674 0.349350
vt 0.933639 0.354457
vt 0.321910 0.892039
vt 0.294635 0.918379
vt 0.833093 0.481972
vt 0.940609 0.375525
vt 0.933103 0.893511
vt 0.954533 0.894371
vt 0.942734 0.901310
vt 0.814649 0.478283
vt 0.903533 0.322444
vt 0.898522 0.332163
vt 0.326769 0.925242
vt 0.443688 0.130739
vt 0.811885 0.442483
vt 0.949324 0.914219
vt 0.966115 0.912824
vt 0.829194 0.466316
vt 0.894261 0.695048
vt 0.885178 0.723069
vt 0.864413 0.714254
vt 0.008623 0.702108
vt 0.018526 0.715739
vt 0.005936 0.724506
vt 0.330121 0.912655
vt 0.889000 0.319139
vt 0.310433 0.930833
vt 0.933177 0.341440
vt 0.915982 0.316256
vt 0.942703 0.327040
vt 0.964950 0.371446
vt 0.982575 0.358640
vt 0.985638 0.392828
vt 0.854494 0.687237
vt 0.954709 0.153414
vt 0.966034 0.154705
vt 0.959723 0.167092
vt 0.790248 0.877821
vt 0.793145 0.856364
vt 0.821523 0.851361
vt 0.892296 0.680274
vt 0.883854 0.668403
vt 0.774674 0.848393
vt 0.981279 0.937976
vt 0.967993 0.945647
vt 0.983626 0.929839
vt 0.954960 0.129386
vt 0.967450 0.915899
vt 0.826108 0.878612
vt 0.955720 0.122708
vt 0.955720 0.085217
vt 0.966491 0.086297
vt 0.856310 0.716716
vt 0.907220 0.911187
vt 0.941867 0.901903
vt 0.851043 0.665450
vt 0.944707 0.917102
vt 0.907054 0.935753
vt 0.935909 0.936159
vt 0.864142 0.654660
vt 0.820514 0.706346
vt 0.848740 0.647326
vt 0.856168 0.641413
vt 0.673689 0.987631
vt 0.677525 0.972251
vt 0.396249 0.104796
vt 0.315461 0.885703
vt 0.911076 0.921302
vt 0.652710 0.980815
vt 0.126645 0.687688
vt 0.125366 0.676690
vt 0.144830 0.647433
vt 0.167003 0.696612
vt 0.202867 0.691462
vt 0.191568 0.726038
vt 0.120518 0.709603
vt 0.181446 0.729142
vt 0.126256 0.742866
vt 0.821304 0.958135
vt 0.821304 0.981689
vt 0.811279 0.964353
vt 0.267503 0.988149
vt 0.245707 0.981067
vt 0.267333 0.971734
vt 0.422658 0.976805
vt 0.413998 0.987127
vt 0.399749 0.976180
vt 0.012173 0.863181
vt 0.012173 0.878502
vt 0.002994 0.864478
vt 0.148125 0.752763
vt 0.966491 0.162166
vt 0.966594 0.180133
vt 0.954639 0.174017
vt 0.471351 0.986865
vt 0.487553 0.975094
vt 0.484816 0.990170
vt 0.008329 0.759497
vt 0.019718 0.743822
vt 0.021026 0.764006
vt 0.127846 0.445935
vt 0.166174 0.463807
vt 0.112888 0.464535
vt 0.868275 0.956974
vt 0.852469 0.977957
vt 0.956592 0.187993
vt 0.172674 0.750642
vt 0.922098 0.988102
vt 0.902266 0.988102
vt 0.905881 0.974716
vt 0.960376 0.199380
vt 0.208397 0.806857
vt 0.245884 0.796607
vt 0.224966 0.819803
vt 0.100403 0.472731
vt 0.121637 0.474307
vt 0.109807 0.483549
vt 0.093122 0.462770
vt 0.788632 0.364657
vt 0.785256 0.350030
vt 0.806513 0.372916
vt 0.080418 0.505743
vt 0.809712 0.394855
vt 0.244788 0.786062
vt 0.201750 0.800395
vt 0.812903 0.372898
vt 0.227116 0.781469
vt 0.814243 0.436902
vt 0.830694 0.400128
vt 0.825846 0.438620
vt 0.821441 0.361277
vt 0.191541 0.782569
vt 0.187653 0.799757
vt 0.021440 0.350881
vt 0.014033 0.356552
vt 0.010838 0.351018
vt 0.920899 0.516276
vt 0.942228 0.531323
vt 0.921691 0.551860
vt 0.411029 0.992343
vt 0.429480 0.992343
vt 0.416903 0.994448
vt 0.174860 0.787176
vt 0.021451 0.357120
vt 0.939699 0.558765
vt 0.924934 0.569829
vt 0.553677 0.813579
vt 0.536371 0.813579
vt 0.566976 0.791118
vt 0.019810 0.369765
vt 0.501028 0.802564
vt 0.532091 0.791930
vt 0.795333 0.586926
vt 0.831464 0.565132
vt 0.823260 0.603050
vt 0.800213 0.607606
vt 0.819116 0.642772
vt 0.110692 0.617248
vt 0.134511 0.594650
vt 0.122475 0.612002
vt 0.011986 0.100947
vt 0.017453 0.117774
vt 0.007009 0.119699
vt 0.946518 0.542439
vt 0.966402 0.480287
vt 0.961381 0.461548
vt 0.966702 0.444860
vt 0.117004 0.645838
vt 0.094264 0.656526
vt 0.104525 0.659264
vt 0.595645 0.989247
vt 0.601164 0.974084
vt 0.601517 0.991669
vt 0.789325 0.631757
vt 0.525403 0.996503
vt 0.509333 0.996503
vt 0.516461 0.980503
vt 0.090049 0.645382
vt 0.018531 0.095171
vt 0.018220 0.060896
vt 0.036574 0.089308
vt 0.631782 0.910116
vt 0.641903 0.931820
vt 0.608258 0.932350
vt 0.749750 0.585233
vt 0.753291 0.568487
vt 0.326827 0.935897
vt 0.353212 0.917736
vt 0.362996 0.934682
vt 0.030442 0.071432
vt 0.335646 0.916843
vt 0.762209 0.600305
vt 0.644678 0.917708
vt 0.790994 0.664321
vt 0.434723 0.988657
vt 0.415082 0.988657
vt 0.428728 0.974650
vt 0.780770 0.590368
vt 0.160336 0.959885
vt 0.156023 0.976449
vt 0.136382 0.976449
vt 0.132227 0.959461
vt 0.780791 0.611080
vt 0.763581 0.609857
vt 0.772588 0.639395
vt 0.777941 0.629166
vt 0.011775 0.891126
vt 0.016600 0.882769
vt 0.015574 0.905880
vt 0.851881 0.958121
vt 0.176246 0.803482
vt 0.770568 0.580230
vt 0.321929 0.601458
vt 0.352107 0.582495
vt 0.359948 0.624940
vt 0.369385 0.613242
vt 0.384046 0.579598
vt 0.393073 0.609204
vt 0.319998 0.630795
vt 0.324290 0.643891
vt 0.390992 0.614352
vt 0.419032 0.580185
vt 0.419418 0.587401
vt 0.585098 0.909994
vt 0.578307 0.935826
vt 0.373300 0.637147
vt 0.421940 0.527437
vt 0.428552 0.573001
vt 0.414335 0.626111
vt 0.055526 0.171839
vt 0.061067 0.140413
vt 0.402631 0.628239
vt 0.427131 0.601576
vt 0.432727 0.588783
vt 0.411232 0.664343
vt 0.442183 0.614338
vt 0.426849 0.634956
vt 0.837964 0.898285
vt 0.796087 0.911892
vt 0.809647 0.905085
vt 0.429970 0.653492
vt 0.466059 0.575704
vt 0.482230 0.606548
vt 0.001050 0.439722
vt 0.008709 0.429180
vt 0.012160 0.442640
vt 0.967446 0.461853
vt 0.986566 0.457089
vt 0.986566 0.485671
vt 0.085926 0.993568
vt 0.068673 0.993568
vt 0.072700 0.989309
vt 0.978174 0.412990
vt 0.986153 0.421253
vt 0.971626 0.426907
vt 0.968151 0.457994
vt 0.988115 0.426777
vt 0.018020 0.306362
vt 0.005464 0.315485
vt 0.465637 0.643313
vt 0.010361 0.300222
vt 0.984556 0.454427
vt 0.460795 0.656609
vt 0.024267 0.428590
vt 0.013430 0.443505
vt 0.008023 0.418530
vt 0.472696 0.623684
vt 0.498495 0.617430
vt 0.961983 0.435611
vt 0.514500 0.967719
vt 0.526724 0.968789
vt 0.510904 0.976018
vt 0.471409 0.644160
vt 0.479066 0.654656
vt 0.497738 0.967776
vt 0.490353 0.658623
vt 0.578982 0.901259
vt 0.063359 0.187375
vt 0.014088 0.298997
vt 0.084535 0.874974
vt 0.072571 0.885746
vt 0.075772 0.863648
vt 0.007471 0.005239
vt 0.015523 0.000208
vt 0.010688 0.016426
vt 0.108568 0.873542
vt 0.094284 0.893108
vt 0.962584 0.998496
vt 0.950960 0.997887
vt 0.950331 0.993676
vt 0.016886 0.620435
vt 0.021679 0.628737
vt 0.009484 0.626381
vt 0.098849 0.929155
vt 0.098961 0.945132
vt 0.092513 0.938910
vt 0.007439 0.638802
vt 0.022404 0.639349
vt 0.114986 0.947541
vt 0.102276 0.950982
vt 0.605150 0.996535
vt 0.602315 0.987810
vt 0.619309 0.988077
vt 0.121166 0.883793
vt 0.923127 0.977781
vt 0.910473 0.977181
vt 0.915018 0.966474
vt 0.127643 0.939056
vt 0.011766 0.519885
vt 0.005456 0.506014
vt 0.016559 0.511583
vt 0.923041 0.961553
vt 0.108372 0.895648
vt 0.005880 0.503110
vt 0.490109 0.893752
vt 0.514713 0.873371
vt 0.515051 0.876287
vt 0.030430 0.446820
vt 0.034109 0.456320
vt 0.017261 0.460834
vt 0.929896 0.967650
vt 0.024543 0.447750
vt 0.087998 0.895028
vt 0.443403 0.018549
vt 0.460270 0.016622
vt 0.464557 0.026162
vt 0.940310 0.967210
vt 0.241120 0.990872
vt 0.238845 0.997875
vt 0.230504 0.991539
vt 0.489774 0.874361
vt 0.016544 0.504219
vt 0.733625 0.986929
vt 0.733625 0.993502
vt 0.720387 0.988522
vt 0.020351 0.828672
vt 0.006068 0.836918
vt 0.006577 0.818659
vt 0.477486 0.892688
vt 0.471080 0.874301
vt 0.435507 0.995010
vt 0.435507 0.981507
vt 0.441205 0.988498
vt 0.027742 0.429290
vt 0.018417 0.439254
vt 0.551471 0.978506
vt 0.560564 0.972824
vt 0.553827 0.991462
vt 0.894654 0.877228
vt 0.938259 0.877228
vt 0.892516 0.880640
vt 0.907575 0.891853
vt 0.941144 0.887270
vt 0.844543 0.910327
vt 0.838577 0.901806
vt 0.882069 0.904933
vt 0.466111 0.934463
vt 0.477855 0.935490
vt 0.439953 0.936379
vt 0.016978 0.818810
vt 0.995572 0.077209
vt 0.995572 0.081225
vt 0.980900 0.066775
vt 0.170274 0.994760
vt 0.182955 0.998880
vt 0.172826 0.997861
vt 0.582290 0.990493
vt 0.583742 0.986024
vt 0.586007 0.988945
vt 0.934877 0.977672
vt 0.980455 0.091249
vt 0.493693 0.027684
vt 0.344415 0.895756
vt 0.330402 0.909769
vt 0.329753 0.884819
vt 0.868772 0.998916
vt 0.860750 0.987875
vt 0.873594 0.990780
vt 0.996821 0.065810
vt 0.987903 0.042681
vt 0.996821 0.041332
vt 0.994342 0.832601
vt 0.985045 0.812664
vt 0.997718 0.831096
vt 0.467825 0.885997
vt 0.654836 0.894412
vt 0.667369 0.924100
vt 0.657897 0.916196
vt 0.471787 0.015525
vt 0.044697 0.396844
vt 0.057728 0.412800
vt 0.041740 0.400496
vt 0.974804 0.060264
vt 0.017381 0.060329
vt 0.017381 0.079104
vt 0.010017 0.077927
vt 0.063170 0.401606
vt 0.998321 0.804874
vt 0.986643 0.808196
vt 0.031527 0.430378
vt 0.527805 0.056793
vt 0.504388 0.065070
vt 0.334151 0.866650
vt 0.033194 0.764856
vt 0.034227 0.774257
vt 0.024540 0.770731
vt 0.054764 0.418716
vt 0.753657 0.990555
vt 0.762977 0.977727
vt 0.762350 0.995854
vt 0.022035 0.777802
vt 0.028631 0.804066
vt 0.033261 0.805105
vt 0.489743 0.008576
vt 0.019019 0.423517
vt 0.070917 0.891404
vt 0.080874 0.908661
vt 0.056624 0.914202
vt 0.523752 0.071360
vt 0.032065 0.418813
vt 0.503123 0.011236
vt 0.083171 0.896424
vt 0.088536 0.909494
vt 0.076167 0.425074
vt 0.983356 0.615153
vt 0.976458 0.615842
vt 0.977514 0.624304
vt 0.090425 0.899205
vt 0.244386 0.975157
vt 0.241553 0.985729
vt 0.241426 0.974153
vt 0.049827 0.908143
vt 0.053419 0.902171
vt 0.785089 0.965521
vt 0.775621 0.960031
vt 0.780953 0.953677
vt 0.520053 0.026213
vt 0.008532 0.491294
vt 0.009219 0.481652
vt 0.012157 0.480583
vt 0.016420 0.486816
vt 0.679313 0.927945
vt 0.533771 0.003105
vt 0.545345 0.001873
vt 0.006843 0.018284
vt 0.003005 0.022859
vt 0.002941 0.010899
vt 0.392800 0.957742
vt 0.388562 0.964525
vt 0.385086 0.954106
vt 0.011330 0.852055
vt 0.001162 0.849303
vt 0.001162 0.839637
vt 0.971441 0.625612
vt 0.392799 0.976422
vt 0.016416 0.498379
vt 0.775613 0.949497
vt 0.072305 0.429477
vt 0.527142 0.000558
vt 0.666185 0.929952
vt 0.018423 0.511846
vt 0.018423 0.530717
vt 0.007995 0.528812
vt 0.785542 0.935164
vt 0.043993 0.907123
vt 0.036776 0.896422
vt 0.019544 0.741724
vt 0.009296 0.755830
vt 0.005896 0.750339
vt 0.039925 0.890092
vt 0.069992 0.869862
vt 0.019979 0.219979
vt 0.008886 0.204712
vt 0.019336 0.204678
vt 0.016450 0.838748
vt 0.015935 0.619774
vt 0.001677 0.619774
vt 0.012111 0.614570
vt 0.630018 0.979628
vt 0.627443 0.979763
vt 0.067808 0.867599
vt 0.972782 0.997434
vt 0.970197 0.989479
vt 0.983325 0.988868
vt 0.673009 0.907502
vt 0.971145 0.596012
vt 0.626342 0.969846
vt 0.421820 0.016559
vt 0.438418 0.019188
vt 0.425434 0.030447
vt 0.081444 0.366442
vt 0.100273 0.414869
vt 0.079350 0.383500
vt 0.441594 0.007851
vt 0.394021 0.038458
vt 0.095116 0.375111
vt 0.429890 0.004906
vt 0.188144 0.801107
vt 0.205397 0.807557
vt 0.191259 0.813601
vt 0.097742 0.157997
vt 0.097742 0.176416
vt 0.089635 0.159082
vt 0.174674 0.806672
vt 0.203360 0.828034
vt 0.391815 0.025712
vt 0.580254 0.828588
vt 0.631252 0.840524
vt 0.600258 0.845374
vt 0.094144 0.120061
vt 0.350733 0.859298
vt 0.315300 0.872194
vt 0.299463 0.858237
vt 0.638435 0.828305
vt 0.957875 0.812765
vt 0.966025 0.824848
vt 0.945892 0.817851
vt 0.227478 0.836858
vt 0.020892 0.645031
vt 0.022916 0.657807
vt 0.007906 0.645937
vt 0.328908 0.857544
vt 0.358900 0.841868
vt 0.347671 0.855903
vt 0.105093 0.413436
vt 0.130085 0.000057
vt 0.117443 0.013642
vt 0.077841 0.013642
vt 0.370539 0.069947
vt 0.349114 0.836331
vt 0.818524 0.820792
vt 0.866153 0.829190
vt 0.807971 0.829210
vt 0.087088 0.000784
vt 0.954202 0.841117
vt 0.478108 0.181840
vt 0.457283 0.207320
vt 0.443996 0.203400
vt 0.448893 0.209802
vt 0.869622 0.815063
vt 0.460741 0.172851
vt 0.036010 0.532249
vt 0.019329 0.543484
vt 0.019746 0.532249
vt 0.304016 0.857390
vt 0.318397 0.835215
vt 0.940041 0.843301
vt 0.350983 0.002475
vt 0.360274 0.011139
vt 0.020761 0.126257
vt 0.028652 0.147940
vt 0.021769 0.165817
vt 0.819325 0.812669
vt 0.446791 0.169922
vt 0.423784 0.208296
vt 0.813894 0.823242
vt 0.777189 0.820641
vt 0.760959 0.770691
vt 0.790841 0.787400
vt 0.621675 0.885186
vt 0.620158 0.902522
vt 0.582601 0.883612
vt 0.941175 0.315122
vt 0.928688 0.292881
vt 0.938902 0.264819
vt 0.777386 0.774037
vt 0.398039 0.022965
vt 0.032835 0.503966
vt 0.460324 0.130532
vt 0.431536 0.166552
vt 0.589114 0.913355
vt 0.423332 0.168863
vt 0.488022 0.141927
vt 0.447210 0.130159
vt 0.018785 0.501526
vt 0.438499 0.161808
vt 0.133302 0.957291
vt 0.151621 0.932077
vt 0.156326 0.958823
vt 0.498849 0.179086
vt 0.971756 0.545201
vt 0.991177 0.528906
vt 0.988052 0.555274
vt 0.791983 0.773185
vt 0.578423 0.897680
vt 0.478861 0.129728
vt 0.971267 0.655088
vt 0.971267 0.626223
vt 0.988616 0.634195
vt 0.935721 0.323243
vt 0.514182 0.132485
vt 0.534064 0.172082
vt 0.543181 0.196129
vt 0.514472 0.183696
vt 0.490736 0.130150
vt 0.976947 0.329520
vt 0.967279 0.299171
vt 0.529569 0.136016
vt 0.557099 0.183131
vt 0.555688 0.145601
vt 0.610636 0.936417
vt 0.620125 0.961821
vt 0.587801 0.961821
vt 0.595950 0.936581
vt 0.393976 0.003353
vt 0.961857 0.528875
vt 0.976947 0.297681
vt 0.485222 0.974834
vt 0.472932 0.983286
vt 0.465267 0.974151
vt 0.462919 0.979116
vt 0.004685 0.911374
vt 0.001807 0.922115
vt 0.001186 0.907141
vt 0.003025 0.764317
vt 0.018012 0.764317
vt 0.005841 0.769930
vt 0.527214 0.945619
vt 0.553242 0.958358
vt 0.550102 0.963796
vt 0.541417 0.942270
vt 0.864354 0.760729
vt 0.865290 0.772543
vt 0.838732 0.774866
vt 0.848903 0.753549
vt 0.125545 0.268952
vt 0.144743 0.240580
vt 0.145146 0.267237
vt 0.124986 0.222596
vt 0.140807 0.273866
vt 0.139245 0.187793
vt 0.785728 0.772150
vt 0.522590 0.963482
vt 0.818020 0.758829
vt 0.953441 0.917089
vt 0.947733 0.949462
vt 0.947854 0.914531
vt 0.123935 0.201844
vt 0.832461 0.735142
vt 0.848114 0.181036
vt 0.873994 0.185556
vt 0.847587 0.227375
vt 0.869027 0.238235
vt 0.866425 0.717306
vt 0.133903 0.186506
vt 0.479530 0.989928
vt 0.484756 0.991625
vt 0.481041 0.995884
vt 0.875859 0.240760
vt 0.873274 0.251317
vt 0.877305 0.208290
vt 0.940362 0.560472
vt 0.952080 0.539332
vt 0.967662 0.542161
vt 0.884215 0.250797
vt 0.881042 0.252428
vt 0.651764 0.394971
vt 0.630205 0.399203
vt 0.642326 0.380198
vt 0.887972 0.222419
vt 0.837123 0.718699
vt 0.635251 0.515105
vt 0.636205 0.484760
vt 0.897521 0.230115
vt 0.074019 0.113685
vt 0.103050 0.103864
vt 0.085600 0.124485
vt 0.108153 0.841736
vt 0.144427 0.853373
vt 0.135929 0.854688
vt 0.657961 0.426551
vt 0.636789 0.424050
vt 0.652635 0.414277
vt 0.883207 0.187007
vt 0.893504 0.200573
vt 0.613545 0.402827
vt 0.167777 0.836931
vt 0.131473 0.836604
vt 0.597431 0.403755
vt 0.584240 0.386578
vt 0.087257 0.151028
vt 0.066715 0.141946
vt 0.986106 0.001041
vt 0.997506 0.010608
vt 0.973629 0.010700
vt 0.067395 0.117721
vt 0.497939 0.732094
vt 0.512866 0.727893
vt 0.516050 0.731156
vt 0.479866 0.737194
vt 0.489623 0.719381
vt 0.518032 0.725993
vt 0.522261 0.755013
vt 0.487118 0.747444
vt 0.621454 0.476993
vt 0.592851 0.411476
vt 0.485777 0.967736
vt 0.462369 0.974008
vt 0.456982 0.966794
vt 0.041720 0.446448
vt 0.041737 0.410962
vt 0.060558 0.424777
vt 0.498260 0.753260
vt 0.088458 0.944926
vt 0.083985 0.949399
vt 0.055378 0.945979
vt 0.628136 0.434899
vt 0.057342 0.449116
vt 0.620772 0.494161
vt 0.548299 0.738924
vt 0.607237 0.456015
vt 0.587036 0.432529
vt 0.539997 0.759879
vt 0.457787 0.974090
vt 0.469585 0.990327
vt 0.445288 0.991664
vt 0.074719 0.438071
vt 0.466378 0.739306
vt 0.583176 0.448335
vt 0.599030 0.483322
vt 0.582389 0.460385
vt 0.471162 0.763495
vt 0.581276 0.437096
vt 0.655797 0.495586
vt 0.646889 0.475229
vt 0.638233 0.460324
vt 0.637904 0.438773
vt 0.013930 0.925988
vt 0.016403 0.911961
vt 0.015925 0.933930
vt 0.045766 0.217543
vt 0.045162 0.209376
vt 0.055621 0.206574
vt 0.045946 0.231785
vt 0.052648 0.233385
vt 0.054967 0.217684
vt 0.050166 0.200804
vt 0.049653 0.243423
vt 0.053918 0.202668
vt 0.043361 0.059217
vt 0.034609 0.053637
vt 0.041312 0.048944
vt 0.043298 0.075088
vt 0.041606 0.086088
vt 0.038232 0.075959
vt 0.273348 0.985506
vt 0.272399 0.995982
vt 0.711295 0.365481
vt 0.733284 0.405453
vt 0.709769 0.388379
vt 0.039492 0.989470
vt 0.040925 0.993407
vt 0.024143 0.992888
vt 0.997921 0.754288
vt 0.986894 0.742611
vt 0.990538 0.740404
vt 0.036894 0.047474
vt 0.735402 0.382754
vt 0.025622 0.063533
vt 0.984956 0.753109
vt 0.693728 0.358433
vt 0.698982 0.378379
vt 0.677967 0.369854
vt 0.668866 0.376709
vt 0.666711 0.372980
vt 0.723748 0.345815
vt 0.654251 0.361501
vt 0.716829 0.336262
vt 0.990658 0.769870
vt 0.670285 0.347344
vt 0.654139 0.369129
vt 0.900589 0.589008
vt 0.902441 0.602959
vt 0.873353 0.594289
vt 0.968239 0.510012
vt 0.974817 0.509437
vt 0.970672 0.516897
vt 0.980079 0.050882
vt 0.969221 0.051261
vt 0.987237 0.026523
vt 0.970508 0.044784
vt 0.995231 0.765002
vt 0.918676 0.600589
vt 0.690355 0.340862
vt 0.727248 0.331863
vt 0.647493 0.368544
vt 0.708247 0.324993
vt 0.945267 0.508433
vt 0.983167 0.025549
vt 0.917305 0.563511
vt 0.914909 0.571907
vt 0.992896 0.218174
vt 0.992896 0.192785
vt 0.995851 0.208234
vt 0.911511 0.586906
vt 0.977923 0.526867
vt 0.733055 0.332109
vt 0.922269 0.560719
vt 0.241454 0.123558
vt 0.211816 0.126212
vt 0.232808 0.122749
vt 0.001980 0.211632
vt 0.001980 0.195902
vt 0.004870 0.202763
vt 0.958838 0.525273
vt 0.922821 0.563814
vt 0.969191 0.528260
vt 0.622519 0.994089
vt 0.622519 0.987809
vt 0.626502 0.989094
vt 0.196756 0.983400
vt 0.203440 0.962831
vt 0.203076 0.984332
vt 0.657403 0.354184
vt 0.966384 0.822815
vt 0.969696 0.796578
vt 0.696899 0.314302
vt 0.215604 0.122036
vt 0.228874 0.998459
vt 0.222755 0.997046
vt 0.229375 0.991031
vt 0.666299 0.316076
vt 0.719063 0.318438
vt 0.984181 0.826739
vt 0.217298 0.986864
vt 0.012257 0.951505
vt 0.016608 0.943484
vt 0.015347 0.951776
vt 0.645861 0.350456
vt 0.012753 0.851237
vt 0.016631 0.843999
vt 0.021493 0.838785
vt 0.019057 0.830760
vt 0.020521 0.694727
vt 0.020521 0.716231
vt 0.012257 0.702800
vt 0.983997 0.794592
vt 0.040734 0.986914
vt 0.027324 0.988087
vt 0.040853 0.969257
vt 0.659179 0.321400
vt 0.015828 0.963561
vt 0.633414 0.988033
vt 0.629227 0.972828
vt 0.641035 0.977149
vt 0.651105 0.978918
vt 0.019417 0.983147
vt 0.960337 0.248097
vt 0.966404 0.252207
vt 0.963471 0.268841
vt 0.017855 0.963478
vt 0.966658 0.232137
vt 0.016496 0.502246
vt 0.001606 0.502374
vt 0.942718 0.827403
vt 0.925677 0.854604
vt 0.939567 0.827513
vt 0.640551 0.334511
vt 0.735872 0.281706
vt 0.684122 0.294455
vt 0.935354 0.847047
vt 0.167410 0.120391
vt 0.146978 0.159702
vt 0.158608 0.107216
vt 0.650546 0.987837
vt 0.958489 0.235757
vt 0.183437 0.114162
vt 0.453055 0.879175
vt 0.438323 0.877557
vt 0.439561 0.872938
vt 0.470005 0.872965
vt 0.466275 0.883912
vt 0.942002 0.814945
vt 0.449703 0.968193
vt 0.460310 0.973139
vt 0.445601 0.974943
vt 0.340482 0.950940
vt 0.326490 0.936947
vt 0.587043 0.976605
vt 0.587043 0.988170
vt 0.583700 0.983177
vt 0.637072 0.326564
vt 0.721426 0.278500
vt 0.992552 0.373534
vt 0.991812 0.351585
vt 0.998404 0.363399
vt 0.442025 0.966837
vt 0.431568 0.974393
vt 0.938630 0.807823
vt 0.422363 0.882570
vt 0.633770 0.330887
vt 0.994584 0.347111
vt 0.161171 0.095983
vt 0.158187 0.095476
vt 0.150563 0.097654
vt 0.268726 0.984938
vt 0.888739 0.606111
vt 0.739028 0.351127
vt 0.960535 0.814320
vt 0.925081 0.599745
vt 0.011891 0.495669
vt 0.140640 0.163330
vt 0.149505 0.100497
vt 0.359909 0.936047
vt 0.898423 0.141921
vt 0.901603 0.141457
vt 0.897711 0.150423
vt 0.888252 0.150254
vt 0.430051 0.989455
vt 0.433942 0.989455
vt 0.432762 0.992932
vt 0.753646 0.469113
vt 0.757528 0.468845
vt 0.765309 0.479957
vt 0.881444 0.175187
vt 0.054458 0.235980
vt 0.061948 0.229695
vt 0.063937 0.270479
vt 0.906942 0.185007
vt 0.056134 0.277154
vt 0.268689 0.972356
vt 0.272407 0.983798
vt 0.268747 0.984102
vt 0.779256 0.531591
vt 0.753154 0.522385
vt 0.847950 0.179669
vt 0.486752 0.872596
vt 0.433502 0.870985
vt 0.444145 0.868868
vt 0.560046 0.902854
vt 0.543461 0.907656
vt 0.536724 0.898033
vt 0.889894 0.189757
vt 0.044902 0.734976
vt 0.044902 0.781658
vt 0.465550 0.861749
vt 0.856794 0.136508
vt 0.020711 0.327657
vt 0.020711 0.286825
vt 0.028212 0.296231
vt 0.576290 0.915272
vt 0.998403 0.860366
vt 0.989691 0.866162
vt 0.989366 0.859575
vt 0.996260 0.854390
vt 0.074034 0.617895
vt 0.074496 0.612609
vt 0.079689 0.616260
vt 0.837729 0.135672
vt 0.214828 0.849874
vt 0.198467 0.841175
vt 0.220901 0.843748
vt 0.822453 0.244303
vt 0.827980 0.246844
vt 0.825503 0.264707
vt 0.196301 0.853948
vt 0.993618 0.881422
vt 0.027682 0.052209
vt 0.017268 0.020157
vt 0.055629 0.014817
vt 0.518671 0.976135
vt 0.541505 0.976135
vt 0.521565 0.986683
vt 0.748630 0.570783
vt 0.071688 0.874240
vt 0.067908 0.846425
vt 0.076670 0.850800
vt 0.576070 0.886587
vt 0.574665 0.893266
vt 0.057865 0.598837
vt 0.049598 0.613178
vt 0.013038 0.665936
vt 0.018547 0.682890
vt 0.008850 0.670073
vt 0.850975 0.272499
vt 0.998351 0.358433
vt 0.995615 0.342915
vt 0.998515 0.332369
vt 0.978078 0.230397
vt 0.978673 0.223598
vt 0.989633 0.236003
vt 0.179875 0.854626
vt 0.851213 0.249603
vt 0.207687 0.831781
vt 0.843779 0.148038
vt 0.827206 0.280860
vt 0.856340 0.260667
vt 0.979286 0.252430
vt 0.167686 0.841562
vt 0.071602 0.016676
vt 0.120179 0.014893
vt 0.090822 0.020065
vt 0.874260 0.913823
vt 0.830731 0.913823
vt 0.844455 0.911030
vt 0.865903 0.266896
vt 0.856624 0.279593
vt 0.171208 0.826258
vt 0.188235 0.820904
vt 0.937280 0.817219
vt 0.932267 0.838935
vt 0.932386 0.801911
vt 0.864326 0.162153
vt 0.066561 0.825369
vt 0.657351 0.030145
vt 0.698454 0.002137
vt 0.671884 0.036616
vt 0.364766 0.935158
vt 0.366419 0.950442
vt 0.343077 0.950850
vt 0.036749 0.616381
vt 0.019910 0.269528
vt 0.008499 0.253822
vt 0.020855 0.249063
vt 0.155322 0.854182
vt 0.904037 0.826177
vt 0.895941 0.843419
vt 0.911540 0.848174
vt 0.856807 0.301577
vt 0.060316 0.832940
vt 0.113450 0.021311
vt 0.656186 0.036631
vt 0.845542 0.299046
vt 0.826072 0.335442
vt 0.922305 0.854645
vt 0.373655 0.936763
vt 0.848105 0.176089
vt 0.883303 0.388971
vt 0.879294 0.372541
vt 0.888328 0.372541
vt 0.876170 0.381845
vt 0.976763 0.168725
vt 0.967464 0.168725
vt 0.968125 0.138027
vt 0.888723 0.427449
vt 0.849046 0.423851
vt 0.168361 0.810991
vt 0.174127 0.808779
vt 0.869960 0.839254
vt 0.883087 0.843004
vt 0.845120 0.662010
vt 0.832023 0.662010
vt 0.847121 0.645826
vt 0.848222 0.633012
vt 0.588198 0.989623
vt 0.588198 0.968791
vt 0.639119 0.050701
vt 0.818110 0.645950
vt 0.869172 0.443995
vt 0.827129 0.675622
vt 0.844175 0.674535
vt 0.831350 0.631434
vt 0.821504 0.627515
vt 0.848317 0.602782
vt 0.850579 0.619566
vt 0.849429 0.677779
vt 0.964433 0.594031
vt 0.954406 0.595262
vt 0.970096 0.572958
vt 0.824092 0.674107
vt 0.017197 0.081358
vt 0.017382 0.091953
vt 0.007569 0.078301
vt 0.849506 0.688411
vt 0.761795 0.959882
vt 0.770961 0.945786
vt 0.774409 0.948680
vt 0.786231 0.961749
vt 0.790579 0.960584
vt 0.789835 0.980218
vt 0.802552 0.668233
vt 0.009601 0.592207
vt 0.024824 0.603267
vt 0.008444 0.610337
vt 0.829063 0.697120
vt 0.956036 0.561294
vt 0.947713 0.590838
vt 0.011681 0.902695
vt 0.011681 0.917755
vt 0.001528 0.905238
vt 0.809896 0.679136
vt 0.773924 0.966841
vt 0.762079 0.967900
vt 0.766418 0.973000
vt 0.972467 0.983557
vt 0.988035 0.987728
vt 0.966466 0.988557
vt 0.966190 0.231310
vt 0.953575 0.218695
vt 0.965605 0.194326
vt 0.954192 0.215168
vt 0.954192 0.178179
vt 0.956767 0.199377
vt 0.377302 0.951366
vt 0.393079 0.948705
vt 0.399088 0.956396
vt 0.987906 0.932000
vt 0.995460 0.936638
vt 0.995460 0.949784
vt 0.988878 0.957922
vt 0.998299 0.116488
vt 0.994978 0.124706
vt 0.978218 0.123750
vt 0.407923 0.940864
vt 0.004504 0.998994
vt 0.015065 0.994403
vt 0.968662 0.747703
vt 0.949278 0.774382
vt 0.946700 0.742252
vt 0.036801 0.766253
vt 0.856817 0.102776
vt 0.863117 0.113423
vt 0.894075 0.808274
vt 0.859045 0.394723
vt 0.594777 0.989253
vt 0.004504 0.987797
vt 0.654368 0.699959
vt 0.643088 0.742053
vt 0.647528 0.690356
vt 0.836459 0.983463
vt 0.832042 0.994394
vt 0.826457 0.977719
vt 0.652652 0.768059
vt 0.078001 0.443017
vt 0.094700 0.409259
vt 0.088619 0.443017
vt 0.078519 0.391132
vt 0.550752 0.975206
vt 0.550752 0.988101
vt 0.528993 0.986020
vt 0.529579 0.996493
vt 0.529579 0.987362
vt 0.545274 0.988560
vt 0.303317 0.742131
vt 0.295433 0.750550
vt 0.262715 0.730891
vt 0.244646 0.989851
vt 0.251440 0.989851
vt 0.250206 0.998897
vt 0.089769 0.177694
vt 0.118646 0.197914
vt 0.094575 0.261641
vt 0.294194 0.818777
vt 0.355512 0.835386
vt 0.300847 0.833043
vt 0.233831 0.694782
vt 0.223164 0.630967
vt 0.164037 0.617170
vt 0.242595 0.620465
vt 0.076456 0.292239
vt 0.080662 0.309597
vt 0.075571 0.338471
vt 0.236689 0.648012
vt 0.240789 0.753359
vt 0.902827 0.532025
vt 0.909606 0.561065
vt 0.902827 0.561506
vt 0.088553 0.307738
vt 0.243125 0.729222
vt 0.294802 0.599112
vt 0.349585 0.814321
vt 0.090280 0.341811
vt 0.657092 0.835568
vt 0.657092 0.774021
vt 0.671186 0.814100
vt 0.911292 0.505521
vt 0.898884 0.494329
vt 0.308096 0.580951
vt 0.021218 0.720987
vt 0.021518 0.695307
vt 0.035533 0.714312
vt 0.224825 0.749347
vt 0.848471 0.530907
vt 0.865860 0.531520
vt 0.862522 0.543978
vt 0.835705 0.470699
vt 0.853971 0.482749
vt 0.899527 0.494267
vt 0.028578 0.735710
vt 0.166428 0.585808
vt 0.862173 0.728606
vt 0.914756 0.747745
vt 0.854814 0.748889
vt 0.211850 0.715589
vt 0.897259 0.737378
vt 0.866375 0.306250
vt 0.857524 0.339885
vt 0.845626 0.320778
vt 0.319818 0.621009
vt 0.863495 0.293678
vt 0.865222 0.470981
vt 0.866420 0.366792
vt 0.613574 0.632989
vt 0.591283 0.640403
vt 0.608945 0.622107
vt 0.657990 0.638496
vt 0.647529 0.628756
vt 0.524984 0.662253
vt 0.635965 0.577446
vt 0.264242 0.831136
vt 0.255428 0.834000
vt 0.257595 0.814728
vt 0.222148 0.827728
vt 0.555523 0.641290
vt 0.283234 0.819289
vt 0.621048 0.535888
vt 0.835146 0.339387
vt 0.285903 0.966865
vt 0.311945 0.966865
vt 0.303805 0.977852
vt 0.736178 0.878974
vt 0.686033 0.878974
vt 0.720506 0.862220
vt 0.996429 0.239979
vt 0.992318 0.235079
vt 0.995181 0.214522
vt 0.671606 0.988189
vt 0.661623 0.995443
vt 0.651779 0.982052
vt 0.778083 0.962966
vt 0.784030 0.970025
vt 0.783740 0.986642
vt 0.234261 0.927516
vt 0.229987 0.908049
vt 0.235849 0.909730
vt 0.764405 0.981590
vt 0.243492 0.920964
vt 0.344815 0.752663
vt 0.998426 0.321537
vt 0.994255 0.345193
vt 0.993257 0.319191
vt 0.319141 0.738622
vt 0.318257 0.754222
vt 0.296415 0.768989
vt 0.319459 0.760304
vt 0.728629 0.942088
vt 0.740549 0.945282
vt 0.705146 0.945484
vt 0.204160 0.929859
vt 0.342820 0.735745
vt 0.221762 0.935884
vt 0.242716 0.927898
vt 0.285875 0.758677
vt 0.738370 0.795840
vt 0.727105 0.772526
vt 0.738668 0.778807
vt 0.702097 0.893485
vt 0.709050 0.899946
vt 0.747712 0.771931
vt 0.333769 0.715465
vt 0.977001 0.228861
vt 0.977525 0.248838
vt 0.967783 0.234183
vt 0.978401 0.217405
vt 0.391585 0.993070
vt 0.400271 0.992310
vt 0.410763 0.993502
vt 0.737903 0.759266
vt 0.748748 0.747046
vt 0.711041 0.941502
vt 0.758513 0.788697
vt 0.733651 0.918735
vt 0.281041 0.764229
vt 0.006079 0.347645
vt 0.008661 0.337286
vt 0.019851 0.337721
vt 0.048638 0.993618
vt 0.040736 0.989933
vt 0.676457 0.980592
vt 0.681884 0.979465
vt 0.681884 0.991670
vt 0.490346 0.007455
vt 0.492544 0.000689
vt 0.500848 0.009585
vt 0.864459 0.019870
vt 0.859793 0.005509
vt 0.885315 0.002635
vt 0.675748 0.988392
vt 0.766661 0.765896
vt 0.958024 0.133793
vt 0.960675 0.126509
vt 0.965655 0.142210
vt 0.086676 0.950199
vt 0.092030 0.945715
vt 0.100667 0.951991
vt 0.991756 0.646968
vt 0.993899 0.622475
vt 0.996013 0.650519
vt 0.115967 0.931094
vt 0.149688 0.931094
vt 0.140338 0.945129
vt 0.320757 0.705081
vt 0.753173 0.771002
vt 0.737777 0.908146
vt 0.742130 0.893398
vt 0.347138 0.988983
vt 0.344074 0.998411
vt 0.340240 0.987890
vt 0.966118 0.417334
vt 0.758852 0.795017
vt 0.085915 0.966222
vt 0.959578 0.113967
vt 0.954734 0.420427
vt 0.695371 0.963210
vt 0.678135 0.953312
vt 0.678742 0.946381
vt 0.041768 0.987045
vt 0.047306 0.981507
vt 0.066354 0.987181
vt 0.953416 0.966301
vt 0.975389 0.967068
vt 0.773713 0.759475
vt 0.757095 0.730579
vt 0.966499 0.428744
vt 0.559552 0.964493
vt 0.579217 0.953139
vt 0.562029 0.975584
vt 0.703463 0.946269
vt 0.964142 0.116240
vt 0.064695 0.950635
vt 0.068700 0.588798
vt 0.070097 0.582625
vt 0.084665 0.581350
vt 0.087395 0.569317
vt 0.077224 0.565571
vt 0.732427 0.972269
vt 0.730094 0.977386
vt 0.711984 0.979931
vt 0.962393 0.104855
vt 0.557739 0.949223
vt 0.261223 0.963688
vt 0.261800 0.952665
vt 0.271493 0.960302
vt 0.088345 0.601555
vt 0.587503 0.964546
vt 0.576328 0.976902
vt 0.971250 0.860332
vt 0.960366 0.870126
vt 0.959775 0.859329
vt 0.239760 0.961915
vt 0.778757 0.754106
vt 0.776691 0.734828
vt 0.956985 0.439239
vt 0.587564 0.975440
vt 0.975004 0.871263
vt 0.734689 0.985811
vt 0.398750 0.017557
vt 0.406570 0.001523
vt 0.411916 0.001795
vt 0.477383 0.963662
vt 0.475160 0.949743
vt 0.485888 0.951635
vt 0.700637 0.965179
vt 0.973875 0.052551
vt 0.973875 0.082968
vt 0.968396 0.078304
vt 0.708851 0.960215
vt 0.085018 0.614468
vt 0.782190 0.767330
vt 0.651333 0.015648
vt 0.668545 0.006725
vt 0.667576 0.021241
vt 0.656296 0.029140
vt 0.246510 0.938954
vt 0.499927 0.950330
vt 0.505271 0.957184
vt 0.716049 0.987613
vt 0.021411 0.166967
vt 0.030312 0.163424
vt 0.030312 0.174324
vt 0.499184 0.962677
vt 0.643902 0.027114
vt 0.689611 0.001024
vt 0.975784 0.883297
vt 0.959636 0.891650
vt 0.023781 0.185543
vt 0.643070 0.039582
vt 0.030244 0.203014
vt 0.019591 0.192590
vt 0.973092 0.982024
vt 0.987988 0.981504
vt 0.993640 0.988163
vt 0.042036 0.015935
vt 0.017651 0.015935
vt 0.022757 0.003146
vt 0.820578 0.946880
vt 0.833431 0.926285
vt 0.831278 0.948959
vt 0.964496 0.402480
vt 0.984623 0.395078
vt 0.859950 0.947941
vt 0.378450 0.764810
vt 0.357203 0.752373
vt 0.705144 0.908324
vt 0.057600 0.989748
vt 0.966071 0.403716
vt 0.956884 0.405598
vt 0.951226 0.975969
vt 0.964496 0.372960
vt 0.713395 0.157093
vt 0.738394 0.142480
vt 0.739176 0.165971
vt 0.574149 0.003176
vt 0.574149 0.009055
vt 0.563816 0.007262
vt 0.419956 0.943813
vt 0.419956 0.935991
vt 0.431552 0.949528
vt 0.438380 0.936623
vt 0.444098 0.947085
vt 0.718356 0.215218
vt 0.546881 0.997850
vt 0.536314 0.994416
vt 0.547345 0.988941
vt 0.941187 0.376409
vt 0.941187 0.434745
vt 0.937972 0.391440
vt 0.890834 0.998735
vt 0.890153 0.990943
vt 0.901278 0.998833
vt 0.453821 0.941214
vt 0.438040 0.895566
vt 0.430547 0.897574
vt 0.441060 0.882430
vt 0.901433 0.986001
vt 0.433488 0.917596
vt 0.546680 0.946979
vt 0.572337 0.942283
vt 0.589817 0.951972
vt 0.572700 0.925718
vt 0.673301 0.972273
vt 0.654255 0.978331
vt 0.653172 0.970627
vt 0.451173 0.879825
vt 0.660412 0.961493
vt 0.283530 0.996965
vt 0.282821 0.988862
vt 0.291308 0.997058
vt 0.676084 0.963263
vt 0.710987 0.120999
vt 0.020858 0.771466
vt 0.005486 0.771466
vt 0.020932 0.764737
vt 0.962809 0.391311
vt 0.960498 0.364894
vt 0.964649 0.355265
vt 0.677636 0.909387
vt 0.660640 0.896579
vt 0.687099 0.894835
vt 0.583450 0.977685
vt 0.561853 0.990515
vt 0.562168 0.977685
vt 0.485137 0.595335
vt 0.502416 0.607519
vt 0.482876 0.604889
vt 0.701826 0.795890
vt 0.707837 0.831479
vt 0.689312 0.801994
vt 0.576987 0.935609
vt 0.266591 0.988966
vt 0.256834 0.995974
vt 0.254936 0.988966
vt 0.326254 0.979285
vt 0.320097 0.983133
vt 0.327163 0.963540
vt 0.441288 0.919099
vt 0.295946 0.988754
vt 0.693196 0.147170
vt 0.504293 0.591831
vt 0.263131 0.997825
vt 0.948902 0.371309
vt 0.937783 0.363421
vt 0.944342 0.354054
vt 0.025855 0.684131
vt 0.008881 0.689646
vt 0.012532 0.684191
vt 0.495158 0.932085
vt 0.481155 0.935888
vt 0.490944 0.920928
vt 0.948673 0.333681
vt 0.935638 0.339967
vt 0.508129 0.988756
vt 0.501033 0.998524
vt 0.494806 0.988789
vt 0.479165 0.921221
vt 0.012675 0.903132
vt 0.016040 0.908961
vt 0.012336 0.925635
vt 0.505235 0.949424
vt 0.484659 0.578916
vt 0.581277 0.990201
vt 0.458311 0.913160
vt 0.468710 0.888183
vt 0.464700 0.542758
vt 0.462015 0.553013
vt 0.446843 0.552468
vt 0.671322 0.778599
vt 0.700907 0.891093
vt 0.517255 0.615696
vt 0.472626 0.949041
vt 0.469814 0.938407
vt 0.690840 0.116606
vt 0.693931 0.096915
vt 0.064043 0.323322
vt 0.056059 0.353118
vt 0.055331 0.305395
vt 0.667869 0.138629
vt 0.947475 0.611740
vt 0.964597 0.612039
vt 0.944405 0.640706
vt 0.699642 0.883176
vt 0.005519 0.560827
vt 0.017964 0.563380
vt 0.017964 0.577627
vt 0.691427 0.905813
vt 0.017838 0.535494
vt 0.018533 0.543480
vt 0.006723 0.551750
vt 0.428824 0.962112
vt 0.397008 0.961452
vt 0.405642 0.949262
vt 0.487475 0.562619
vt 0.471679 0.566878
vt 0.531437 0.616891
vt 0.532916 0.632889
vt 0.465728 0.918800
vt 0.410762 0.937106
vt 0.006003 0.578605
vt 0.181165 0.978797
vt 0.193101 0.977547
vt 0.193101 0.995055
vt 0.473562 0.905292
vt 0.006418 0.534356
vt 0.526918 0.602975
vt 0.515193 0.571690
vt 0.181644 0.994387
vt 0.485305 0.542490
vt 0.478324 0.518336
vt 0.475353 0.531004
vt 0.514085 0.550855
vt 0.275253 0.838162
vt 0.237912 0.850258
vt 0.231173 0.838585
vt 0.033568 0.825042
vt 0.501905 0.510531
vt 0.015221 0.982491
vt 0.025878 0.988644
vt 0.007390 0.988636
vt 0.501742 0.498580
vt 0.515266 0.468075
vt 0.533790 0.471501
vt 0.523958 0.459734
vt 0.514570 0.528086
vt 0.531448 0.595265
vt 0.522583 0.560158
vt 0.407156 0.969816
vt 0.435800 0.969816
vt 0.424784 0.975389
vt 0.535662 0.453706
vt 0.240877 0.952429
vt 0.214977 0.952429
vt 0.248330 0.928197
vt 0.544429 0.500623
vt 0.536817 0.479893
vt 0.528307 0.544757
vt 0.219780 0.937720
vt 0.215941 0.837609
vt 0.554130 0.486096
vt 0.562941 0.510153
vt 0.552073 0.527835
vt 0.033568 0.864293
vt 0.020738 0.831085
vt 0.025430 0.737331
vt 0.007838 0.725821
vt 0.018955 0.717402
vt 0.008472 0.741013
vt 0.187687 0.009529
vt 0.174043 0.005358
vt 0.190588 0.000124
vt 0.916212 0.939393
vt 0.883201 0.956911
vt 0.901525 0.935457
vt 0.913061 0.956691
vt 0.159705 0.012107
vt 0.991362 0.142842
vt 0.991362 0.125259
vt 0.999343 0.138950
vt 0.957952 0.366424
vt 0.963176 0.330249
vt 0.964227 0.352967
vt 0.957006 0.338226
vt 0.672877 0.997346
vt 0.672877 0.988467
vt 0.681331 0.992892
vt 0.801606 0.949762
vt 0.831467 0.949762
vt 0.806844 0.965600
vt 0.148358 0.990999
vt 0.156668 0.979560
vt 0.172092 0.991575
vt 0.469958 0.742777
vt 0.450608 0.764399
vt 0.434877 0.759589
vt 0.060407 0.967691
vt 0.048580 0.977355
vt 0.042614 0.970492
vt 0.005461 0.055709
vt 0.006135 0.041160
vt 0.430883 0.770167
vt 0.953993 0.981644
vt 0.967144 0.991198
vt 0.953110 0.992916
vt 0.837243 0.897275
vt 0.880956 0.897275
vt 0.846738 0.900671
vt 0.063362 0.951706
vt 0.331622 0.698581
vt 0.329007 0.702603
vt 0.299987 0.707720
vt 0.442428 0.776249
vt 0.425204 0.784346
vt 0.309074 0.692481
vt 0.445033 0.791964
vt 0.641022 0.790693
vt 0.646938 0.806065
vt 0.639973 0.811909
vt 0.987343 0.807172
vt 0.987343 0.779423
vt 0.998469 0.795499
vt 0.042313 0.964595
vt 0.664519 0.508713
vt 0.671796 0.475530
vt 0.680947 0.488571
vt 0.063926 0.319841
vt 0.055448 0.300158
vt 0.174533 0.275570
vt 0.146294 0.276378
vt 0.279637 0.698346
vt 0.278054 0.711140
vt 0.051916 0.499471
vt 0.056695 0.499053
vt 0.055514 0.546447
vt 0.693869 0.463682
vt 0.393074 0.936282
vt 0.429548 0.934717
vt 0.581153 0.885830
vt 0.555503 0.885754
vt 0.574015 0.873466
vt 0.486521 0.765483
vt 0.822625 0.997044
vt 0.822625 0.988768
vt 0.828549 0.992144
vt 0.563463 0.997860
vt 0.561356 0.991376
vt 0.569759 0.991558
vt 0.689843 0.446942
vt 0.211032 0.873841
vt 0.258146 0.873841
vt 0.218791 0.895239
vt 0.670788 0.384633
vt 0.679217 0.394355
vt 0.687809 0.419299
vt 0.661636 0.390504
vt 0.711379 0.460085
vt 0.498808 0.767430
vt 0.679199 0.418953
vt 0.206351 0.904355
vt 0.181556 0.906524
vt 0.161555 0.904142
vt 0.654100 0.781434
vt 0.640187 0.743864
vt 0.655605 0.939365
vt 0.658487 0.959300
vt 0.648419 0.950865
vt 0.637974 0.762934
vt 0.718893 0.456298
vt 0.722272 0.399077
vt 0.704037 0.402451
vt 0.140046 0.183505
vt 0.472942 0.792937
vt 0.237849 0.695306
vt 0.504346 0.784272
vt 0.714566 0.439959
vt 0.631630 0.964750
vt 0.636521 0.946186
vt 0.637878 0.965723
vt 0.722905 0.433409
vt 0.211182 0.994395
vt 0.972507 0.665517
vt 0.971736 0.697364
vt 0.954403 0.677274
vt 0.533328 0.875445
vt 0.629632 0.874394
vt 0.623303 0.898014
vt 0.624388 0.854432
vt 0.022009 0.245307
vt 0.028650 0.282970
vt 0.020274 0.286004
vt 0.289792 0.828797
vt 0.301171 0.853199
vt 0.257579 0.852619
vt 0.955886 0.705325
vt 0.948726 0.680057
vt 0.312871 0.841331
vt 0.001204 0.042606
vt 0.063926 0.272135
vt 0.147109 0.253033
vt 0.390902 0.931624
vt 0.216600 0.977719
vt 0.209036 0.979925
vt 0.734822 0.534744
vt 0.698385 0.578169
vt 0.737975 0.515397
vt 0.009230 0.383360
vt 0.020435 0.381203
vt 0.013747 0.390057
vt 0.718750 0.589196
vt 0.020534 0.586529
vt 0.008331 0.585221
vt 0.017969 0.582087
vt 0.742134 0.547161
vt 0.746065 0.532533
vt 0.001695 0.282668
vt 0.010452 0.282668
vt 0.001680 0.292803
vt 0.007940 0.395216
vt 0.996600 0.586282
vt 0.997851 0.598142
vt 0.992662 0.589587
vt 0.020369 0.567580
vt 0.006053 0.280964
vt 0.013975 0.295356
vt 0.991875 0.614305
vt 0.908853 0.771948
vt 0.894542 0.769798
vt 0.913182 0.765859
vt 0.905029 0.761238
vt 0.701574 0.981876
vt 0.707918 0.962351
vt 0.707768 0.977190
vt 0.503356 0.000005
vt 0.513185 0.000479
vt 0.513592 0.005140
vt 0.391178 0.977101
vt 0.388340 0.980868
vt 0.382794 0.972740
vt 0.561097 0.978023
vt 0.561097 0.989687
vt 0.556320 0.987690
vt 0.501574 0.010269
vt 0.768552 0.872281
vt 0.751023 0.878661
vt 0.756965 0.857708
vt 0.067814 0.993909
vt 0.050582 0.993909
vt 0.064883 0.989947
vt 0.019890 0.222062
vt 0.009782 0.219542
vt 0.008975 0.207487
vt 0.742744 0.589360
vt 0.020368 0.692993
vt 0.011940 0.701057
vt 0.017417 0.691800
vt 0.767703 0.856725
vt 0.730152 0.623546
vt 0.013648 0.359766
vt 0.009074 0.372657
vt 0.008756 0.359165
vt 0.370331 0.979039
vt 0.350575 0.991118
vt 0.350315 0.979039
vt 0.181489 0.779338
vt 0.177441 0.765079
vt 0.197772 0.769219
vt 0.008871 0.785735
vt 0.021395 0.789804
vt 0.006492 0.803306
vt 0.384957 0.957978
vt 0.897425 0.754436
vt 0.001029 0.362456
vt 0.005213 0.375668
vt 0.030004 0.390341
vt 0.030004 0.350363
vt 0.033108 0.389636
vt 0.746336 0.550187
vt 0.749267 0.589473
vt 0.367790 0.990895
vt 0.172255 0.752128
vt 0.187732 0.746907
vt 0.878291 0.981103
vt 0.895193 0.986594
vt 0.879865 0.994435
vt 0.991785 0.185866
vt 0.991785 0.161003
vt 0.995984 0.173754
vt 0.720006 0.888899
vt 0.746365 0.881240
vt 0.734071 0.894018
vt 0.126312 0.914936
vt 0.164784 0.914936
vt 0.158121 0.928019
vt 0.006176 0.023004
vt 0.006176 0.036683
vt 0.003119 0.023799
vt 0.205338 0.742731
vt 0.746900 0.613194
vt 0.967839 0.610145
vt 0.970264 0.596394
vt 0.970518 0.629634
vt 0.718714 0.879783
vt 0.732524 0.871971
vt 0.017318 0.507294
vt 0.017318 0.465308
vt 0.005072 0.695629
vt 0.902689 0.803434
vt 0.894108 0.806286
vt 0.715823 0.895658
vt 0.885289 0.801142
vt 0.012154 0.926289
vt 0.012154 0.940149
vt 0.003991 0.939718
vt 0.860017 0.981800
vt 0.857632 0.979727
vt 0.864049 0.979023
vt 0.636091 0.772907
vt 0.631830 0.780453
vt 0.621778 0.773517
vt 0.860271 0.969775
vt 0.847466 0.420108
vt 0.848111 0.343073
vt 0.966555 0.913468
vt 0.966555 0.947589
vt 0.963484 0.917482
vt 0.780677 0.834618
vt 0.761766 0.808644
vt 0.768717 0.799419
vt 0.912480 0.503172
vt 0.911165 0.544876
vt 0.602000 0.794004
vt 0.579637 0.793636
vt 0.593249 0.779970
vt 0.868884 0.972432
vt 0.908228 0.821396
vt 0.185860 0.997395
vt 0.179685 0.996854
vt 0.193114 0.996735
vt 0.622303 0.802694
vt 0.868837 0.959003
vt 0.717261 0.855195
vt 0.084497 0.081598
vt 0.080764 0.038923
vt 0.087534 0.033373
vt 0.708279 0.895027
vt 0.941930 0.424111
vt 0.941930 0.375791
vt 0.946524 0.415309
vt 0.699330 0.880395
vt 0.783271 0.007930
vt 0.787943 0.001499
vt 0.796475 0.008775
vt 0.637451 0.756473
vt 0.216682 0.761268
vt 0.881481 0.818721
vt 0.873511 0.815023
vt 0.208120 0.709410
vt 0.991684 0.549483
vt 0.998042 0.551797
vt 0.992609 0.577229
vt 0.633325 0.815121
vt 0.637841 0.822783
vt 0.613352 0.814516
vt 0.576448 0.818830
vt 0.638977 0.026938
vt 0.643567 0.023723
vt 0.637162 0.054639
vt 0.819554 0.338209
vt 0.217372 0.736242
vt 0.190115 0.948555
vt 0.155775 0.948555
vt 0.179254 0.945770
vt 0.091152 0.271415
vt 0.085715 0.302250
vt 0.079970 0.271205
vt 0.675479 0.812424
vt 0.667737 0.800315
vt 0.664117 0.774563
vt 0.023229 0.934473
vt 0.055215 0.931674
vt 0.057495 0.936721
vt 0.897692 0.957448
vt 0.875289 0.973569
vt 0.916702 0.559939
vt 0.250600 0.779102
vt 0.034665 0.753933
vt 0.021244 0.742031
vt 0.035507 0.732044
vt 0.643807 0.004490
vt 0.635858 0.008778
vt 0.967444 0.264669
vt 0.975102 0.257011
vt 0.977084 0.275329
vt 0.092748 0.249609
vt 0.027704 0.133906
vt 0.020241 0.123247
vt 0.027492 0.094568
vt 0.250935 0.768822
vt 0.759930 0.773992
vt 0.997395 0.603888
vt 0.997395 0.631925
vt 0.992820 0.615124
vt 0.078485 0.252028
vt 0.589784 0.820824
vt 0.021877 0.772359
vt 0.967691 0.243751
vt 0.977762 0.250517
vt 0.968093 0.254395
vt 0.686093 0.800057
vt 0.692024 0.817226
vt 0.675659 0.822717
vt 0.692047 0.832091
vt 0.021332 0.472698
vt 0.862442 0.383041
vt 0.920538 0.539464
vt 0.571063 0.794585
vt 0.869432 0.957448
vt 0.630655 0.004069
vt 0.721698 0.778671
vt 0.677793 0.774829
vt 0.716684 0.749216
vt 0.076678 0.013125
vt 0.042191 0.000573
vt 0.085010 0.000623
vt 0.134249 0.338475
vt 0.134789 0.307550
vt 0.147624 0.349666
vt 0.365579 0.812553
vt 0.414674 0.767261
vt 0.109048 0.396199
vt 0.106746 0.329442
vt 0.115159 0.361546
vt 0.029714 0.554717
vt 0.021350 0.585935
vt 0.020677 0.544202
vt 0.123829 0.303286
vt 0.797067 0.912952
vt 0.838941 0.899347
vt 0.829563 0.913765
vt 0.899719 0.610064
vt 0.935190 0.597410
vt 0.944466 0.624351
vt 0.955117 0.663552
vt 0.965539 0.668411
vt 0.930743 0.668640
vt 0.447044 0.814442
vt 0.045480 0.710456
vt 0.051199 0.698192
vt 0.050343 0.744078
vt 0.173164 0.913733
vt 0.128206 0.913502
vt 0.160545 0.904898
vt 0.739696 0.749858
vt 0.140252 0.904271
vt 0.116836 0.316619
vt 0.977538 0.326099
vt 0.977538 0.297189
vt 0.989193 0.308135
vt 0.948618 0.599314
vt 0.945033 0.581336
vt 0.036863 0.698880
vt 0.660500 0.764191
vt 0.978711 0.192498
vt 0.990468 0.200731
vt 0.979536 0.221396
vt 0.165529 0.282657
vt 0.931459 0.023808
vt 0.915128 0.000165
vt 0.933415 0.001451
vt 0.011088 0.959631
vt 0.011088 0.974322
vt 0.004078 0.960861
vt 0.089541 0.289762
vt 0.106643 0.326438
vt 0.092456 0.371197
vt 0.930764 0.195823
vt 0.950841 0.199525
vt 0.197453 0.000626
vt 0.206756 0.007385
vt 0.192951 0.008669
vt 0.104820 0.785745
vt 0.174045 0.785745
vt 0.171876 0.802807
vt 0.100373 0.391242
vt 0.105441 0.333318
vt 0.108531 0.412768
vt 0.537725 0.017691
vt 0.544500 0.004949
vt 0.560973 0.026008
vt 0.965250 0.012692
vt 0.953565 0.001007
vt 0.982834 0.002137
vt 0.878284 0.021409
vt 0.889825 0.002127
vt 0.875294 0.012690
vt 0.622780 0.018884
vt 0.429114 0.029378
vt 0.413821 0.072596
vt 0.373410 0.070478
vt 0.991458 0.019879
vt 0.968425 0.012395
vt 0.988911 0.011432
vt 0.063079 0.212980
vt 0.055978 0.187528
vt 0.063079 0.187993
vt 0.476479 0.223807
vt 0.443377 0.235021
vt 0.199067 0.281939
vt 0.318051 0.982757
vt 0.318051 0.960002
vt 0.326763 0.961403
vt 0.466282 0.104695
vt 0.450134 0.102363
vt 0.457950 0.081139
vt 0.636336 0.024548
vt 0.618150 0.042145
vt 0.056970 0.212815
vt 0.574760 0.072409
vt 0.451308 0.282064
vt 0.435850 0.277975
vt 0.438759 0.261747
vt 0.053849 0.234683
vt 0.604309 0.066182
vt 0.528537 0.039188
vt 0.441365 0.251170
vt 0.387553 0.243518
vt 0.407521 0.261405
vt 0.396618 0.229003
vt 0.459194 0.057587
vt 0.487647 0.034870
vt 0.546952 0.066354
vt 0.385216 0.249943
vt 0.957190 0.296186
vt 0.962575 0.297136
vt 0.960039 0.332483
vt 0.368444 0.233582
vt 0.612218 0.100727
vt 0.457312 0.024953
vt 0.894163 0.609271
vt 0.894163 0.681825
vt 0.884213 0.655162
vt 0.357897 0.238143
vt 0.499810 0.792960
vt 0.548011 0.782114
vt 0.572234 0.788604
vt 0.518300 0.780426
vt 0.336633 0.231011
vt 0.497238 0.788135
vt 0.426696 0.789093
vt 0.942876 0.642246
vt 0.947212 0.246447
vt 0.430123 0.227369
vt 0.341032 0.659781
vt 0.330319 0.662157
vt 0.328780 0.653949
vt 0.323114 0.664500
vt 0.314144 0.657098
vt 0.897633 0.287556
vt 0.901901 0.264087
vt 0.910698 0.286763
vt 0.347416 0.643407
vt 0.311254 0.180818
vt 0.318618 0.183321
vt 0.888581 0.277933
vt 0.887071 0.263708
vt 0.893080 0.258824
vt 0.303611 0.628846
vt 0.312230 0.627241
vt 0.390660 0.667152
vt 0.911340 0.309882
vt 0.902393 0.318476
vt 0.325479 0.181433
vt 0.334584 0.190440
vt 0.320802 0.199329
vt 0.291128 0.636748
vt 0.372850 0.682381
vt 0.393823 0.169163
vt 0.380024 0.158627
vt 0.415618 0.140965
vt 0.344594 0.634901
vt 0.355850 0.640196
vt 0.133298 0.598551
vt 0.143725 0.645935
vt 0.135873 0.658026
vt 0.369415 0.172385
vt 0.038769 0.393558
vt 0.061993 0.376056
vt 0.058911 0.398580
vt 0.393300 0.653446
vt 0.348522 0.172721
vt 0.375105 0.182800
vt 0.071292 0.382463
vt 0.331298 0.208839
vt 0.615413 0.112318
vt 0.632459 0.105191
vt 0.628056 0.126426
vt 0.348563 0.193874
vt 0.393315 0.684892
vt 0.114592 0.657161
vt 0.368286 0.194506
vt 0.644015 0.365483
vt 0.630307 0.350823
vt 0.631521 0.337338
vt 0.627317 0.349651
vt 0.637882 0.375981
vt 0.387362 0.208175
vt 0.614531 0.311371
vt 0.079137 0.372457
vt 0.630954 0.368877
vt 0.601766 0.123752
vt 0.572699 0.121899
vt 0.547849 0.121784
vt 0.547083 0.107742
vt 0.341504 0.195796
vt 0.641982 0.342233
vt 0.576317 0.146511
vt 0.619386 0.335817
vt 0.599020 0.313817
vt 0.124949 0.673954
vt 0.023208 0.642198
vt 0.025206 0.604765
vt 0.034522 0.611115
vt 0.560725 0.142724
vt 0.636182 0.310230
vt 0.067181 0.820261
vt 0.071356 0.798554
vt 0.078123 0.801309
vt 0.535729 0.127514
vt 0.587985 0.310278
vt 0.624352 0.291531
vt 0.109984 0.915938
vt 0.107166 0.930441
vt 0.758633 0.962855
vt 0.737187 0.978437
vt 0.731093 0.964559
vt 0.033854 0.637616
vt 0.029312 0.646213
vt 0.588741 0.129348
vt 0.623228 0.130368
vt 0.114453 0.928154
vt 0.077343 0.816407
vt 0.548449 0.311879
vt 0.826677 0.812098
vt 0.811732 0.809820
vt 0.817747 0.802180
vt 0.824606 0.775452
vt 0.842549 0.784972
vt 0.124674 0.918950
vt 0.644655 0.274026
vt 0.594638 0.145375
vt 0.209254 0.854804
vt 0.207431 0.871862
vt 0.198691 0.872473
vt 0.613822 0.139591
vt 0.077311 0.829866
vt 0.566328 0.162899
vt 0.622367 0.141002
vt 0.863157 0.783924
vt 0.840085 0.810923
vt 0.639545 0.262815
vt 0.697510 0.986957
vt 0.697969 0.997877
vt 0.685264 0.996766
vt 0.571763 0.166177
vt 0.076303 0.846750
vt 0.691804 0.987909
vt 0.629312 0.140443
vt 0.683636 0.987584
vt 0.942546 0.997799
vt 0.935571 0.992732
vt 0.943098 0.989481
vt 0.599407 0.147028
vt 0.001064 0.741694
vt 0.016059 0.741694
vt 0.005624 0.749011
vt 0.653811 0.255169
vt 0.852968 0.809038
vt 0.780305 0.007788
vt 0.771779 0.000634
vt 0.012452 0.068814
vt 0.001171 0.065365
vt 0.015464 0.060833
vt 0.979393 0.152932
vt 0.978794 0.170076
vt 0.972173 0.147857
vt 0.953261 0.718667
vt 0.959285 0.717053
vt 0.950206 0.731324
vt 0.780074 0.001468
vt 0.304245 0.989270
vt 0.297897 0.998008
vt 0.296537 0.988783
vt 0.191671 0.891840
vt 0.874282 0.768173
vt 0.866966 0.765696
vt 0.863371 0.753460
vt 0.569093 0.172125
vt 0.671557 0.989807
vt 0.671557 0.997473
vt 0.663081 0.996502
vt 0.557782 0.190797
vt 0.111436 0.992515
vt 0.093065 0.992515
vt 0.104439 0.989383
vt 0.892279 0.761977
vt 0.208103 0.886396
vt 0.973539 0.139611
vt 0.874380 0.811784
vt 0.950572 0.697248
vt 0.874677 0.795243
vt 0.997479 0.310606
vt 0.992737 0.309023
vt 0.997217 0.292303
vt 0.182624 0.893728
vt 0.011679 0.037086
vt 0.011257 0.021665
vt 0.016629 0.015262
vt 0.997983 0.366570
vt 0.997983 0.393214
vt 0.991743 0.388131
vt 0.015812 0.036884
vt 0.657030 0.234098
vt 0.015356 0.462632
vt 0.012411 0.445709
vt 0.021505 0.445391
vt 0.007360 0.449439
vt 0.992757 0.318264
vt 0.907920 0.269325
vt 0.915767 0.275071
vt 0.311974 0.187831
vt 0.298179 0.199825
vt 0.347425 0.672548
vt 0.632861 0.116336
vt 0.648714 0.116434
vt 0.086187 0.924027
vt 0.768619 0.008173
vt 0.028138 0.989919
vt 0.020573 0.993447
vt 0.011490 0.990401
vt 0.496571 0.967389
vt 0.499298 0.974881
vt 0.470370 0.972983
vt 0.029117 0.229536
vt 0.029117 0.269485
vt 0.023721 0.248813
vt 0.724248 0.737203
vt 0.740042 0.745294
vt 0.658239 0.755647
vt 0.382670 0.902316
vt 0.422613 0.903021
vt 0.405959 0.918623
vt 0.087938 0.195821
vt 0.090884 0.210378
vt 0.084206 0.214233
vt 0.020136 0.406710
vt 0.032702 0.403386
vt 0.032702 0.418244
vt 0.311520 0.816497
vt 0.288887 0.808259
vt 0.360330 0.809449
vt 0.487889 0.995506
vt 0.487889 0.979543
vt 0.494988 0.987060
vt 0.027879 0.385445
vt 0.930632 0.031330
vt 0.935387 0.049290
vt 0.924665 0.047726
vt 0.087032 0.547211
vt 0.067033 0.566052
vt 0.074044 0.546985
vt 0.021019 0.383522
vt 0.649517 0.947083
vt 0.633971 0.940112
vt 0.648904 0.940072
vt 0.068254 0.578289
vt 0.922453 0.031482
vt 0.519262 0.975187
vt 0.526101 0.970399
vt 0.548252 0.975296
vt 0.088141 0.224993
vt 0.982732 0.859845
vt 0.979070 0.859915
vt 0.980366 0.845101
vt 0.657707 0.748162
vt 0.251849 0.941491
vt 0.267152 0.946502
vt 0.260494 0.949553
vt 0.992198 0.187230
vt 0.998336 0.181092
vt 0.998507 0.206384
vt 0.064213 0.914461
vt 0.073304 0.915550
vt 0.062102 0.925329
vt 0.699560 0.945016
vt 0.707817 0.942333
vt 0.057984 0.548034
vt 0.623013 0.943171
vt 0.686181 0.931522
vt 0.249086 0.928138
vt 0.045062 0.564179
vt 0.011854 0.975518
vt 0.011854 0.955500
vt 0.017990 0.975248
vt 0.268692 0.933827
vt 0.971787 0.139304
vt 0.967224 0.123558
vt 0.976751 0.123558
vt 0.934272 0.061374
vt 0.927038 0.061887
vt 0.937626 0.051103
vt 0.076127 0.932694
vt 0.978890 0.133656
vt 0.997432 0.884837
vt 0.996911 0.907517
vt 0.988869 0.893400
vt 0.055878 0.945128
vt 0.080092 0.232981
vt 0.080636 0.196675
vt 0.002523 0.134347
vt 0.002523 0.118099
vt 0.006284 0.132378
vt 0.695878 0.712940
vt 0.022086 0.376277
vt 0.084003 0.927535
vt 0.089616 0.932742
vt 0.091872 0.943013
vt 0.420279 0.915023
vt 0.676685 0.939524
vt 0.955592 0.474151
vt 0.964566 0.487969
vt 0.966619 0.507748
vt 0.679955 0.942231
vt 0.874675 0.065159
vt 0.958815 0.880582
vt 0.957873 0.891345
vt 0.953105 0.881605
vt 0.861568 0.066338
vt 0.882185 0.064207
vt 0.622464 0.933919
vt 0.019525 0.404999
vt 0.007383 0.401054
vt 0.019138 0.385118
vt 0.979025 0.875055
vt 0.281736 0.939474
vt 0.989359 0.880643
vt 0.923916 0.061134
vt 0.970524 0.110541
vt 0.055785 0.573556
vt 0.983304 0.872901
vt 0.924191 0.065917
vt 0.059971 0.582174
vt 0.091074 0.239846
vt 0.978960 0.108739
vt 0.006295 0.110790
vt 0.006295 0.126979
vt 0.003000 0.115613
vt 0.004682 0.199424
vt 0.002081 0.184669
vt 0.004769 0.183649
vt 0.616496 0.949519
vt 0.615649 0.933064
vt 0.278582 0.954668
vt 0.280615 0.952634
vt 0.280507 0.961260
vt 0.701105 0.702910
vt 0.682595 0.705873
vt 0.672408 0.707805
vt 0.907686 0.098149
vt 0.951902 0.860382
vt 0.950677 0.876293
vt 0.894181 0.043314
vt 0.083061 0.242927
vt 0.869388 0.586204
vt 0.887462 0.635863
vt 0.871031 0.657925
vt 0.075427 0.240850
vt 0.688962 0.677817
vt 0.091403 0.244981
vt 0.128184 0.966574
vt 0.129078 0.971642
vt 0.120369 0.967784
vt 0.079060 0.795501
vt 0.081601 0.824535
vt 0.077891 0.848334
vt 0.923309 0.079577
vt 0.893011 0.035260
vt 0.894774 0.027456
vt 0.897765 0.031088
vt 0.115398 0.971145
vt 0.935190 0.085783
vt 0.929063 0.088533
vt 0.957201 0.856209
vt 0.469650 0.940621
vt 0.466564 0.965751
vt 0.455497 0.936891
vt 0.103310 0.961519
vt 0.016782 0.000215
vt 0.017196 0.011889
vt 0.010981 0.019844
vt 0.912448 0.023671
vt 0.020330 0.005916
vt 0.922678 0.038761
vt 0.951276 0.977326
vt 0.104902 0.972923
vt 0.998480 0.508506
vt 0.998480 0.536014
vt 0.633690 0.988848
vt 0.645204 0.988848
vt 0.632682 0.996342
vt 0.637127 0.996964
vt 0.943838 0.989936
vt 0.951466 0.986049
vt 0.947762 0.998785
vt 0.983907 0.988922
vt 0.993588 0.988922
vt 0.990394 0.998357
vt 0.709323 0.924847
vt 0.878152 0.066483
vt 0.872074 0.068351
vt 0.976317 0.977326
vt 0.975056 0.968858
vt 0.991246 0.527383
vt 0.707663 0.561026
vt 0.689168 0.587440
vt 0.687942 0.537770
vt 0.703890 0.541931
vt 0.847362 0.423319
vt 0.835055 0.457131
vt 0.831121 0.381347
vt 0.373332 0.218109
vt 0.338827 0.221582
vt 0.292760 0.202969
vt 0.688147 0.499643
vt 0.922634 0.628308
vt 0.920946 0.647699
vt 0.898211 0.666109
vt 0.511264 0.130402
vt 0.483687 0.127990
vt 0.552341 0.084298
vt 0.906197 0.362213
vt 0.908920 0.429861
vt 0.486245 0.101835
vt 0.713721 0.503095
vt 0.808201 0.272181
vt 0.805947 0.349216
vt 0.798452 0.281929
vt 0.895859 0.678932
vt 0.376349 0.228352
vt 0.180246 0.049153
vt 0.257310 0.050016
vt 0.261350 0.061117
vt 0.553786 0.102121
vt 0.113582 0.040300
vt 0.158377 0.076296
vt 0.115796 0.096476
vt 0.141063 0.025675
vt 0.399482 0.227548
vt 0.831747 0.431733
vt 0.502398 0.079250
vt 0.467234 0.069206
vt 0.854801 0.434024
vt 0.694892 0.464419
vt 0.785026 0.930847
vt 0.747264 0.930847
vt 0.781931 0.921403
vt 0.573373 0.077011
vt 0.122650 0.010233
vt 0.801250 0.250207
vt 0.136031 0.000610
vt 0.282083 0.042112
vt 0.093829 0.102619
vt 0.689420 0.476531
vt 0.846391 0.213200
vt 0.838609 0.202012
vt 0.847344 0.176642
vt 0.855475 0.469832
vt 0.822118 0.454635
vt 0.417496 0.218437
vt 0.712047 0.467321
vt 0.571258 0.072567
vt 0.833878 0.142255
vt 0.812635 0.180775
vt 0.128827 0.801285
vt 0.099027 0.785441
vt 0.165650 0.804090
vt 0.085263 0.095487
vt 0.088885 0.025512
vt 0.807590 0.246185
vt 0.047043 0.818790
vt 0.042626 0.805897
vt 0.052491 0.807106
vt 0.830095 0.108718
vt 0.822113 0.121581
vt 0.842633 0.469925
vt 0.412824 0.988078
vt 0.402195 0.987892
vt 0.396863 0.975719
vt 0.058157 0.819877
vt 0.397140 0.203136
vt 0.077253 0.673672
vt 0.070348 0.670724
vt 0.069029 0.655644
vt 0.513117 0.981921
vt 0.511868 0.987800
vt 0.505920 0.974098
vt 0.052560 0.846715
vt 0.043256 0.852126
vt 0.420058 0.158634
vt 0.489329 0.979338
vt 0.021018 0.903648
vt 0.021018 0.936861
vt 0.017143 0.910913
vt 0.863086 0.606993
vt 0.851234 0.602205
vt 0.865400 0.594360
vt 0.801547 0.146976
vt 0.897395 0.504140
vt 0.898175 0.588326
vt 0.878098 0.571437
vt 0.498512 0.988231
vt 0.076297 0.623784
vt 0.844761 0.565070
vt 0.837876 0.601825
vt 0.536155 0.919075
vt 0.493688 0.919075
vt 0.530961 0.916052
vt 0.863616 0.829775
vt 0.859572 0.852711
vt 0.813791 0.832466
vt 0.049793 0.694207
vt 0.037192 0.698060
vt 0.051360 0.654680
vt 0.140033 0.006916
vt 0.153509 0.000631
vt 0.150939 0.051228
vt 0.849475 0.546267
vt 0.616122 0.816720
vt 0.610466 0.827605
vt 0.577379 0.824710
vt 0.872118 0.845171
vt 0.054941 0.061421
vt 0.054941 0.017347
vt 0.063944 0.055524
vt 0.895014 0.668627
vt 0.895014 0.608770
vt 0.917608 0.632670
vt 0.771051 0.149226
vt 0.854271 0.557822
vt 0.964259 0.535445
vt 0.951339 0.535670
vt 0.944254 0.509339
vt 0.823580 0.015764
vt 0.891684 0.025929
vt 0.848817 0.026477
vt 0.637885 0.826477
vt 0.816597 0.545159
vt 0.883082 0.054196
vt 0.901746 0.413087
vt 0.829260 0.044292
vt 0.835419 0.024603
vt 0.840693 0.049479
vt 0.827144 0.074195
vt 0.809430 0.080355
vt 0.821989 0.096372
vt 0.807310 0.137786
vt 0.784143 0.121463
vt 0.810453 0.106151
vt 0.866695 0.043470
vt 0.841056 0.090168
vt 0.788711 0.099471
vt 0.771676 0.108284
vt 0.858096 0.074136
vt 0.801045 0.090128
vt 0.436969 0.935760
vt 0.422318 0.931834
vt 0.460755 0.931657
vt 0.991253 0.493716
vt 0.996027 0.511533
vt 0.991598 0.520962
vt 0.775408 0.079345
vt 0.391491 0.543829
vt 0.376498 0.545777
vt 0.398482 0.512627
vt 0.772960 0.063325
vt 0.386069 0.501016
vt 0.414920 0.480893
vt 0.810561 0.063931
vt 0.373030 0.516926
vt 0.852613 0.917955
vt 0.864949 0.934772
vt 0.846503 0.934743
vt 0.360020 0.501273
vt 0.861995 0.914702
vt 0.828300 0.914543
vt 0.798888 0.061715
vt 0.392564 0.481074
vt 0.430348 0.479194
vt 0.403894 0.466336
vt 0.376384 0.483788
vt 0.348894 0.516135
vt 0.365016 0.483216
vt 0.377969 0.471950
vt 0.340922 0.501945
vt 0.375482 0.440022
vt 0.430189 0.412865
vt 0.340131 0.475194
vt 0.427634 0.438486
vt 0.356787 0.457714
vt 0.386215 0.411885
vt 0.364816 0.399538
vt 0.380159 0.355887
vt 0.362581 0.437140
vt 0.360863 0.422303
vt 0.336286 0.398967
vt 0.348466 0.365367
vt 0.339541 0.448704
vt 0.341484 0.427430
vt 0.767437 0.124247
vt 0.842934 0.124125
vt 0.748148 0.054451
vt 0.750383 0.037850
vt 0.792891 0.053378
vt 0.734539 0.030417
vt 0.786199 0.021895
vt 0.824949 0.066838
vt 0.831508 0.020353
vt 0.810703 0.023324
vt 0.765412 0.009483
vt 0.443537 0.381035
vt 0.432198 0.361163
vt 0.472443 0.331908
vt 0.449163 0.398132
vt 0.476567 0.361144
vt 0.428219 0.391227
vt 0.484346 0.389008
vt 0.410804 0.342548
vt 0.460185 0.310988
vt 0.478016 0.310600
vt 0.432993 0.420335
vt 0.431520 0.326935
vt 0.418861 0.327894
vt 0.447984 0.430076
vt 0.498427 0.410744
vt 0.421105 0.314368
vt 0.405261 0.323370
vt 0.458722 0.297598
vt 0.731676 0.427538
vt 0.746250 0.382686
vt 0.747989 0.443156
vt 0.441806 0.986285
vt 0.431075 0.975554
vt 0.452976 0.976226
vt 0.408005 0.306543
vt 0.435730 0.304619
vt 0.402453 0.309842
vt 0.731563 0.446892
vt 0.472656 0.278557
vt 0.433169 0.441896
vt 0.007852 0.275032
vt 0.020034 0.271074
vt 0.016148 0.291059
vt 0.283727 0.987998
vt 0.296498 0.974877
vt 0.304086 0.988020
vt 0.007434 0.162288
vt 0.007434 0.145442
vt 0.020942 0.160758
vt 0.769166 0.369925
vt 0.800686 0.446204
vt 0.281531 0.970394
vt 0.437508 0.289498
vt 0.008694 0.256458
vt 0.018860 0.270450
vt 0.007559 0.264420
vt 0.464012 0.450939
vt 0.459042 0.277940
vt 0.872764 0.982259
vt 0.860182 0.986591
vt 0.872332 0.970177
vt 0.877098 0.990194
vt 0.545035 0.638378
vt 0.562343 0.601495
vt 0.398411 0.844706
vt 0.383409 0.828045
vt 0.423447 0.835584
vt 0.217176 0.976641
vt 0.234618 0.970699
vt 0.226206 0.977114
vt 0.213705 0.953175
vt 0.205206 0.978332
vt 0.021451 0.338556
vt 0.018892 0.348821
vt 0.006925 0.348740
vt 0.433824 0.471378
vt 0.776720 0.455873
vt 0.758046 0.467732
vt 0.788252 0.373528
vt 0.806906 0.393109
vt 0.226563 0.956616
vt 0.808555 0.411378
vt 0.480999 0.488660
vt 0.496126 0.475728
vt 0.972136 0.556730
vt 0.985665 0.571053
vt 0.974877 0.576234
vt 0.580459 0.621604
vt 0.005412 0.955065
vt 0.005412 0.941754
vt 0.010962 0.958758
vt 0.245860 0.982489
vt 0.261499 0.987570
vt 0.245350 0.989136
vt 0.971418 0.557968
vt 0.972059 0.577654
vt 0.968532 0.562771
vt 0.017516 0.979114
vt 0.006558 0.987076
vt 0.002543 0.972318
vt 0.763963 0.471073
vt 0.012200 0.941438
vt 0.379394 0.840807
vt 0.980686 0.552290
vt 0.963283 0.551015
vt 0.602376 0.986904
vt 0.603557 0.973410
vt 0.625608 0.987275
vt 0.620122 0.968204
vt 0.367160 0.831636
vt 0.945750 0.558207
vt 0.965900 0.548032
vt 0.444714 0.490312
vt 0.436378 0.506995
vt 0.427844 0.490460
vt 0.368377 0.816742
vt 0.847808 0.981766
vt 0.859407 0.995592
vt 0.844116 0.995543
vt 0.464151 0.506985
vt 0.952142 0.772894
vt 0.961150 0.760419
vt 0.965172 0.767092
vt 0.581098 0.544793
vt 0.579439 0.510668
vt 0.564483 0.582811
vt 0.591546 0.582825
vt 0.007688 0.230008
vt 0.020813 0.233525
vt 0.007348 0.248955
vt 0.605018 0.606528
vt 0.472380 0.521080
vt 0.973494 0.748633
vt 0.412871 0.524284
vt 0.023474 0.243364
vt 0.474509 0.541698
vt 0.461967 0.540122
vt 0.603083 0.542440
vt 0.611107 0.495184
vt 0.856752 0.978967
vt 0.785548 0.466204
vt 0.158087 0.978642
vt 0.178997 0.978642
vt 0.176246 0.987601
vt 0.558770 0.562671
vt 0.792416 0.467477
vt 0.410412 0.540695
vt 0.240245 0.908859
vt 0.228913 0.891144
vt 0.262105 0.876366
vt 0.225175 0.901354
vt 0.717324 0.988864
vt 0.723968 0.991022
vt 0.719073 0.998905
vt 0.391984 0.548860
vt 0.409180 0.551545
vt 0.394956 0.554741
vt 0.610421 0.602498
vt 0.614457 0.574957
vt 0.566650 0.632586
vt 0.545463 0.534247
vt 0.342607 0.285611
vt 0.320842 0.278526
vt 0.372127 0.259353
vt 0.190985 0.253639
vt 0.243064 0.278353
vt 0.222187 0.353015
vt 0.314074 0.313125
vt 0.245420 0.314903
vt 0.301302 0.309930
vt 0.292573 0.281358
vt 0.301792 0.256889
vt 0.239409 0.340962
vt 0.264378 0.310877
vt 0.274724 0.299821
vt 0.284298 0.330360
vt 0.284958 0.260153
vt 0.252555 0.268628
vt 0.815522 0.521351
vt 0.828704 0.537436
vt 0.271212 0.262099
vt 0.803322 0.467216
vt 0.812984 0.467589
vt 0.813332 0.478970
vt 0.806372 0.442812
vt 0.816109 0.540064
vt 0.778780 0.525779
vt 0.778013 0.502305
vt 0.777950 0.470588
vt 0.828131 0.509172
vt 0.819488 0.498090
vt 0.235186 0.437156
vt 0.258919 0.436763
vt 0.276214 0.459439
vt 0.244974 0.463493
vt 0.244987 0.422784
vt 0.285488 0.477571
vt 0.270029 0.485101
vt 0.280824 0.486204
vt 0.620892 0.531910
vt 0.646627 0.507912
vt 0.660908 0.638859
vt 0.232242 0.365492
vt 0.197965 0.491869
vt 0.190986 0.486535
vt 0.240507 0.504137
vt 0.281173 0.495152
vt 0.254230 0.517148
vt 0.063147 0.395251
vt 0.079221 0.375426
vt 0.076818 0.397661
vt 0.283110 0.506572
vt 0.228609 0.516385
vt 0.685885 0.894133
vt 0.676503 0.877883
vt 0.265097 0.526563
vt 0.235095 0.521882
vt 0.211155 0.544464
vt 0.289934 0.526312
vt 0.677652 0.254804
vt 0.650201 0.210685
vt 0.678073 0.232307
vt 0.643991 0.218183
vt 0.673652 0.892102
vt 0.076942 0.423497
vt 0.678047 0.223750
vt 0.627649 0.210235
vt 0.268668 0.547914
vt 0.662656 0.197137
vt 0.247773 0.535225
vt 0.650880 0.881202
vt 0.680820 0.211958
vt 0.657532 0.893145
vt 0.646768 0.186685
vt 0.609694 0.205443
vt 0.615993 0.179048
vt 0.013002 0.053897
vt 0.026744 0.058899
vt 0.019738 0.169822
vt 0.022759 0.185364
vt 0.010999 0.170660
vt 0.595676 0.190455
vt 0.640414 0.170755
vt 0.681711 0.195787
vt 0.682483 0.150168
vt 0.617414 0.161933
vt 0.583172 0.158837
vt 0.636605 0.140340
vt 0.609704 0.144041
vt 0.655316 0.131204
vt 0.659059 0.538415
vt 0.698435 0.882258
vt 0.007992 0.059116
vt 0.586233 0.182375
vt 0.363390 0.295989
vt 0.385374 0.283356
vt 0.367708 0.323732
vt 0.400036 0.299675
vt 0.329474 0.330840
vt 0.395586 0.322784
vt 0.368036 0.335479
vt 0.937873 0.498546
vt 0.913543 0.503110
vt 0.914274 0.497721
vt 0.933726 0.522627
vt 0.321114 0.307932
vt 0.382837 0.351283
vt 0.923620 0.490194
vt 0.950449 0.536478
vt 0.937265 0.489451
vt 0.300639 0.156173
vt 0.298992 0.197589
vt 0.319010 0.133292
vt 0.361714 0.358296
vt 0.297055 0.109538
vt 0.409291 0.341974
vt 0.017497 0.140322
vt 0.005497 0.140322
vt 0.008919 0.123376
vt 0.282969 0.119928
vt 0.997929 0.911567
vt 0.997929 0.937748
vt 0.988372 0.927981
vt 0.292642 0.195497
vt 0.335111 0.104739
vt 0.336048 0.081688
vt 0.355943 0.085916
vt 0.657309 0.961030
vt 0.647126 0.977326
vt 0.632320 0.968842
vt 0.344823 0.105248
vt 0.043766 0.015436
vt 0.029862 0.003845
vt 0.046926 0.003644
vt 0.349587 0.978527
vt 0.328985 0.983959
vt 0.329247 0.978527
vt 0.338302 0.368645
vt 0.345860 0.987715
vt 0.310036 0.347962
vt 0.250784 0.330266
vt 0.274377 0.334908
vt 0.282553 0.347723
vt 0.251212 0.339365
vt 0.266736 0.136569
vt 0.244330 0.346263
vt 0.682592 0.985118
vt 0.682808 0.978918
vt 0.701948 0.977211
vt 0.263230 0.120000
vt 0.257184 0.112464
vt 0.015825 0.185323
vt 0.006035 0.203321
vt 0.006312 0.184155
vt 0.955460 0.842173
vt 0.961139 0.846772
vt 0.940354 0.844499
vt 0.252762 0.352651
vt 0.700930 0.979167
vt 0.699640 0.985236
vt 0.682632 0.986586
vt 0.622443 0.971961
vt 0.631031 0.945847
vt 0.629454 0.964950
vt 0.065050 0.011478
vt 0.020384 0.198054
vt 0.621415 0.946621
vt 0.964216 0.288182
vt 0.957641 0.285789
vt 0.966527 0.278881
vt 0.023480 0.605430
vt 0.023480 0.626957
vt 0.011256 0.611213
vt 0.967670 0.826417
vt 0.311505 0.376639
vt 0.957761 0.295351
vt 0.238503 0.111518
vt 0.238855 0.120721
vt 0.974515 0.325282
vt 0.974813 0.342341
vt 0.961586 0.325547
vt 0.576523 0.000118
vt 0.586916 0.003495
vt 0.576000 0.009666
vt 0.958383 0.258955
vt 0.289699 0.380528
vt 0.962726 0.311280
vt 0.315407 0.055290
vt 0.337199 0.055206
vt 0.347437 0.059028
vt 0.970402 0.656457
vt 0.963336 0.638306
vt 0.969644 0.629623
vt 0.272556 0.375878
vt 0.957902 0.657463
vt 0.940557 0.644270
vt 0.294773 0.045117
vt 0.961325 0.617977
vt 0.293789 0.912801
vt 0.284957 0.925384
vt 0.274323 0.918994
vt 0.215842 0.109240
vt 0.709790 0.953736
vt 0.724481 0.973957
vt 0.709472 0.977281
vt 0.821215 0.987745
vt 0.804030 0.988192
vt 0.810156 0.965331
vt 0.805372 0.968799
vt 0.312477 0.037732
vt 0.323868 0.040326
vt 0.305003 0.426355
vt 0.019939 0.286758
vt 0.019939 0.306197
vt 0.014797 0.296443
vt 0.277155 0.936285
vt 0.268378 0.931079
vt 0.269475 0.900310
vt 0.006823 0.109034
vt 0.001983 0.112423
vt 0.002118 0.096481
vt 0.253296 0.404473
vt 0.595071 0.985787
vt 0.588093 0.964311
vt 0.599285 0.975664
vt 0.621740 0.987882
vt 0.621740 0.998909
vt 0.610159 0.997373
vt 0.250242 0.927248
vt 0.821510 0.748855
vt 0.802818 0.753170
vt 0.830103 0.736593
vt 0.811441 0.723879
vt 0.923584 0.097575
vt 0.943505 0.081800
vt 0.934640 0.100537
vt 0.998387 0.255716
vt 0.991828 0.263533
vt 0.993151 0.237935
vt 0.923423 0.110233
vt 0.257308 0.420241
vt 0.287507 0.444723
vt 0.942560 0.136399
vt 0.250711 0.087892
vt 0.778114 0.732310
vt 0.272965 0.052298
vt 0.779859 0.753300
vt 0.800474 0.700712
vt 0.158626 0.031131
vt 0.153734 0.012873
vt 0.183774 0.017453
vt 0.285858 0.511654
vt 0.731541 0.725611
vt 0.272709 0.895771
vt 0.272709 0.881138
vt 0.319757 0.881781
vt 0.206248 0.855275
vt 0.154809 0.865707
vt 0.161980 0.855275
vt 0.196021 0.873688
vt 0.067164 0.544356
vt 0.067164 0.495272
vt 0.095752 0.529071
vt 0.250865 0.012992
vt 0.182508 0.046836
vt 0.218246 0.048166
vt 0.161244 0.058066
vt 0.304886 0.188213
vt 0.618077 0.057185
vt 0.634759 0.071687
vt 0.613154 0.077416
vt 0.556139 0.932104
vt 0.531064 0.920840
vt 0.644185 0.105971
vt 0.627359 0.103975
vt 0.655807 0.063100
vt 0.683165 0.071724
vt 0.679724 0.056879
vt 0.657440 0.104474
vt 0.672622 0.089717
vt 0.762621 0.307880
vt 0.771823 0.294738
vt 0.777307 0.314858
vt 0.759386 0.281120
vt 0.667354 0.119518
vt 0.765181 0.265213
vt 0.734204 0.054470
vt 0.761784 0.346262
vt 0.670092 0.134864
vt 0.770868 0.368349
vt 0.734982 0.850463
vt 0.732731 0.824738
vt 0.719825 0.854609
vt 0.709119 0.822984
vt 0.296987 0.674206
vt 0.286628 0.653198
vt 0.276695 0.665374
vt 0.276148 0.678666
vt 0.291807 0.689871
vt 0.341771 0.694521
vt 0.235528 0.694541
vt 0.522139 0.943152
vt 0.767887 0.851420
vt 0.290662 0.638140
vt 0.095400 0.982905
vt 0.093023 0.987949
vt 0.083795 0.984591
vt 0.083742 0.987724
vt 0.231314 0.990504
vt 0.217843 0.985061
vt 0.240572 0.989818
vt 0.107550 0.988230
vt 0.243838 0.012500
vt 0.236945 0.003013
vt 0.251313 0.011824
vt 0.788004 0.976493
vt 0.784893 0.976111
vt 0.784963 0.967734
vt 0.246122 0.001688
vt 0.235537 0.983123
vt 0.235333 0.972314
vt 0.496518 0.662871
vt 0.480592 0.666161
vt 0.524411 0.641414
vt 0.513052 0.653731
vt 0.012768 0.926315
vt 0.014630 0.936874
vt 0.012896 0.947951
vt 0.700427 0.237654
vt 0.694357 0.158196
vt 0.712484 0.249919
vt 0.242091 0.012710
vt 0.165444 0.012988
vt 0.532352 0.676716
vt 0.506739 0.674986
vt 0.070951 0.316231
vt 0.068524 0.338575
vt 0.062787 0.332254
vt 0.538615 0.680393
vt 0.527693 0.682334
vt 0.499563 0.677959
vt 0.935409 0.849719
vt 0.953874 0.848103
vt 0.927343 0.855234
vt 0.063497 0.341610
vt 0.086773 0.345592
vt 0.088479 0.353803
vt 0.540571 0.696714
vt 0.944080 0.846133
vt 0.067100 0.353678
vt 0.510118 0.687291
vt 0.481002 0.671597
vt 0.198541 0.998867
vt 0.185021 0.998867
vt 0.192690 0.997708
vt 0.544496 0.682078
vt 0.533223 0.697138
vt 0.962579 0.855433
vt 0.474930 0.678491
vt 0.060767 0.351220
vt 0.387899 0.772180
vt 0.356490 0.776307
vt 0.349850 0.764729
vt 0.704996 0.258071
vt 0.462605 0.665224
vt 0.091478 0.359685
vt 0.498298 0.681427
vt 0.456628 0.677156
vt 0.477505 0.689312
vt 0.730630 0.656942
vt 0.443156 0.655950
vt 0.063743 0.358360
vt 0.007564 0.057994
vt 0.007564 0.040343
vt 0.010048 0.048107
vt 0.726261 0.683338
vt 0.716903 0.676058
vt 0.087357 0.993022
vt 0.081440 0.989605
vt 0.099089 0.989366
vt 0.441929 0.666969
vt 0.056761 0.361871
vt 0.715576 0.668887
vt 0.722492 0.652058
vt 0.722333 0.663596
vt 0.069517 0.365305
vt 0.350425 0.756010
vt 0.709146 0.682531
vt 0.687130 0.675168
vt 0.709590 0.639203
vt 0.723702 0.277411
vt 0.436775 0.676105
vt 0.700704 0.675027
vt 0.457463 0.689202
vt 0.700220 0.644603
vt 0.324898 0.755493
vt 0.057742 0.371147
vt 0.312199 0.774368
vt 0.435445 0.690348
vt 0.685295 0.686078
vt 0.675599 0.688293
vt 0.680482 0.670694
vt 0.716705 0.614855
vt 0.788588 0.554982
vt 0.841949 0.564391
vt 0.756388 0.562540
vt 0.704967 0.616368
vt 0.683467 0.654632
vt 0.692350 0.646709
vt 0.692287 0.617461
vt 0.664899 0.665406
vt 0.613557 0.691325
vt 0.687802 0.624036
vt 0.676516 0.656735
vt 0.651222 0.638645
vt 0.665536 0.642185
vt 0.708118 0.592975
vt 0.671225 0.634752
vt 0.684885 0.614633
vt 0.661639 0.622707
vt 0.236772 0.005114
vt 0.469458 0.660007
vt 0.718709 0.635389
vt 0.735269 0.651227
vt 0.720232 0.667899
vt 0.683166 0.272927
vt 0.684172 0.279671
vt 0.712075 0.692250
vt 0.739046 0.271508
vt 0.719755 0.595698
vt 0.168496 0.558770
vt 0.163717 0.578771
vt 0.144338 0.576538
vt 0.183598 0.567878
vt 0.140997 0.564528
vt 0.146384 0.545104
vt 0.202331 0.548362
vt 0.997473 0.435878
vt 0.996240 0.421778
vt 0.998379 0.409034
vt 0.184891 0.536863
vt 0.167000 0.546461
vt 0.933449 0.981552
vt 0.933449 0.994475
vt 0.927118 0.992947
vt 0.805456 0.176935
vt 0.792110 0.197461
vt 0.794917 0.178969
vt 0.172310 0.526419
vt 0.191308 0.535303
vt 0.291488 0.578385
vt 0.202211 0.512069
vt 0.783099 0.181352
vt 0.191501 0.507218
vt 0.166577 0.519422
vt 0.177275 0.494258
vt 0.755652 0.197386
vt 0.756635 0.179573
vt 0.165764 0.484405
vt 0.176409 0.580175
vt 0.809180 0.196740
vt 0.806689 0.205517
vt 0.792431 0.211405
vt 0.428242 0.885938
vt 0.428557 0.903586
vt 0.408996 0.898318
vt 0.130698 0.965525
vt 0.111105 0.958393
vt 0.132391 0.942988
vt 0.101464 0.953367
vt 0.749292 0.448861
vt 0.749292 0.555053
vt 0.739945 0.470637
vt 0.747128 0.191071
vt 0.147881 0.577870
vt 0.163298 0.592179
vt 0.140518 0.624711
vt 0.404816 0.889600
vt 0.760691 0.213599
vt 0.278361 0.145048
vt 0.297933 0.156348
vt 0.250520 0.155753
vt 0.412603 0.879114
vt 0.744209 0.206042
vt 0.800124 0.230262
vt 0.765516 0.263470
vt 0.159403 0.677022
vt 0.757863 0.236412
vt 0.117343 0.965250
vt 0.392988 0.890982
vt 0.391768 0.876182
vt 0.405184 0.869897
vt 0.394661 0.899980
vt 0.101545 0.959024
vt 0.381619 0.901462
vt 0.737988 0.179851
vt 0.381906 0.873812
vt 0.738577 0.221725
vt 0.807677 0.240229
vt 0.707454 0.220943
vt 0.188858 0.157042
vt 0.777505 0.278663
vt 0.745615 0.279729
vt 0.236225 0.130140
vt 0.740777 0.174772
vt 0.732890 0.213847
vt 0.040807 0.352374
vt 0.056222 0.371584
vt 0.047735 0.371409
vt 0.053973 0.329003
vt 0.037222 0.358165
vt 0.796030 0.906885
vt 0.788383 0.904898
vt 0.789122 0.896442
vt 0.254055 0.564708
vt 0.273722 0.549686
vt 0.272156 0.555983
vt 0.256965 0.559432
vt 0.763533 0.641264
vt 0.747880 0.664506
vt 0.745095 0.623577
vt 0.769728 0.658754
vt 0.750597 0.602301
vt 0.713610 0.002592
vt 0.721066 0.040950
vt 0.679575 0.028279
vt 0.564157 0.656697
vt 0.597968 0.639443
vt 0.576020 0.663273
vt 0.832459 0.898433
vt 0.547146 0.682230
vt 0.546370 0.669670
vt 0.809045 0.682017
vt 0.310488 0.557881
vt 0.269843 0.562900
vt 0.556437 0.688315
vt 0.035662 0.671287
vt 0.035662 0.711785
vt 0.023046 0.694960
vt 0.604225 0.647334
vt 0.602654 0.662756
vt 0.744889 0.019036
vt 0.577503 0.672382
vt 0.610444 0.651779
vt 0.705274 0.714236
vt 0.704165 0.708070
vt 0.723577 0.699861
vt 0.761717 0.005371
vt 0.313379 0.534189
vt 0.717996 0.713016
vt 0.748618 0.703360
vt 0.783652 0.680476
vt 0.536817 0.710361
vt 0.651133 0.046894
vt 0.662373 0.053383
vt 0.640513 0.055593
vt 0.082001 0.082038
vt 0.067705 0.066615
vt 0.079609 0.033911
vt 0.119740 0.548361
vt 0.114927 0.556064
vt 0.106821 0.537800
vt 0.124261 0.496132
vt 0.338122 0.554849
vt 0.090081 0.510096
vt 0.309538 0.414775
vt 0.310278 0.397457
vt 0.331073 0.412715
vt 0.142796 0.567469
vt 0.772650 0.709728
vt 0.304586 0.488368
vt 0.331069 0.509338
vt 0.069726 0.035255
vt 0.967770 0.229754
vt 0.967770 0.198329
vt 0.975478 0.219825
vt 0.304850 0.450825
vt 0.335498 0.459230
vt 0.094758 0.419096
vt 0.130603 0.413418
vt 0.085151 0.470633
vt 0.677211 0.037030
vt 0.337905 0.441443
vt 0.339491 0.541820
vt 0.349889 0.564872
vt 0.685201 0.055455
vt 0.028822 0.303947
vt 0.028822 0.345759
vt 0.021080 0.329956
vt 0.920991 0.488131
vt 0.912747 0.471951
vt 0.948032 0.484785
vt 0.921669 0.440001
vt 0.943024 0.455263
vt 0.036060 0.533399
vt 0.036060 0.575211
vt 0.028519 0.546059
vt 0.353670 0.531794
vt 0.902751 0.492484
vt 0.696286 0.034916
vt 0.089075 0.606986
vt 0.089205 0.533915
vt 0.113047 0.555576
vt 0.385378 0.564708
vt 0.982647 0.689619
vt 0.988665 0.702524
vt 0.972686 0.692710
vt 0.733754 0.053190
vt 0.925477 0.895666
vt 0.876872 0.895666
vt 0.912608 0.893472
vt 0.988773 0.922615
vt 0.988773 0.896367
vt 0.997039 0.910416
vt 0.014733 0.361639
vt 0.020345 0.378909
vt 0.006563 0.382491
vt 0.119594 0.848492
vt 0.130991 0.861901
vt 0.124789 0.872643
vt 0.083122 0.871032
vt 0.077913 0.849175
vt 0.115426 0.569367
vt 0.974064 0.673210
vt 0.916486 0.998902
vt 0.909195 0.988867
vt 0.925443 0.990175
vt 0.359054 0.521979
vt 0.875481 0.875390
vt 0.866829 0.888267
vt 0.855896 0.876124
vt 0.903400 0.890300
vt 0.888430 0.894179
vt 0.408747 0.007536
vt 0.426480 0.000729
vt 0.399352 0.019819
vt 0.540548 0.859845
vt 0.572349 0.859299
vt 0.567632 0.872474
vt 0.892181 0.291883
vt 0.872043 0.281536
vt 0.882150 0.261701
vt 0.863185 0.256958
vt 0.089399 0.778259
vt 0.082226 0.768015
vt 0.101179 0.766751
vt 0.131081 0.777122
vt 0.897955 0.855627
vt 0.924077 0.855191
vt 0.920887 0.873282
vt 0.883077 0.308049
vt 0.517671 0.872599
vt 0.950382 0.866713
vt 0.898067 0.317406
vt 0.942533 0.873243
vt 0.083836 0.975613
vt 0.102074 0.965225
vt 0.089741 0.977880
vt 0.098713 0.955584
vt 0.987359 0.673973
s 1
usemtl Material
f 783/2357/1863 784/2358/1864 785/2359/1865
f 783/2357/1863 785/2359/1865 786/2360/1866
f 783/2361/1867 787/2362/1867 784/2363/1867
f 787/2364/1868 783/2365/1869 786/2366/1870
f 785/2359/1865 788/2367/1871 786/2360/1866
f 785/2368/1872 784/2369/1873 789/2370/1872
f 788/2367/1871 785/2359/1865 790/2371/1874
f 785/2368/1872 789/2370/1872 790/2372/1875
f 791/2373/1876 784/2374/1876 787/2375/1876
f 786/2366/1870 792/2376/1877 793/2377/1878
f 787/2364/1868 786/2366/1870 793/2377/1878
f 792/2378/1879 786/2360/1866 788/2367/1871
f 787/2379/1880 793/2380/1881 794/2381/1882
f 1520/4745/3805 1521/4746/3806 1522/4747/3807
f 795/2382/1883 791/2383/1884 787/2384/1885
f 790/2371/1874 796/2385/1886 788/2367/1871
f 1523/4748/3808 1521/4746/3806 1520/4745/3805
f 1522/4747/3807 1524/4749/3809 1520/4745/3805
f 791/2386/1887 797/2387/1887 789/2562/1887
f 1525/4750/3810 1522/4751/3811 1521/4752/3812
f 794/2381/1882 795/2388/1888 787/2379/1880
f 1522/4753/3813 1526/4754/3814 1524/4755/3815
f 788/2563/2022 796/2564/2023 798/2389/1889
f 1522/4753/3813 1525/4756/3816 1526/4754/3814
f 789/2390/1890 784/2391/1890 791/2392/1890
f 846/2569/2026 790/2570/2027 847/2571/2028
f 1527/4757/3817 1528/4758/3818 1529/4759/3819
f 846/2572/2029 847/2573/2029 848/2574/2029
f 1525/4760/3820 1528/4758/3818 1527/4757/3817
f 1530/4761/3821 1527/4757/3817 1529/4759/3819
f 1209/4543/3624 1439/4544/3625 1440/4545/3626
f 1439/4544/3625 1441/4546/3627 1440/4545/3626
f 799/2393/1891 791/2383/1884 795/2382/1883
f 1523/4762/3822 1531/4763/3823 1521/4764/3824
f 1527/4765/3825 1530/4766/3826 1532/4767/3827
f 846/2569/2026 796/2575/2030 790/2570/2027
f 847/2576/2031 797/2577/2031 849/2578/2032
f 847/2576/2031 790/2579/2033 797/2577/2031
f 790/2580/2034 789/2581/2034 797/2582/2034
f 1525/4750/3810 1521/4752/3812 1531/4768/3828
f 1526/4769/3829 1527/4765/3825 1532/4767/3827
f 800/2394/1892 801/2395/1893 802/2396/1894
f 800/2394/1892 802/2396/1894 803/2397/1895
f 1525/4770/3830 1527/4765/3825 1526/4769/3829
f 847/2583/2035 850/2584/2035 848/2585/2035
f 1439/4547/3628 1208/4548/3629 1441/4549/3630
f 1531/4771/3831 1528/4758/3818 1525/4760/3820
f 1524/4755/3815 1533/4772/3832 1520/4773/3833
f 1534/4774/3834 1526/4769/3829 1532/4767/3827
f 846/2586/2036 848/2587/2037 851/2588/2038
f 1520/4775/3835 1533/4776/3835 1523/4777/3835
f 804/2398/1896 800/2399/1897 803/2400/1898
f 788/2563/2022 798/2389/1889 792/2401/1899
f 849/2589/2039 850/2590/2039 847/2591/2039
f 1208/4550/3631 1439/4544/3625 1209/4543/3624
f 1532/4767/3827 1530/4778/3836 1535/4779/3837
f 802/2402/1900 805/2403/1901 803/2404/1902
f 1523/4762/3822 1489/4780/3838 1531/4763/3823
f 1532/4767/3827 1536/4781/3839 1534/4774/3834
f 802/2405/1903 801/2406/1904 806/2407/1905
f 1535/4779/3837 1530/4778/3836 1537/4782/3840
f 1537/4783/3841 1530/4784/3842 1529/4785/3843
f 1208/3883/3056 1209/3884/3057 1210/3885/3058
f 805/2403/1901 802/2402/1900 806/2408/1906
f 808/2592/2040 796/2593/2040 846/2594/2040
f 850/2595/2041 852/2596/2042 848/2597/2043
f 1209/4551/3632 1440/4552/3633 1216/4553/3633
f 1440/4554/3634 1441/4555/3634 1217/4556/3634
f 1536/4781/3839 1532/4767/3827 1535/4779/3837
f 1523/4762/3822 1492/4786/3844 1489/4780/3838
f 1538/4787/3845 1524/4755/3815 1526/4754/3814
f 1529/4785/3843 1539/4788/3846 1537/4783/3841
f 800/2394/1892 807/2409/1907 801/2395/1893
f 791/2410/1908 799/2411/1908 797/2412/1908
f 807/2413/1909 795/2414/1909 794/2415/1909
f 655/2416/1910 793/2377/1878 792/2376/1877
f 796/2417/1911 808/2418/1912 798/2419/1913
f 1540/4789/3847 1529/4785/3843 1528/4758/3818
f 1440/4552/3633 1217/4557/3635 1216/4553/3633
f 795/2382/1883 807/2420/1914 809/2421/1915
f 807/2422/1916 800/2399/1897 810/2423/1917
f 795/2382/1883 809/2421/1915 799/2393/1891
f 803/2424/1918 811/2425/1918 804/2426/1918
f 1528/4758/3818 1531/4771/3831 1541/4790/3848
f 1533/4772/3832 1524/4755/3815 1538/4787/3845
f 812/2427/1919 806/2407/1905 801/2406/1904
f 1534/4774/3834 1538/4791/3849 1526/4769/3829
f 801/2428/1920 807/2429/1920 794/2430/1920
f 808/2598/2044 846/2586/2036 851/2588/2038
f 1539/4792/3850 1542/4793/3851 1537/4794/3852
f 809/2431/1921 807/2432/1922 810/2433/1921
f 1523/4795/3853 1533/4796/3854 1492/4797/3855
f 797/2599/2045 799/2600/2046 853/2601/2047
f 1211/3886/3059 1208/3883/3056 1210/3885/3058
f 1441/4549/3630 1208/4548/3629 1217/4558/3636
f 1543/4798/3856 1541/4799/3857 1531/4800/3858
f 851/2602/2048 819/2603/2049 808/2604/2050
f 797/2599/2045 853/2601/2047 849/2605/2051
f 1529/4785/3843 1540/4789/3847 1539/4788/3846
f 806/2408/1906 813/2434/1923 805/2403/1901
f 1212/3887/3060 1213/3888/3061 1208/3889/3062
f 812/2427/1919 801/2406/1904 794/2435/1924
f 1540/4789/3847 1528/4758/3818 1541/4790/3848
f 848/2587/2037 852/2606/2052 851/2588/2038
f 805/2403/1901 811/2436/1925 803/2404/1902
f 1531/4800/3858 1449/4801/3859 1543/4798/3856
f 1538/4787/3845 1544/4802/3860 1533/4772/3832
f 1489/4803/3861 1449/4801/3859 1531/4800/3858
f 792/2401/1899 798/2389/1889 814/2437/1926
f 1214/3890/3063 1210/3891/3064 1209/3892/3065
f 813/2438/1927 806/2407/1905 812/2427/1919
f 1488/4669/3735 1449/4670/3736 1489/4671/3737
f 1535/4804/3862 1537/4805/3863 1542/4806/3864
f 854/2607/2053 850/2608/2054 849/2609/2055
f 793/2439/1928 812/2427/1919 794/2435/1924
f 1541/4799/3857 1543/4798/3856 1545/4807/3865
f 819/2603/2049 851/2602/2048 855/2610/2056
f 810/2433/1921 799/2440/1929 809/2431/1921
f 1541/4790/3848 1546/4808/3866 1540/4789/3847
f 1538/4787/3845 1534/4809/3867 1547/4810/3868
f 800/2399/1897 804/2398/1896 810/2423/1917
f 1211/3886/3059 1210/3885/3058 1215/3893/3066
f 1490/4672/3738 1449/4670/3736 1488/4669/3735
f 1492/4797/3855 1533/4796/3854 1495/4811/3869
f 852/2606/2052 855/2611/2057 851/2588/2038
f 1208/3894/3067 1211/3895/3068 1212/3896/3068
f 1495/4812/3870 1533/4813/3870 1544/4814/3870
f 832/2612/2058 849/2605/2051 853/2601/2047
f 1547/4810/3868 1534/4809/3867 1536/4815/3871
f 805/2403/1901 813/2434/1923 641/2441/1930
f 1536/4815/3871 1535/4804/3862 1548/4816/3872
f 1449/4817/3873 1510/4818/3873 1543/4819/3873
f 1540/4820/3874 1542/4793/3851 1539/4792/3850
f 1216/3897/3069 1217/3898/3070 1218/3899/3071
f 793/2442/1931 655/2443/1932 815/2444/1932
f 675/2445/1933 792/2446/1933 814/2447/1933
f 1488/4669/3735 1489/4673/3739 1491/4674/3740
f 1488/4669/3735 1444/4675/3741 1490/4672/3738
f 1489/4676/3742 1492/4677/3742 1491/4678/3742
f 1216/4018/3072 1219/3900/3072 1209/3901/3072
f 1542/4806/3864 1549/4821/3875 1535/4804/3862
f 850/2595/2041 856/2613/2059 852/2596/2042
f 812/2427/1919 793/2448/1934 815/2449/1935
f 721/2180/1711 722/2181/1711 723/2182/1711
f 1538/4787/3845 1496/4822/3876 1544/4802/3860
f 1217/3898/3070 1220/3902/3073 1218/3899/3071
f 1444/4675/3741 1488/4669/3735 1493/4679/3743
f 1536/4815/3871 1548/4816/3872 1547/4810/3868
f 1535/4804/3862 1549/4821/3875 1548/4816/3872
f 1495/4823/3877 1544/4802/3860 1496/4822/3876
f 1549/4824/3878 1542/4793/3851 1540/4820/3874
f 1211/3886/3059 1215/3893/3066 1221/3903/3074
f 656/2450/1936 816/2451/1937 805/2403/1901
f 721/2183/1712 723/2184/1713 724/2185/1714
f 1491/4674/3740 1494/4680/3744 1488/4669/3735
f 1541/4825/3879 1550/4826/3879 1546/4827/3879
f 811/2452/1938 816/2453/1939 804/2454/1940
f 798/2389/1889 817/2455/1941 814/2437/1926
f 722/2186/1715 721/2183/1712 725/2187/1716
f 819/2603/2049 855/2610/2056 818/2614/2060
f 1551/4828/3880 1552/4829/3881 1543/4830/3882
f 816/2451/1937 811/2436/1925 805/2403/1901
f 1543/4830/3882 1553/4831/3883 1545/4832/3884
f 1550/4833/3885 1541/4834/3885 1545/4835/3885
f 726/2188/1717 721/2183/1712 724/2185/1714
f 852/2615/2061 723/2616/2061 722/2617/2061
f 798/2419/1913 808/2418/1912 817/2456/1942
f 1496/4822/3876 1538/4787/3845 1502/4836/3886
f 1502/4836/3886 1538/4787/3845 1547/4810/3868
f 1493/4679/3743 1488/4669/3735 1494/4680/3744
f 856/2618/2062 850/2608/2054 854/2607/2053
f 1543/4830/3882 1554/4837/3887 1551/4828/3880
f 854/2607/2053 849/2609/2055 857/2619/2063
f 655/2457/1943 792/2458/1944 675/2459/1945
f 641/2441/1930 656/2450/1936 805/2403/1901
f 818/2460/1946 808/2461/1946 819/2462/1947
f 810/2423/1917 804/2398/1896 820/2463/1948
f 1222/3904/3075 1209/3905/3076 1219/3906/3077
f 638/1940/1504 639/1941/1505 640/1942/1506
f 832/2612/2058 853/2601/2047 825/2620/2064
f 1221/3907/3078 1212/3896/3068 1211/3895/3068
f 639/1943/1507 641/1944/1508 640/1945/1509
f 799/2464/1949 810/2465/1949 820/2466/1949
f 642/1946/1510 639/1941/1505 638/1940/1504
f 725/2187/1716 721/2183/1712 726/2188/1717
f 852/2621/2065 722/2622/2066 728/2623/2065
f 724/2185/1714 723/2184/1713 727/2189/1718
f 638/1940/1504 640/1942/1506 643/1947/1511
f 722/2186/1715 725/2187/1716 728/2190/1719
f 1214/3890/3063 1215/3908/3079 1210/3891/3064
f 852/2606/2052 733/2624/2067 855/2611/2057
f 723/2625/2068 858/2626/2069 727/2627/2070
f 1546/4838/3888 1549/4824/3878 1540/4820/3874
f 1209/3909/3080 1222/3910/3081 1214/3911/3081
f 1491/4681/3745 1492/4682/3745 1495/4683/3745
f 813/2434/1923 654/2467/1950 641/2441/1930
f 641/1944/1508 639/1943/1507 644/1948/1512
f 799/2565/2024 820/2468/1951 821/2469/1952
f 644/2060/1608 639/2061/1609 689/2062/1609
f 723/2625/2068 852/2628/2071 858/2626/2069
f 689/2062/1609 639/2061/1609 642/2063/1610
f 1552/4829/3881 1553/4831/3883 1543/4830/3882
f 1496/4684/3746 1497/4685/3747 1495/4686/3748
f 804/2454/1940 822/2470/1953 820/2468/1951
f 638/1940/1504 645/1949/1513 642/1946/1510
f 1543/4839/3889 1510/4840/3890 1508/4841/3891
f 1496/4822/3876 1502/4836/3886 1497/4842/3892
f 852/2628/2071 856/2629/2072 858/2626/2069
f 1494/4680/3744 1498/4687/3749 1493/4679/3743
f 1498/4687/3749 1494/4680/3744 1491/4674/3740
f 653/2471/1954 812/2427/1919 815/2449/1935
f 724/2185/1714 727/2189/1718 729/2191/1720
f 1555/4843/3893 1551/4844/3894 1554/4845/3895
f 1208/4548/3629 1220/4559/3637 1217/4558/3636
f 1547/4846/3896 1549/4824/3878 1546/4838/3888
f 1218/3899/3071 1219/3912/3082 1216/3897/3069
f 1549/4847/3897 1547/4848/3897 1548/4849/3897
f 1493/4679/3743 1499/4688/3750 1444/4675/3741
f 1223/3913/3083 1208/3914/3084 1224/3915/3085
f 856/2618/2062 854/2607/2053 857/2630/2073
f 1545/4850/3898 1553/4851/3898 1550/4852/3898
f 728/2623/2065 733/2631/2074 852/2621/2065
f 646/1950/1514 647/1951/1515 648/1952/1516
f 1444/4675/3741 1443/4689/3751 1490/4672/3738
f 1552/4853/3899 1551/4854/3899 1555/4855/3899
f 1208/3914/3084 1223/3913/3083 1220/3916/3086
f 823/2472/1955 817/2456/1942 808/2418/1912
f 1225/3917/3087 1215/3908/3079 1214/3890/3063
f 815/2444/1932 655/2443/1932 653/2473/1956
f 655/2457/1943 675/2459/1945 668/2474/1957
f 647/1953/1517 646/1954/1518 643/1955/1517
f 1499/4688/3750 1445/4690/3752 1444/4675/3741
f 648/1952/1516 649/1956/1519 646/1950/1514
f 650/1957/1520 648/1952/1516 647/1951/1515
f 725/2192/1721 730/2193/1722 728/2194/1723
f 643/1947/1511 651/1958/1521 638/1940/1504
f 1546/4856/3900 1550/4857/3901 1556/4858/3902
f 642/2064/1611 645/2065/1611 689/2066/1611
f 654/2475/1958 653/2471/1954 640/2476/1959
f 824/2477/1960 804/2454/1940 816/2453/1939
f 1491/4691/3753 1495/4686/3748 1497/4685/3747
f 813/2438/1927 812/2427/1919 653/2471/1954
f 813/2438/1927 653/2471/1954 654/2475/1958
f 1546/4856/3900 1556/4858/3902 1557/4859/3903
f 652/1959/1522 638/1960/1523 651/1961/1524
f 1547/4860/3904 1546/4856/3900 1557/4859/3903
f 647/1953/1517 643/1955/1517 653/1962/1525
f 1224/3918/3088 1208/3889/3062 1213/3888/3061
f 808/2461/1946 818/2460/1946 823/2478/1961
f 640/1963/1526 641/1964/1526 654/1965/1526
f 726/2195/1724 724/2196/1725 731/2197/1726
f 730/2193/1722 725/2192/1721 726/2195/1724
f 652/1959/1522 645/1966/1527 638/1960/1523
f 646/1967/1528 649/1968/1529 651/1969/1530
f 1554/4861/3905 1543/4839/3889 1508/4841/3891
f 647/1951/1515 655/1970/1531 650/1957/1520
f 825/2632/2075 853/2601/2047 799/2600/2046
f 651/1971/1532 643/1972/1532 646/1973/1532
f 1503/4862/3906 1555/4843/3893 1554/4845/3895
f 650/1974/1533 649/1975/1534 648/1976/1535
f 1555/4843/3893 1503/4862/3906 1502/4898/3937
f 641/1944/1508 644/1948/1512 656/1977/1536
f 1493/4679/3743 1446/4692/3754 1499/4688/3750
f 657/1978/1537 656/1979/1538 644/1980/1539
f 1500/4693/3755 1498/4687/3749 1491/4674/3740
f 1493/4679/3743 1498/4687/3749 1447/4694/3756
f 728/2348/1727 732/2198/1727 733/2199/1727
f 734/2200/1728 735/2201/1729 732/2202/1730
f 689/2067/1612 645/2068/1612 666/2069/1612
f 1556/4863/3907 1550/4864/3907 1553/4865/3907
f 814/2437/1926 817/2455/1941 675/2479/1962
f 735/2480/1963 823/2481/1964 818/2482/1965
f 818/2633/2076 732/2634/2077 735/2635/2078
f 653/1981/1540 643/1947/1511 640/1942/1506
f 1226/3919/3089 1218/3899/3071 1220/3902/3073
f 729/2203/1731 727/2204/1731 736/2205/1731
f 1502/4836/3886 1547/4810/3868 1557/4866/3908
f 823/2481/1964 735/2480/1963 817/2483/1966
f 817/2483/1966 735/2480/1963 675/2566/2025
f 736/2206/1732 724/2207/1733 729/2208/1734
f 1557/4867/3909 1555/4868/3910 1502/4869/3911
f 660/2070/1613 689/2071/1614 666/2072/1615
f 1226/3919/3089 1220/3902/3073 1227/3920/3090
f 689/2071/1614 660/2070/1613 644/2073/1616
f 653/2484/1967 655/2485/1967 647/2486/1967
f 1558/4870/3912 1552/4871/3913 1557/4867/3909
f 818/2636/2079 855/2611/2057 733/2624/2067
f 1555/4868/3910 1557/4867/3909 1552/4871/3913
f 731/2197/1726 730/2193/1722 726/2195/1724
f 728/2194/1723 730/2193/1722 732/2209/1735
f 1447/4694/3756 1446/4692/3754 1493/4679/3743
f 818/2633/2076 733/2637/2080 732/2634/2077
f 1212/3887/3060 1221/3921/3091 1213/3888/3061
f 1558/4872/3914 1553/4873/3914 1552/4874/3914
f 1559/4875/3915 1554/4876/3916 1508/4877/3917
f 737/2210/1736 735/2201/1729 734/2200/1728
f 737/2487/1968 557/2488/1969 735/2480/1963
f 1221/3903/3074 1215/3893/3066 1228/3922/3092
f 1500/4693/3755 1447/4694/3756 1498/4687/3749
f 1559/4878/3918 1560/4879/3919 1554/4880/3920
f 658/1982/1541 649/1975/1534 650/1974/1533
f 735/2480/1963 557/2488/1969 675/2566/2025
f 1227/3923/3093 1220/3924/3093 1229/3925/3093
f 1554/4880/3920 1560/4879/3919 1503/4881/3921
f 659/1983/1542 645/1984/1543 652/1985/1544
f 657/2489/1970 816/2451/1937 656/2450/1936
f 858/2638/2081 859/2639/2082 736/2640/2083
f 1442/4560/3638 1443/4561/3639 1444/4562/3640
f 1556/4882/3922 1553/4883/3923 1558/4884/3922
f 660/1986/1545 657/1978/1537 644/1980/1539
f 730/2193/1722 731/2197/1726 738/2211/1737
f 731/2212/1738 724/2207/1733 736/2206/1732
f 1557/4885/3924 1556/4882/3922 1558/4884/3922
f 849/2605/2051 832/2612/2058 857/2641/2084
f 739/2213/1739 734/2200/1728 732/2202/1730
f 824/2490/1971 816/2451/1937 657/2489/1970
f 822/2470/1953 821/2469/1952 820/2468/1951
f 1218/3899/3071 1230/3926/3094 1219/3912/3082
f 858/2638/2081 736/2640/2083 727/2642/2085
f 732/2202/1730 740/2214/1740 739/2213/1739
f 1501/4695/3757 1491/4691/3753 1497/4685/3747
f 1223/3913/3083 1231/3927/3095 1220/3916/3086
f 858/2626/2069 856/2629/2072 857/2643/2086
f 825/2491/1972 799/2565/2024 826/2492/1973
f 1500/4696/3758 1491/4691/3753 1501/4695/3757
f 664/2074/1617 665/2075/1618 690/2076/1619
f 1444/4562/3640 1445/4563/3641 1442/4560/3638
f 826/2492/1973 799/2565/2024 821/2469/1952
f 1219/3906/3077 1230/3928/3096 1222/3904/3075
f 690/2076/1619 674/2077/1620 664/2074/1617
f 740/2215/1741 732/2216/1742 730/2217/1743
f 822/2493/1974 827/2494/1975 821/2495/1976
f 826/2496/1977 821/2495/1976 827/2494/1975
f 668/2497/1978 650/2498/1978 655/2567/1978
f 1447/4694/3756 1500/4693/3755 1452/4697/3759
f 859/2639/2082 858/2638/2081 857/2644/2087
f 651/1969/1530 649/1968/1529 661/1987/1546
f 662/1988/1547 663/1989/1548 664/1990/1549
f 665/1991/1550 664/1990/1549 663/1989/1548
f 645/1984/1543 659/1983/1542 666/1992/1551
f 857/2645/2088 832/2646/2089 860/2647/2090
f 1220/3916/3086 1231/3927/3095 1229/3929/3097
f 1214/3911/3081 1222/3910/3081 1232/3930/3098
f 1443/4689/3751 1449/4698/3760 1490/4672/3738
f 669/2499/1979 668/2474/1957 675/2459/1945
f 824/2477/1960 822/2470/1953 804/2454/1940
f 664/1990/1549 667/1993/1552 662/1988/1547
f 661/1994/1553 649/1995/1554 658/1996/1555
f 676/2078/1621 690/2079/1622 665/2080/1623
f 668/1997/1556 669/1998/1557 650/1974/1533
f 1446/4692/3754 1445/4690/3752 1499/4688/3750
f 828/2500/1980 826/2496/1977 827/2494/1975
f 1223/3913/3083 1224/3915/3085 1233/3931/3099
f 737/2210/1736 734/2200/1728 741/2218/1744
f 558/2501/1981 557/2488/1969 737/2487/1968
f 859/2648/2091 860/2647/2090 861/2649/2092
f 827/2494/1975 822/2493/1974 829/2502/1982
f 652/1999/1558 651/1969/1530 661/1987/1546
f 1502/4699/3761 1503/4700/3762 1504/4701/3763
f 860/2647/2090 859/2648/2091 857/2645/2088
f 832/2646/2089 831/2650/2093 860/2647/2090
f 676/2078/1621 691/2081/1624 690/2079/1622
f 1228/3922/3092 1215/3893/3066 1225/3932/3100
f 1227/3933/3101 1234/3934/3102 1226/3935/3103
f 1213/3888/3061 1221/3921/3091 1235/3936/3104
f 1503/4886/3925 1560/4887/3926 1505/4888/3927
f 1224/3918/3088 1213/3888/3061 1233/3937/3105
f 1214/3890/3063 1236/3938/3106 1225/3917/3087
f 1560/4879/3919 1559/4878/3918 1561/4889/3928
f 1502/4699/3761 1504/4701/3763 1497/4685/3747
f 1228/3922/3092 1235/3939/3107 1221/3903/3074
f 676/2078/1621 665/2080/1623 663/2082/1625
f 1559/4875/3915 1508/4877/3917 1509/4890/3929
f 822/2493/1974 824/2503/1983 829/2502/1982
f 830/2504/1984 831/2505/1985 832/2506/1986
f 1230/3940/3108 1218/3899/3071 1226/3919/3089
f 691/2081/1624 692/2083/1626 690/2079/1622
f 1504/4702/3764 1503/4703/3765 1505/4704/3766
f 690/2076/1619 692/2084/1627 674/2077/1620
f 825/2507/1987 830/2504/1984 832/2506/1986
f 826/2496/1977 830/2504/1984 825/2507/1987
f 1445/4564/3642 1446/4565/3642 1447/4566/3642
f 1237/3941/3109 1226/3935/3103 1164/3942/3110
f 1506/4705/3767 1507/4706/3768 1508/4707/3769
f 862/2651/2094 861/2649/2092 860/2647/2090
f 1448/4567/3643 1449/4568/3644 1450/4569/3645
f 859/2652/2095 861/2653/2096 863/2654/2097
f 863/2654/2097 861/2653/2096 862/2655/2098
f 834/2656/2099 860/2647/2090 831/2650/2093
f 657/2000/1559 660/2057/1560 670/2001/1560
f 824/2503/1983 657/2508/1988 829/2502/1982
f 660/2070/1613 666/2072/1615 671/2085/1628
f 650/1974/1533 669/1998/1557 658/1982/1541
f 671/2002/1561 672/2003/1561 670/2004/1561
f 659/1983/1542 673/2005/1562 666/1992/1551
f 1237/3943/3111 1230/3944/3111 1226/3945/3111
f 664/1990/1549 661/2006/1563 667/1993/1552
f 664/1990/1549 674/2007/1564 661/2006/1563
f 1443/4659/3646 1450/4570/3646 1449/4571/3646
f 675/2008/1565 557/2009/1566 562/2010/1567
f 1508/4707/3769 1507/4706/3768 1509/4708/3770
f 1238/3946/3112 1231/3947/3113 1223/3913/3083
f 742/2219/1745 740/2215/1741 730/2217/1743
f 734/2200/1728 743/2220/1746 741/2218/1744
f 1222/3904/3075 1230/3928/3096 1232/3948/3114
f 738/2221/1747 731/2212/1738 736/2206/1732
f 1234/3949/3115 1227/3950/3116 1229/3951/3117
f 669/2011/1568 675/2008/1565 562/2010/1567
f 557/1665/1293 558/1666/1294 511/1667/1295
f 826/2496/1977 828/2500/1980 830/2504/1984
f 1238/3946/3112 1223/3913/3083 1233/3931/3099
f 739/2213/1739 743/2220/1746 734/2200/1728
f 1447/4572/3647 1451/4573/3648 1445/4563/3641
f 831/2509/1989 833/2510/1990 834/2511/1991
f 740/2215/1741 744/2222/1748 739/2213/1739
f 742/2219/1745 730/2217/1743 738/2223/1749
f 1230/3952/3118 1237/3941/3109 1239/3953/3119
f 859/2652/2095 863/2654/2097 750/2657/2100
f 1348/4333/3449 1347/4334/3450 1372/4335/3451
f 737/2349/1857 745/2224/1750 558/2225/1751
f 862/2666/2105 864/2667/2105 863/2668/2105
f 1449/4709/3771 1448/4710/3771 1510/4711/3771
f 1501/4695/3757 1452/4743/3803 1500/4696/3758
f 828/2500/1980 827/2494/1975 829/2512/1992
f 1347/4334/3450 1353/4336/3452 1372/4335/3451
f 862/2651/2094 860/2647/2090 838/2658/2101
f 676/2012/1569 663/2013/1570 677/2014/1571
f 831/2513/1993 830/2514/1993 833/2515/1993
f 673/2015/1572 671/2016/1572 666/2017/1573
f 1373/4337/3453 1348/4333/3449 1372/4335/3451
f 1235/3936/3104 1240/3954/3120 1213/3888/3061
f 1236/3955/3121 1228/3956/3121 1225/3957/3121
f 750/2659/2102 736/2640/2083 859/2639/2082
f 1445/4563/3641 1451/4573/3648 1442/4560/3638
f 1234/3949/3115 1229/3951/3117 1231/3958/3122
f 1561/4891/3930 1505/4888/3927 1560/4887/3926
f 745/2224/1750 737/2349/1857 746/2226/1752
f 692/2084/1627 693/2086/1629 674/2077/1620
f 670/2516/1994 829/2502/1982 657/2508/1988
f 750/2660/2103 863/2661/2103 748/2662/2103
f 1112/4270/3391 1347/4271/3392 1348/4272/3393
f 1372/4335/3451 1353/4336/3452 1374/4338/3454
f 1511/4712/3772 1452/4743/3803 1501/4695/3757
f 838/2663/2104 860/2664/2104 834/2665/2104
f 669/2011/1568 562/2010/1567 678/2018/1574
f 747/2227/1753 748/2228/1754 749/2229/1755
f 740/2215/1741 742/2219/1745 744/2222/1748
f 1508/4713/3773 1510/4714/3774 1464/4715/3775
f 750/2230/1756 748/2231/1757 751/2232/1758
f 671/2019/1575 670/2001/1560 660/2057/1560
f 741/2218/1744 746/2350/1858 737/2210/1736
f 1112/4270/3391 1348/4272/3393 1349/4273/3394
f 1512/4716/3776 1504/4702/3764 1505/4704/3766
f 661/1994/1553 658/1996/1555 679/2020/1576
f 1372/4335/3451 1375/4339/3455 1373/4337/3453
f 1375/4339/3455 1372/4335/3451 1374/4338/3454
f 667/1993/1552 661/2006/1563 678/2021/1577
f 674/2007/1564 659/2022/1578 661/2006/1563
f 748/2231/1757 747/2233/1759 751/2232/1758
f 736/2206/1732 750/2234/1760 738/2221/1747
f 677/2014/1571 663/2013/1570 662/2023/1579
f 694/2087/1630 693/2088/1630 692/2089/1630
f 833/2517/1995 830/2518/1996 835/2519/1997
f 1236/3938/3106 1214/3890/3063 1232/3959/3123
f 864/2669/2106 865/2670/2106 863/2671/2106
f 1559/4878/3918 1509/4892/3931 1561/4889/3928
f 674/2007/1564 673/2024/1580 659/2022/1578
f 695/2090/1631 692/2083/1626 691/2081/1624
f 835/2520/1998 830/2521/1998 828/2522/1998
f 745/2224/1750 560/2235/1761 558/2225/1751
f 696/2091/1632 674/2077/1620 693/2086/1629
f 1347/4271/3392 1112/4270/3391 1172/4274/3395
f 739/2213/1739 744/2222/1748 752/2236/1762
f 1376/4340/3456 1377/4341/3457 1378/4342/3458
f 667/1993/1552 680/2025/1581 662/1988/1547
f 1376/4340/3456 1379/4343/3459 1377/4341/3457
f 661/2006/1563 679/2026/1582 678/2021/1577
f 828/2500/1980 829/2512/1992 836/2523/1999
f 743/2220/1746 753/2237/1763 741/2218/1744
f 1348/4333/3449 1373/4337/3453 1350/4344/3460
f 748/2672/2107 863/2673/2108 865/2674/2109
f 1561/4891/3930 1518/4893/3932 1505/4888/3927
f 1164/3942/3110 1226/3935/3103 1234/3934/3102
f 1232/3960/3124 1230/3961/3125 1239/3962/3124
f 1236/3963/3126 1241/3964/3127 1228/3965/3128
f 676/2092/1633 697/2093/1634 691/2094/1635
f 695/2095/1636 691/2094/1635 697/2093/1634
f 1376/4574/3649 1385/4575/3650 1382/4576/3651
f 1375/4339/3455 1374/4338/3454 1380/4345/3461
f 1376/4340/3456 1378/4342/3458 1381/4346/3462
f 835/2524/2000 828/2525/2000 837/2526/2000
f 674/2077/1620 696/2091/1632 673/2096/1637
f 750/2238/1764 742/2219/1745 738/2223/1749
f 1234/3949/3115 1242/3966/3129 1164/3967/3130
f 1353/4507/3590 1427/4508/3591 1374/4509/3592
f 739/2213/1739 752/2236/1762 754/2239/1765
f 670/2516/1994 683/2527/2001 829/2502/1982
f 1234/3949/3115 1231/3958/3122 1242/3966/3129
f 1452/4577/3652 1453/4578/3653 1447/4572/3647
f 1236/3938/3106 1232/3959/3123 1161/3968/3131
f 753/2237/1763 746/2350/1858 741/2218/1744
f 658/1996/1555 669/2027/1583 679/2020/1576
f 652/2028/1584 661/2006/1563 659/2022/1578
f 1453/4578/3653 1451/4573/3648 1447/4572/3647
f 1513/4717/3777 1501/4695/3757 1497/4685/3747
f 1379/4343/3459 1376/4340/3456 1382/4347/3463
f 834/2511/1991 833/2510/1990 838/2528/2002
f 749/2229/1755 755/2240/1766 747/2227/1753
f 1228/3965/3128 1241/3964/3127 1235/3969/3132
f 838/2528/2002 833/2510/1990 839/2529/2003
f 698/2097/1638 692/2083/1626 695/2090/1631
f 1350/4275/3396 1351/4276/3397 1348/4272/3393
f 1506/4718/3778 1508/4719/3779 1464/4720/3780
f 671/2029/1585 681/2030/1585 672/2031/1585
f 1349/4273/3394 1348/4272/3393 1351/4276/3397
f 747/2233/1759 755/2241/1767 751/2232/1758
f 1381/4346/3462 1383/4348/3464 1376/4340/3456
f 682/2032/1586 662/1988/1547 680/2025/1581
f 1384/4349/3465 1376/4506/3589 1383/4350/3466
f 1514/4721/3781 1504/4702/3764 1512/4716/3776
f 1233/3970/3133 1243/3971/3133 1238/3972/3133
f 866/2675/2110 864/2676/2111 862/2677/2112
f 1235/3973/3134 1244/3974/3135 1240/3975/3136
f 748/2672/2107 865/2674/2109 758/2678/2113
f 745/2224/1750 746/2242/1768 756/2243/1769
f 1501/4695/3757 1513/4717/3777 1511/4722/3782
f 1504/4701/3763 1514/4723/3783 1481/4724/3784
f 1385/4351/3467 1376/4506/3589 1384/4349/3465
f 1237/3941/3109 1160/3976/3137 1239/3953/3119
f 672/2033/1587 683/2034/1588 670/2035/1589
f 1231/3977/3138 1238/3978/3139 1243/3979/3138
f 750/2244/1770 751/2245/1770 742/2246/1770
f 840/2530/2004 829/2531/2004 704/2532/2004
f 1172/4510/3593 1353/4540/3593 1347/4511/3593
f 1235/3969/3132 1241/3964/3127 1244/3980/3140
f 692/2098/1639 698/2099/1639 694/2100/1639
f 1237/3941/3109 1164/3942/3110 1160/3976/3137
f 745/2224/1750 756/2243/1769 757/2247/1771
f 1160/3981/3141 1232/3960/3124 1239/3962/3124
f 558/1666/1294 559/1668/1296 511/1667/1295
f 840/2533/2005 836/2523/1999 829/2512/1992
f 1169/3982/3142 1240/3975/3136 1244/3974/3135
f 1373/4337/3453 1375/4339/3455 1386/4352/3468
f 1510/4714/3774 1448/4725/3785 1464/4715/3775
f 748/2228/1754 758/2248/1772 749/2229/1755
f 1385/4351/3467 1384/4349/3465 1380/4353/3469
f 1515/4726/3786 1504/4701/3763 1481/4724/3784
f 1513/4717/3777 1504/4701/3763 1515/4726/3786
f 1507/4706/3768 1506/4705/3767 1516/4727/3787
f 1514/4721/3781 1512/4716/3776 1517/4728/3788
f 678/2018/1574 679/2036/1590 669/2011/1568
f 1519/4894/3933 1561/4895/3934 1509/4896/3935
f 739/2213/1739 754/2239/1765 743/2220/1746
f 1516/4729/3789 1506/4730/3790 1514/4721/3781
f 677/2014/1571 662/2023/1579 682/2037/1591
f 1387/4354/3470 1380/4345/3461 1374/4338/3454
f 699/2101/1640 698/2102/1641 695/2095/1636
f 753/2237/1763 759/2249/1773 746/2350/1858
f 1451/4573/3648 1454/4579/3654 1442/4560/3638
f 1518/4731/3791 1512/4716/3776 1505/4704/3766
f 1507/4706/3768 1519/4732/3792 1509/4708/3770
f 680/2025/1581 667/1993/1552 678/2021/1577
f 1091/3513/2752 1092/3514/2753 1093/3515/2754
f 1504/4701/3763 1513/4717/3777 1497/4685/3747
f 1381/4355/3471 1378/4356/3471 1388/4357/3471
f 760/2250/1774 756/2243/1769 746/2242/1768
f 695/2095/1636 697/2093/1634 700/2103/1642
f 746/2251/1775 759/2252/1776 760/2253/1777
f 837/2534/2006 833/2517/1995 835/2519/1997
f 562/2038/1592 680/2025/1581 678/2021/1577
f 1351/4276/3397 1350/4275/3396 1352/4277/3398
f 694/2104/1643 701/2105/1643 693/2106/1643
f 839/2535/2007 833/2517/1995 841/2536/2008
f 704/2537/2009 829/2538/2009 683/2539/2009
f 1380/4345/3461 1386/4352/3468 1375/4339/3455
f 1561/4895/3934 1519/4894/3933 1518/4897/3936
f 1092/3514/2753 1094/3516/2755 1095/3517/2756
f 1092/3688/2907 1096/3518/2757 1094/3519/2758
f 1097/3520/2759 1092/3688/2907 1091/3689/2908
f 1384/4349/3465 1386/4358/3472 1380/4353/3469
f 742/2254/1778 751/2255/1778 761/2256/1778
f 866/2675/2110 862/2677/2112 867/2679/2114
f 1519/4732/3792 1507/4706/3768 1516/4727/3787
f 837/2540/2010 828/2541/2010 836/2542/2010
f 1092/3514/2753 1095/3517/2756 1093/3515/2754
f 1388/4359/3473 1383/4360/3473 1381/4361/3473
f 699/2101/1640 695/2095/1636 700/2103/1642
f 681/2039/1593 684/2040/1593 672/2041/1593
f 1389/4362/3474 1384/4349/3465 1383/4350/3466
f 862/2844/2248 838/2680/2115 867/2845/2249
f 1514/4721/3781 1517/4728/3788 1516/4729/3789
f 1244/3974/3135 1241/3983/3143 1169/3982/3142
f 1512/4716/3776 1518/4731/3791 1517/4728/3788
f 755/2240/1766 749/2229/1755 762/2257/1779
f 1236/3984/3144 1169/3985/3144 1241/3986/3144
f 672/2033/1587 684/2058/1607 683/2034/1588
f 1382/4580/3655 1455/4581/3656 1379/4582/3657
f 1167/4278/3399 1353/4279/3400 1168/4280/3401
f 1097/3520/2759 1096/3518/2757 1092/3688/2907
f 1093/3515/2754 1098/3521/2760 1091/3513/2752
f 756/2243/1769 760/2258/1780 757/2247/1771
f 1517/4728/3788 1518/4731/3791 1519/4733/3793
f 699/2101/1640 694/2107/1644 698/2108/1645
f 841/2681/2116 838/2682/2116 839/2683/2116
f 681/2042/1594 671/2016/1572 673/2015/1572
f 1427/4508/3591 1428/4512/3594 1374/4509/3592
f 1385/4575/3650 1456/4583/3658 1382/4576/3651
f 1379/4363/3475 1390/4364/3476 1377/4365/3477
f 1160/3987/3145 1161/3988/3146 1232/3989/3147
f 1388/4366/3478 1391/4367/3478 1383/4368/3478
f 701/2109/1646 696/2110/1647 693/2111/1648
f 841/2536/2008 833/2517/1995 837/2534/2006
f 699/2101/1640 702/2112/1649 694/2107/1644
f 1462/4734/3794 1452/4743/3803 1511/4712/3772
f 1385/4351/3467 1380/4353/3469 1387/4369/3479
f 1233/3990/3148 1213/3991/3148 1175/3992/3148
f 687/2113/1650 673/2096/1637 696/2091/1632
f 676/2176/1653 677/2114/1651 686/2115/1653
f 1517/4728/3788 1519/4735/3795 1516/4729/3789
f 510/2043/1595 682/2032/1586 680/2025/1581
f 1389/4370/3480 1383/4371/3481 1391/4372/3480
f 1511/4722/3782 1473/4736/3796 1462/4744/3804
f 676/2176/1653 686/2115/1653 697/2177/1708
f 1428/4512/3594 1387/4513/3595 1374/4509/3592
f 558/1666/1294 560/1669/1297 561/1670/1298
f 685/2044/1596 686/2045/1597 677/2046/1598
f 562/1671/1299 557/1665/1293 511/1667/1295
f 1095/3690/2909 1094/3522/2761 1099/3523/2762
f 1481/4724/3784 1514/4723/3783 1506/4737/3797
f 837/2543/2011 836/2544/2011 842/2545/2011
f 1390/4373/3482 1378/4374/3483 1377/4375/3484
f 1213/3993/3149 1240/3994/3149 1175/3995/3149
f 757/2247/1771 560/2235/1761 745/2224/1750
f 1175/3996/3150 1240/3975/3136 1169/3982/3142
f 762/2257/1779 749/2229/1755 763/2259/1781
f 1096/3518/2757 1100/3524/2763 1094/3519/2758
f 699/2101/1640 700/2103/1642 702/2112/1649
f 868/2684/2117 838/2680/2115 841/2685/2118
f 694/2107/1644 702/2112/1649 701/2116/1654
f 1101/3525/2764 1099/3526/2765 1094/3519/2758
f 1392/4376/3485 1373/4337/3453 1386/4352/3468
f 843/2686/2119 841/2685/2118 837/2687/2120
f 1100/3524/2763 1101/3525/2764 1094/3519/2758
f 1168/4280/3401 1353/4279/3400 1172/4329/3446
f 865/2688/2121 864/2689/2122 773/2690/2121
f 868/2684/2117 841/2685/2118 843/2686/2119
f 1390/4373/3482 1388/4377/3486 1378/4374/3483
f 1093/3515/2754 1095/3517/2756 1102/3527/2766
f 1172/4274/3395 1112/4270/3391 1122/4281/3402
f 1387/4584/3659 1428/4585/3660 1385/4575/3650
f 1393/4378/3487 1373/4337/3453 1392/4376/3485
f 703/2117/1655 683/2118/1656 684/2119/1657
f 1373/4379/3488 1393/4380/3489 1394/4381/3490
f 1351/4276/3397 1128/4282/3403 1349/4273/3394
f 1353/4507/3590 1167/4514/3596 1427/4508/3591
f 1350/4382/3491 1373/4379/3488 1394/4381/3490
f 1453/4578/3653 1452/4577/3652 1457/4586/3661
f 1386/4358/3472 1384/4349/3465 1389/4383/3492
f 1102/3527/2766 1103/3528/2767 1093/3515/2754
f 864/2676/2111 866/2675/2110 773/2691/2123
f 837/2546/2012 842/2547/2013 843/2548/2013
f 558/1666/1294 561/1670/1298 559/1668/1296
f 703/2120/1658 704/2121/1659 683/2122/1660
f 1175/3997/3151 1243/3998/3151 1233/3999/3152
f 1161/3988/3146 1160/3987/3145 1159/4000/3153
f 1394/4381/3490 1352/4384/3493 1350/4382/3491
f 867/2845/2249 838/2680/2115 868/2684/2117
f 764/2260/1782 751/2261/1782 755/2262/1782
f 869/2692/2124 867/2845/2249 868/2684/2117
f 702/2123/1661 705/2124/1662 701/2125/1663
f 1455/4581/3656 1382/4580/3655 1456/4587/3662
f 1167/4514/3596 1428/4512/3594 1427/4508/3591
f 1104/3529/2768 1091/3513/2752 1098/3521/2760
f 708/2549/2014 836/2550/2015 840/2551/2016
f 562/2047/1599 510/2043/1595 680/2025/1581
f 511/1667/1295 510/1672/1300 562/1671/1299
f 870/2693/2125 866/2675/2110 867/2694/2126
f 1385/4575/3650 1458/4588/3663 1456/4583/3658
f 563/1673/1301 511/1667/1295 559/1668/1296
f 700/2103/1642 706/2126/1665 707/2127/1666
f 673/2059/1600 687/2048/1600 681/2049/1600
f 840/2551/2016 704/2552/2017 708/2549/2014
f 755/2263/1783 762/2264/1783 764/2265/1783
f 1242/4001/3154 1165/4002/3154 1164/4003/3154
f 1097/3520/2759 1105/3530/2769 1096/3518/2757
f 843/2686/2119 871/2695/2127 868/2684/2117
f 1459/4589/3664 1451/4573/3648 1453/4578/3653
f 696/2110/1647 701/2109/1646 705/2124/1662
f 744/2222/1748 742/2219/1745 761/2266/1784
f 1236/4004/3155 1161/4005/3155 1169/4006/3155
f 1442/4560/3638 1454/4579/3654 1460/4590/3665
f 1451/4573/3648 1459/4589/3664 1454/4579/3654
f 1385/4575/3650 1428/4585/3660 1458/4588/3663
f 1395/4385/3494 1391/4386/3494 1388/4387/3494
f 1511/4722/3782 1513/4717/3777 1473/4736/3796
f 1392/4388/3495 1386/4358/3472 1389/4383/3492
f 1105/3530/2769 1106/3531/2770 1096/3518/2757
f 510/2043/1595 677/2046/1598 682/2032/1586
f 749/2229/1755 758/2248/1772 763/2259/1781
f 836/2553/2018 708/2554/2018 842/2555/2018
f 566/2267/1785 757/2351/1859 760/2268/1786
f 1113/4283/3404 1349/4273/3394 1128/4282/3403
f 843/2548/2013 842/2547/2013 708/2556/2019
f 1099/3523/2762 1101/3532/2771 1107/3533/2772
f 1390/4364/3476 1379/4363/3475 1396/4389/3496
f 1099/3523/2762 1108/3534/2773 1095/3690/2909
f 696/2110/1647 705/2124/1662 687/2128/1667
f 752/2236/1762 276/2269/1787 754/2239/1765
f 697/2093/1634 706/2126/1664 700/2103/1642
f 707/2127/1666 702/2112/1649 700/2103/1642
f 1164/3942/3110 1158/4007/3156 1160/3976/3137
f 560/1669/1297 564/1674/1302 565/1675/1303
f 560/2235/1761 757/2247/1771 566/2352/1860
f 567/2270/1788 760/2253/1777 759/2252/1776
f 697/2177/1707 686/2115/1652 706/2178/1709
f 1354/4284/3405 1351/4276/3397 1352/4285/3406
f 1454/4591/3666 1459/4592/3666 1461/4593/3666
f 870/2696/2128 867/2697/2129 872/2698/2130
f 708/2129/1668 704/2121/1659 703/2120/1658
f 751/2271/1789 764/2272/1790 761/2273/1790
f 1397/4390/3497 1388/4391/3498 1398/4392/3499
f 1399/4393/3500 1395/4394/3501 1388/4395/3502
f 708/2699/2131 844/2700/2132 843/2846/2250
f 873/2701/2133 872/2698/2130 867/2697/2129
f 1113/4283/3404 1112/4270/3391 1349/4273/3394
f 1352/4384/3493 1394/4381/3490 1357/4396/3503
f 744/2222/1748 282/2274/1791 752/2236/1762
f 1391/4397/3504 1395/4398/3504 1400/4399/3504
f 1462/4594/3667 1457/4586/3661 1452/4577/3652
f 1390/4400/3505 1398/4401/3506 1388/4402/3507
f 709/2130/1669 708/2129/1668 703/2120/1658
f 702/2123/1661 707/2179/1710 705/2124/1662
f 753/2237/1763 743/2220/1746 765/2275/1792
f 760/2268/1786 564/2276/1793 566/2267/1785
f 1391/4372/3480 1400/4403/3508 1389/4370/3480
f 1177/4008/3157 1231/3977/3138 1243/3979/3138
f 1399/4404/3509 1388/4391/3498 1397/4390/3497
f 1390/4400/3505 1401/4405/3510 1398/4401/3506
f 761/2273/1790 764/2272/1790 766/2277/1794
f 1351/4276/3397 1354/4284/3405 1128/4282/3403
f 868/2684/2117 874/2702/2134 869/2692/2124
f 687/2128/1667 710/2131/1670 681/2132/1671
f 1102/3527/2766 1095/3517/2756 1109/3535/2774
f 758/2703/2135 865/2704/2136 768/2705/2137
f 758/2703/2135 768/2705/2137 763/2706/2138
f 510/2043/1595 509/2050/1601 677/2046/1598
f 844/2557/2020 708/2568/2020 845/2558/2020
f 1109/3691/2910 1095/3690/2909 1108/3534/2773
f 684/2119/1657 681/2133/1672 710/2134/1673
f 1457/4586/3661 1459/4595/3668 1453/4578/3653
f 1398/4406/3511 1402/4407/3512 1397/4408/3513
f 561/1670/1298 563/1673/1301 559/1668/1296
f 1105/3536/2775 1097/3692/2911 1091/3513/2752
f 711/2135/1674 709/2136/1674 703/2137/1674
f 762/2278/1795 763/2279/1796 767/2280/1795
f 1110/3537/2776 1096/3538/2777 1106/3539/2778
f 1397/4409/3514 1403/4410/3514 1399/4411/3514
f 718/2707/2139 845/2708/2139 708/2709/2139
f 1108/3534/2773 1099/3523/2762 1107/3533/2772
f 873/2701/2133 869/2710/2140 874/2711/2141
f 761/2266/1784 766/2281/1797 744/2222/1748
f 1443/4561/3639 1442/4560/3638 1460/4590/3665
f 1395/4394/3501 1399/4393/3500 1403/4412/3515
f 873/2701/2133 867/2697/2129 869/2710/2140
f 1098/3521/2760 1093/3540/2779 1111/3541/2780
f 1161/4009/3158 1170/4010/3158 1169/4011/3158
f 773/2690/2121 768/2712/2142 865/2688/2121
f 276/2269/1787 752/2236/1762 282/2274/1791
f 561/1670/1298 560/1669/1297 565/1675/1303
f 768/2282/1798 769/2283/1799 763/2284/1799
f 1393/4378/3487 1392/4376/3485 1404/4413/3516
f 712/2138/1675 703/2117/1655 684/2119/1657
f 1104/3529/2768 1105/3536/2775 1091/3513/2752
f 1455/4581/3656 1396/4596/3669 1379/4582/3657
f 1398/4406/3511 1401/4414/3517 1402/4407/3512
f 1404/4413/3516 1394/4381/3490 1393/4378/3487
f 1463/4597/3670 1460/4590/3665 1454/4579/3654
f 763/2284/1799 769/2283/1799 767/2285/1800
f 1389/4383/3492 1404/4415/3518 1392/4388/3495
f 560/1729/1304 566/1676/1304 564/1677/1304
f 1456/4583/3658 1458/4588/3663 1455/4598/3671
f 685/2044/1596 677/2046/1598 509/2050/1601
f 1112/3542/2781 1113/3543/2782 1114/3544/2783
f 1167/4514/3596 1429/4515/3597 1428/4512/3594
f 1389/4383/3492 1400/4416/3519 1404/4415/3518
f 1096/3538/2777 1110/3537/2776 1100/3545/2784
f 1231/4012/3159 1177/4013/3160 1242/4014/3160
f 708/2559/2021 709/2560/2021 718/2561/2021
f 1093/3546/2785 1103/3547/2786 1111/3548/2787
f 1354/4284/3405 1352/4285/3406 1355/4286/3407
f 764/2286/1801 762/2287/1801 766/2288/1801
f 1464/4599/3672 1448/4600/3673 1465/4601/3674
f 1177/4015/3161 1243/3998/3151 1175/3997/3151
f 870/2696/2128 872/2698/2130 875/2713/2143
f 870/2693/2125 773/2691/2123 866/2675/2110
f 563/1673/1301 513/1678/1305 511/1667/1295
f 1400/4417/3520 1395/4418/3521 1403/4419/3520
f 711/2139/1676 703/2140/1677 713/2141/1678
f 844/2700/2132 876/2714/2144 843/2846/2250
f 871/2695/2127 843/2686/2119 876/2715/2145
f 1098/3521/2760 1111/3541/2780 1115/3549/2788
f 754/2239/1765 765/2275/1792 743/2220/1746
f 1457/4738/3798 1462/4744/3804 1473/4736/3796
f 1101/3550/2789 1100/3545/2784 1116/3551/2790
f 684/2119/1657 710/2134/1673 712/2138/1675
f 1450/4569/3645 1466/4602/3675 1448/4567/3643
f 714/2142/1679 709/2143/1680 711/2139/1676
f 1109/4287/3408 1108/4288/3409 1356/4289/3408
f 564/2276/1793 760/2268/1786 567/2289/1802
f 1515/4726/3786 1473/4736/3796 1513/4717/3777
f 870/2716/2146 877/2717/2146 773/2718/2146
f 1158/3697/2916 1159/3698/2916 1160/3699/2916
f 1203/4739/3799 1506/4718/3778 1464/4720/3780
f 712/2144/1681 713/2141/1678 703/2140/1677
f 1401/4420/3522 1405/4421/3522 1402/4422/3522
f 767/2290/1803 769/2291/1804 425/2292/1805
f 845/2719/2147 718/2720/2147 844/2847/2147
f 1355/4286/3407 1352/4285/3406 1357/4290/3410
f 1098/3521/2760 1115/3549/2788 1104/3529/2768
f 878/2721/2148 718/2722/2149 583/2723/2150
f 1161/3700/2917 1159/3701/2917 1162/3702/2917
f 685/2044/1596 688/2051/1602 686/2045/1597
f 1163/3703/2918 1164/3704/2918 1165/3705/2918
f 768/2724/2151 773/2725/2151 769/2726/2151
f 594/2145/1682 711/2139/1676 713/2141/1678
f 871/2727/2152 879/2728/2152 868/2729/2152
f 715/2146/1683 714/2142/1679 711/2139/1676
f 686/2115/1652 716/2147/1684 706/2178/1709
f 1450/4660/3726 1443/4561/3639 1467/4603/3676
f 1443/4561/3639 1460/4590/3665 1463/4597/3670
f 1428/4585/3660 1430/4604/3677 1458/4588/3663
f 710/2131/1670 687/2128/1667 717/2148/1685
f 1397/4408/3513 1402/4407/3512 1403/4423/3523
f 1404/4413/3516 1406/4424/3524 1394/4381/3490
f 712/2149/1686 710/2150/1686 717/2151/1686
f 583/2723/2150 880/2730/2153 878/2721/2148
f 1461/4605/3678 1463/4597/3670 1454/4579/3654
f 770/2293/1806 282/2274/1791 744/2222/1748
f 771/2294/1807 762/2278/1795 767/2280/1795
f 1166/3706/2919 1167/3707/2920 1168/3708/2921
f 1164/3709/2922 1163/3710/2923 1158/3711/2923
f 1175/3996/3150 1169/3982/3142 1171/4016/3162
f 509/1522/1183 510/1523/1184 511/1524/1185
f 1403/4419/3520 1407/4425/3525 1400/4417/3520
f 1103/3547/2786 1117/3552/2791 1111/3548/2787
f 1108/3534/2773 1107/3533/2772 1118/3553/2792
f 718/2152/1687 709/2153/1688 714/2154/1689
f 1102/3693/2912 1119/3554/2793 1103/3555/2794
f 1408/4426/3526 1405/4427/3527 1401/4428/3528
f 1443/4561/3639 1468/4606/3679 1467/4603/3676
f 711/2139/1676 587/2155/1690 715/2146/1683
f 766/2295/1808 762/2296/1809 771/2297/1810
f 713/2156/1691 712/2157/1691 717/2158/1691
f 1506/4737/3797 1482/4740/3800 1481/4724/3784
f 1354/4284/3405 1358/4291/3411 1128/4282/3403
f 1402/4429/3529 1409/4430/3530 1403/4431/3531
f 874/2711/2141 881/2731/2154 873/2701/2133
f 1461/4605/3678 1469/4607/3680 1463/4597/3670
f 1109/3694/2913 1120/3556/2795 1102/3693/2912
f 707/2179/1710 719/2159/1692 705/2124/1662
f 1101/3550/2789 1113/3557/2796 1107/3533/2772
f 873/2732/2155 882/2733/2156 872/2734/2157
f 1105/3536/2775 1104/3529/2768 1121/3558/2797
f 718/2152/1687 714/2154/1689 583/2160/1693
f 1469/4661/3727 1461/4662/3728 1459/4608/3681
f 1443/4561/3639 1463/4597/3670 1468/4606/3679
f 1450/4660/3726 1467/4603/3676 1432/4609/3682
f 594/2145/1682 587/2155/1690 711/2139/1676
f 766/2295/1808 771/2297/1810 772/2298/1811
f 1166/4516/3598 1429/4515/3597 1167/4514/3596
f 1118/4292/3412 1356/4293/3413 1108/4330/3447
f 1110/3537/2776 1116/3551/2790 1100/3545/2784
f 883/2735/2158 877/2736/2159 870/2737/2160
f 1122/3559/2798 1112/3542/2781 1114/3544/2783
f 1169/3712/2924 1170/3713/2925 1171/3714/2926
f 717/2148/1685 687/2128/1667 705/2124/1662
f 754/2239/1765 276/2269/1787 765/2275/1792
f 878/2738/2161 884/2739/2161 718/2740/2161
f 884/2741/2162 844/2742/2162 718/2743/2162
f 775/3715/2927 1124/3716/2928 1123/3717/2929
f 567/1679/1306 568/1680/1307 564/1674/1302
f 1458/4588/3663 1470/4610/3683 1455/4598/3671
f 1361/4432/3532 1357/4396/3503 1394/4381/3490
f 1402/4429/3529 1405/4433/3533 1409/4430/3530
f 1122/3718/2930 1168/3719/2930 1172/3720/2930
f 1114/3560/2799 1113/3557/2796 1101/3550/2789
f 1114/3560/2799 1101/3550/2789 1116/3551/2790
f 1177/4013/3160 1165/4017/3163 1242/4014/3160
f 1105/3721/2931 1121/3722/2931 1106/3723/2931
f 561/1670/1298 569/1681/1308 563/1673/1301
f 686/2115/1652 688/2161/1694 716/2147/1684
f 868/2684/2117 879/2744/2163 874/2702/2134
f 872/2698/2130 882/2745/2164 875/2713/2143
f 1124/3716/2928 775/3715/2927 1173/3724/2932
f 775/3561/2800 1123/3562/2801 777/3563/2802
f 1104/3564/2803 1123/3562/2801 1124/3565/2804
f 513/1682/1309 512/1683/1309 511/1730/1309
f 885/2746/2165 844/2700/2132 884/2747/2166
f 1116/3551/2790 1110/3566/2805 1114/3560/2799
f 1104/3564/2803 1125/3567/2806 1123/3562/2801
f 1117/3552/2791 1103/3547/2786 1119/3568/2807
f 1401/4428/3528 1390/4364/3476 1408/4426/3526
f 1459/4611/3684 1471/4612/3684 1472/4613/3684
f 1457/4663/3729 1473/4614/3685 1474/4615/3686
f 1104/3564/2803 1124/3565/2804 1121/3569/2808
f 883/2748/2167 773/2749/2167 877/2750/2167
f 1355/4286/3407 1358/4291/3411 1354/4284/3405
f 1457/4616/3687 1471/4617/3687 1459/4618/3687
f 1433/4619/3688 1467/4603/3676 1468/4606/3679
f 1359/4294/3414 1355/4286/3407 1357/4290/3410
f 1126/3570/2809 1119/3554/2793 1102/3693/2912
f 885/2746/2165 876/2714/2144 844/2700/2132
f 1470/4610/3683 1458/4588/3663 1430/4604/3677
f 1429/4515/3597 1430/4517/3599 1428/4512/3594
f 1117/3571/2810 1127/3572/2811 1111/3573/2812
f 511/1524/1185 512/1525/1186 509/1522/1183
f 717/2162/1695 594/2145/1682 713/2141/1678
f 1124/3725/2933 1173/3726/2934 1174/3727/2935
f 876/2848/2251 886/2751/2168 871/2849/2252
f 1175/3728/2936 1176/3729/2937 1177/3730/2938
f 425/2292/1805 769/2291/1804 773/2299/1812
f 887/2752/2169 870/2696/2128 875/2713/2143
f 563/1673/1301 569/1681/1308 570/1684/1310
f 887/2753/2170 883/2735/2158 870/2737/2160
f 1173/3724/2932 775/3715/2927 772/3731/2939
f 706/2178/1709 720/2163/1696 707/2179/1710
f 1408/4434/3534 1409/4430/3530 1405/4433/3533
f 563/1673/1301 570/1684/1310 513/1678/1305
f 1470/4610/3683 1396/4620/3689 1455/4598/3671
f 717/2148/1685 705/2124/1662 586/2164/1697
f 1161/3732/2940 1178/3733/2941 1170/3734/2942
f 1176/3729/2937 1175/3728/2936 1179/3735/2943
f 1430/4517/3599 1429/4515/3597 1431/4518/3600
f 1118/3553/2792 1107/3533/2772 1128/3574/2813
f 1432/4609/3682 1467/4603/3676 1433/4619/3688
f 1410/4435/3535 1390/4364/3476 1396/4389/3496
f 1406/4424/3524 1361/4432/3532 1394/4381/3490
f 1471/4621/3690 1457/4663/3729 1474/4615/3686
f 1121/3736/2944 1124/3725/2933 1174/3727/2935
f 561/1670/1298 565/1675/1303 571/1685/1311
f 720/2163/1696 706/2178/1709 716/2147/1684
f 1159/3737/2945 1158/3738/2945 1162/3739/2945
f 1475/4622/3691 1459/4608/3681 1472/4623/3692
f 1403/4431/3531 1409/4430/3530 1407/4436/3536
f 1107/3533/2772 1113/3557/2796 1128/3574/2813
f 1432/4519/3601 1431/4520/3602 1429/4521/3603
f 882/2733/2156 873/2732/2155 881/2754/2171
f 1459/4608/3681 1475/4622/3691 1469/4661/3727
f 775/3561/2800 777/3563/2802 776/3575/2814
f 1448/4664/3730 1466/4602/3675 1465/4665/3731
f 1436/4624/3693 1470/4610/3683 1430/4604/3677
f 1465/4601/3674 1203/4625/3694 1464/4599/3672
f 1409/4437/3537 1411/4438/3538 1407/4439/3539
f 719/2159/1692 707/2179/1710 720/2163/1696
f 585/2165/1698 594/2145/1682 717/2162/1695
f 1102/3693/2912 1120/3556/2795 1126/3570/2809
f 1360/4295/3415 1358/4291/3411 1355/4286/3407
f 1129/3576/2815 1127/3572/2811 1117/3571/2810
f 717/2166/1699 586/2167/1699 585/2168/1699
f 1125/3567/2806 1104/3564/2803 1115/3577/2816
f 774/2300/1813 775/2301/1814 776/2302/1815
f 1125/3567/2806 777/3563/2802 1123/3562/2801
f 1474/4626/3695 1473/4666/3732 1476/4627/3696
f 1171/3714/2926 1170/3713/2925 1180/3740/2946
f 1433/4522/3604 1431/4520/3602 1432/4519/3601
f 879/2755/2172 871/2849/2252 886/2751/2168
f 773/2299/1812 426/2303/1816 425/2292/1805
f 1472/4623/3692 1477/4628/3697 1475/4622/3691
f 1434/4523/3605 1430/4517/3599 1431/4518/3600
f 774/2300/1813 772/2304/1817 775/2301/1814
f 1404/4415/3518 1400/4416/3519 1407/4440/3540
f 1358/4291/3411 1360/4295/3415 1128/4296/3416
f 1433/4522/3604 1434/4524/3606 1431/4520/3602
f 1178/3741/2947 1180/3742/2948 1170/3743/2949
f 714/2154/1689 581/2169/1700 583/2160/1693
f 1166/3706/2919 1168/3708/2921 1181/3744/2950
f 719/2159/1692 586/2164/1697 705/2124/1662
f 771/3745/2951 1182/3746/2952 772/3747/2953
f 1410/4435/3535 1408/4426/3526 1390/4364/3476
f 1466/4602/3675 1450/4569/3645 1200/4629/3698
f 1515/4726/3786 1476/4741/3801 1473/4736/3796
f 776/2353/1818 777/2305/1818 280/2306/1818
f 1361/4297/3417 1359/4294/3414 1357/4290/3410
f 774/2307/1819 280/2308/1820 778/2309/1821
f 1130/3578/2817 1125/3567/2806 1115/3577/2816
f 744/2222/1748 766/2281/1797 779/2310/1822
f 884/2756/2173 880/2757/2174 583/2758/2175
f 765/2275/1792 242/2311/1824 753/2237/1763
f 1122/3559/2798 1114/3544/2783 1110/3579/2818
f 1183/3748/2954 1110/3749/2954 1106/3750/2954
f 779/2310/1822 770/2293/1806 744/2222/1748
f 1121/3751/2955 1184/3752/2956 1106/3753/2957
f 878/2759/2176 880/2760/2176 884/2761/2176
f 515/2052/1603 685/2044/1596 509/2050/1601
f 515/2052/1603 688/2051/1602 685/2044/1596
f 714/2142/1679 715/2146/1683 581/2170/1701
f 1408/4441/3541 1411/4442/3541 1409/4443/3541
f 1183/3754/2958 1122/3877/3053 1110/3755/2959
f 1165/3756/2960 1177/3730/2938 1176/3729/2937
f 1161/3732/2940 1162/3757/2961 1178/3733/2941
f 1115/3580/2819 1111/3581/2820 1127/3582/2821
f 1183/3754/2958 1168/3758/2962 1122/3877/3053
f 592/2171/1702 586/2164/1697 719/2159/1692
f 883/2762/2177 426/2763/2177 773/2850/2177
f 888/2764/2178 881/2731/2154 874/2711/2141
f 282/2274/1791 277/2312/1825 276/2269/1787
f 874/2711/2141 879/2765/2179 888/2764/2178
f 569/1681/1308 561/1670/1298 571/1685/1311
f 1128/4298/3418 1362/4299/3419 1118/4300/3420
f 1182/3746/2952 771/3745/2951 767/3759/2963
f 1166/4516/3598 1192/4525/3607 1429/4515/3597
f 1200/4629/3698 1465/4665/3731 1466/4602/3675
f 889/2766/2180 879/2755/2172 886/2751/2168
f 1434/4630/3699 1433/4619/3688 1468/4606/3679
f 1450/4569/3645 1432/4667/3733 1200/4629/3698
f 1362/4299/3419 1128/4298/3418 1360/4301/3421
f 688/2172/1703 720/2163/1696 716/2147/1684
f 1118/4292/3412 1363/4302/3422 1356/4293/3413
f 581/1732/1345 582/1733/1346 583/1734/1347
f 1408/4444/3542 1412/4445/3543 1411/4446/3543
f 1165/3756/2960 1176/3729/2937 1185/3760/2964
f 584/1735/1348 585/1736/1348 586/1737/1348
f 1163/3761/2965 1165/3762/2965 1185/3763/2965
f 1129/3576/2815 1131/3583/2822 1127/3572/2811
f 280/2308/1820 774/2307/1819 776/2313/1826
f 885/2767/2181 890/2768/2182 876/2769/2183
f 280/3584/2823 777/3563/2802 1125/3567/2806
f 425/3764/2966 1182/3746/2952 767/3759/2963
f 1429/4521/3603 1200/4526/3608 1432/4519/3601
f 753/2354/1861 780/2314/1827 759/2315/1828
f 1474/4615/3686 1478/4631/3700 1471/4621/3690
f 1130/3585/2824 1115/3586/2825 1132/3587/2826
f 1121/3765/2967 1174/3766/2968 1186/3767/2969
f 581/1732/1345 587/1738/1349 588/1739/1350
f 1187/3768/2970 1188/3769/2971 1173/3770/2972
f 1412/4445/3543 1413/4447/3544 1411/4446/3543
f 1410/4435/3535 1414/4448/3545 1412/4449/3546
f 1133/3588/2827 1127/3572/2811 1131/3583/2822
f 719/2159/1692 720/2163/1696 592/2171/1702
f 1189/3771/2973 1106/3753/2957 1184/3752/2956
f 720/2163/1696 688/2172/1703 593/2173/1704
f 1174/3727/2935 1173/3726/2934 1188/3769/2971
f 242/2355/1862 288/2316/1829 753/2354/1861
f 1134/3589/2828 1125/3567/2806 1130/3578/2817
f 1121/3765/2967 1186/3767/2969 1184/3772/2974
f 280/3584/2823 1125/3567/2806 1134/3590/2829
f 779/2317/1830 766/2295/1808 772/2298/1811
f 1135/4303/3423 1109/4287/3408 1356/4289/3408
f 1430/4517/3599 1434/4523/3605 1435/4527/3609
f 1361/4432/3532 1406/4424/3524 1415/4450/3547
f 582/2770/2184 884/2756/2173 583/2758/2175
f 881/2754/2171 891/2771/2185 882/2733/2156
f 572/1686/1312 571/1685/1311 565/1675/1303
f 1404/4413/3516 1415/4450/3547 1406/4424/3524
f 1109/3695/2914 1135/3591/2830 1120/3592/2831
f 581/2174/1705 715/2146/1683 587/2155/1690
f 1162/3773/2975 1158/3774/2976 1190/3775/2975
f 1136/3593/2832 1127/3594/2832 1133/3595/2832
f 1413/4451/3548 1412/4452/3548 1416/4453/3548
f 1429/4521/3603 1192/4528/3610 1200/4526/3608
f 1363/4304/3424 1118/4300/3420 1362/4299/3419
f 883/2735/2158 887/2753/2170 426/2772/2186
f 1410/4435/3535 1412/4449/3546 1408/4426/3526
f 513/1526/1187 514/1527/1188 512/1525/1186
f 887/2773/2187 875/2774/2188 892/2775/2189
f 1396/4620/3689 1470/4610/3683 1436/4624/3693
f 1189/3771/2973 1183/3776/2977 1106/3753/2957
f 1179/3777/2978 1175/3778/2979 1171/3714/2926
f 891/2776/2190 875/2774/2188 882/2777/2191
f 774/2300/1813 779/2318/1831 772/2304/1817
f 1463/4597/3670 1479/4632/3701 1468/4606/3679
f 1190/3779/2980 1158/3780/2980 1191/3781/2980
f 780/2314/1827 575/2319/1832 567/2270/1788
f 1115/3580/2819 1136/3596/2833 1132/3597/2834
f 593/2053/1604 688/2054/1605 515/2055/1604
f 1407/4439/3539 1411/4438/3538 1417/4454/3549
f 1129/3576/2815 1117/3571/2810 1119/3598/2835
f 1359/4294/3414 1360/4295/3415 1355/4286/3407
f 1471/4621/3690 1477/4628/3697 1472/4623/3692
f 1364/4305/3425 1362/4299/3419 1360/4301/3421
f 1127/3582/2821 1136/3596/2833 1115/3580/2819
f 1435/4529/3611 1436/4530/3612 1430/4541/3622
f 781/2320/1833 782/2321/1834 778/2322/1835
f 1418/4455/3550 1404/4456/3551 1407/4439/3539
f 564/1674/1302 572/1686/1312 565/1675/1303
f 1126/3570/2809 1120/3556/2795 1137/3599/2836
f 593/2053/1604 515/2055/1604 597/2056/1606
f 1411/4457/3552 1413/4458/3552 1417/4459/3552
f 780/2314/1827 567/2270/1788 759/2252/1776
f 1361/4432/3532 1415/4450/3547 1365/4460/3553
f 584/1740/1351 586/1741/1351 589/1742/1351
f 781/2320/1833 778/2322/1835 280/2323/1836
f 720/2163/1696 593/2173/1704 592/2171/1702
f 1181/3744/2950 1192/3782/2981 1166/3706/2919
f 1477/4628/3697 1469/4661/3727 1475/4622/3691
f 1416/4461/3554 1417/4462/3554 1413/4463/3554
f 424/1216/954 425/1217/955 426/1218/954
f 515/1528/1189 509/1522/1183 512/1525/1186
f 781/2320/1833 280/2323/1836 283/2324/1837
f 1361/4297/3417 1365/4306/3426 1359/4294/3414
f 564/1674/1302 568/1680/1307 572/1686/1312
f 892/2775/2189 875/2774/2188 891/2776/2190
f 586/2164/1697 592/2171/1702 589/2175/1706
f 772/3731/2939 1182/3783/2982 1173/3724/2932
f 1135/3591/2830 1137/3600/2837 1120/3592/2831
f 1184/3784/2983 1186/3785/2984 1189/3771/2973
f 1362/4299/3419 1366/4307/3427 1363/4304/3424
f 1364/4308/3428 1360/4295/3415 1359/4294/3414
f 1193/3786/2985 1183/3776/2977 1189/3771/2973
f 1479/4632/3701 1463/4597/3670 1469/4607/3680
f 1163/3710/2923 1191/3787/2986 1158/3711/2923
f 1191/3788/2987 1168/3758/2962 1183/3754/2958
f 584/1743/1352 590/1744/1353 585/1745/1354
f 570/1684/1310 514/1687/1313 513/1678/1305
f 1416/4464/3555 1412/4465/3555 1414/4466/3555
f 1471/4621/3690 1480/4633/3702 1477/4628/3697
f 1193/3789/2988 1194/3790/2988 1183/3791/2988
f 1356/4293/3413 1363/4302/3422 1135/4309/3429
f 778/2309/1821 779/2325/1838 774/2307/1819
f 1407/4439/3539 1417/4454/3549 1418/4455/3550
f 1191/3788/2987 1183/3754/2958 1190/3792/2989
f 1366/4307/3427 1148/4310/3430 1363/4304/3424
f 770/2326/1839 782/2327/1840 781/2328/1841
f 575/2329/1842 568/2330/1842 567/2356/1842
f 1163/3793/2990 1181/3878/3054 1168/3879/3055
f 1187/3794/2991 1173/3795/2992 1182/3796/2993
f 884/2778/2192 893/2779/2193 890/2780/2194
f 1168/3879/3055 1191/3797/2994 1163/3793/2990
f 1404/4456/3551 1418/4455/3550 1415/4467/3556
f 1515/4726/3786 1481/4724/3784 1476/4741/3801
f 512/1525/1186 516/1529/1190 515/1528/1189
f 283/2331/1843 280/2332/1843 279/2333/1843
f 591/1746/1355 592/1747/1356 593/1748/1357
f 594/1749/1358 585/1745/1354 595/1750/1359
f 1163/3793/2990 1185/3798/2995 1181/3878/3054
f 881/2754/2171 888/2781/2195 891/2771/2185
f 884/2782/2196 890/2768/2182 885/2767/2181
f 584/1751/1360 589/1752/1361 592/1747/1356
f 596/1753/1362 597/1754/1362 515/1755/1362
f 1195/3799/2996 1178/3733/2941 1162/3757/2961
f 1465/4601/3674 1204/4634/3703 1203/4625/3694
f 894/2783/2197 892/2784/2198 891/2785/2199
f 1478/4631/3700 1474/4626/3695 1476/4627/3696
f 1359/4294/3414 1365/4306/3426 1364/4308/3428
f 1194/3800/2997 1190/3801/2997 1183/3802/2997
f 887/2773/2187 892/2775/2189 434/2786/2200
f 1130/3585/2824 1132/3587/2826 1138/3601/2838
f 1180/3742/2948 1178/3741/2947 1196/3803/2998
f 1134/3589/2828 1130/3578/2817 1139/3602/2839
f 584/1751/1360 592/1747/1356 591/1746/1355
f 1138/3603/2840 1132/3604/2841 1136/3605/2842
f 770/2293/1806 779/2310/1822 430/2334/1844
f 895/2787/2201 886/2788/2202 876/2769/2183
f 1148/4311/3431 1135/4309/3429 1363/4302/3422
f 276/2269/1787 275/2335/1845 765/2275/1792
f 1133/3606/2843 1131/3607/2844 1136/3605/2842
f 888/2789/2203 894/2790/2204 891/2791/2205
f 894/2783/2197 477/2792/2206 892/2784/2198
f 1420/4635/3704 1396/4620/3689 1436/4624/3693
f 1465/4601/3674 1200/4636/3705 1204/4634/3703
f 275/775/615 276/776/616 277/777/617
f 594/1756/1363 588/1739/1350 587/1738/1349
f 1506/4718/3778 1203/4739/3799 1482/4742/3802
f 598/1757/1364 591/1758/1365 593/1759/1366
f 1468/4606/3679 1437/4637/3706 1434/4630/3699
f 770/2336/1846 430/2337/1847 782/2338/1847
f 1179/3777/2978 1171/3714/2926 1180/3740/2946
f 425/3764/2966 424/3804/2999 1182/3746/2952
f 770/2326/1839 781/2328/1841 282/2339/1848
f 1162/3773/2975 1190/3775/2975 1194/3805/3000
f 278/778/618 279/779/619 280/780/620
f 1362/4299/3419 1364/4305/3425 1367/4312/3432
f 599/1760/1367 584/1751/1360 591/1746/1355
f 1414/4468/3557 1410/4469/3558 1416/4470/3559
f 1365/4313/3433 1368/4314/3434 1364/4305/3425
f 584/1761/1368 599/1762/1369 590/1763/1370
f 573/1688/1314 569/1681/1308 571/1685/1311
f 282/2339/1848 781/2328/1841 283/2340/1849
f 896/2793/2207 888/2764/2178 879/2765/2179
f 1417/4471/3560 1416/4470/3559 1410/4469/3558
f 288/2316/1829 780/2314/1827 753/2354/1861
f 1137/3600/2837 1135/3591/2830 1140/3608/2845
f 597/1764/1371 598/1757/1364 593/1759/1366
f 594/1756/1363 600/1765/1372 588/1739/1350
f 1188/3769/2971 1195/3806/3001 1174/3727/2935
f 1435/4529/3611 1423/4531/3613 1436/4530/3612
f 1136/3605/2842 1131/3607/2844 1138/3603/2840
f 1423/4531/3613 1420/4532/3614 1436/4530/3612
f 897/2794/2208 896/2793/2207 879/2765/2179
f 1186/3767/2969 1174/3766/2968 1195/3807/3002
f 280/3584/2823 1134/3590/2829 281/3609/2846
f 897/2795/2209 879/2755/2172 889/2766/2180
f 895/2787/2201 889/2796/2210 886/2788/2202
f 1481/4638/3707 1482/4639/3708 1483/4640/3709
f 1141/3610/2847 1129/3576/2815 1119/3598/2835
f 574/1689/1315 570/1684/1310 569/1681/1308
f 1366/4307/3427 1362/4299/3419 1367/4312/3432
f 1469/4661/3727 1477/4628/3697 1479/4641/3710
f 1126/3570/2809 1141/3610/2847 1119/3598/2835
f 1197/3808/3003 1185/3760/2964 1176/3729/2937
f 1196/3803/2998 1178/3741/2947 1195/3809/3004
f 575/1690/1316 572/1691/1316 568/1692/1316
f 1134/3611/2848 1142/3612/2849 1143/3613/2850
f 894/2790/2204 888/2789/2203 480/2797/2211
f 280/780/620 281/781/621 278/778/618
f 576/1693/1317 570/1684/1310 574/1689/1315
f 1188/3769/2971 1196/3810/3005 1195/3806/3001
f 599/1762/1369 601/1766/1373 590/1763/1370
f 1179/3735/2943 1198/3811/3006 1176/3729/2937
f 1180/3740/2946 1196/3812/3007 1179/3777/2978
f 1126/3570/2809 1137/3599/2836 1144/3614/2851
f 1145/3615/2852 1130/3585/2824 1138/3601/2838
f 590/1744/1353 595/1750/1359 585/1745/1354
f 1437/4533/3615 1435/4534/3616 1434/4542/3623
f 1129/3576/2815 1146/3616/2853 1131/3583/2822
f 893/2779/2193 609/2798/2212 890/2780/2194
f 1137/3599/2836 1147/3617/2854 1144/3614/2851
f 1199/3813/3008 1186/3767/2969 1195/3807/3002
f 1186/3785/2984 1193/3786/2985 1189/3771/2973
f 779/2325/1838 778/2309/1821 431/2341/1850
f 892/2799/2213 898/2800/2213 434/2801/2213
f 1150/4315/3435 1140/4316/3435 1135/4331/3435
f 591/1767/1374 601/1768/1375 599/1769/1376
f 778/2322/1835 782/2321/1834 431/2342/1851
f 1182/3814/3009 424/3815/3009 433/3816/3009
f 570/1684/1310 576/1693/1317 514/1687/1313
f 897/2802/2214 889/2803/2215 895/2804/2216
f 1146/3618/2855 1145/3619/2856 1131/3607/2844
f 1437/4637/3706 1468/4606/3679 1479/4632/3701
f 573/1688/1314 574/1689/1315 569/1681/1308
f 1369/4317/3436 1370/4318/3436 1365/4319/3436
f 1419/4472/3561 1396/4473/3562 1420/4474/3563
f 1186/3817/3010 1199/3818/3010 1193/3819/3010
f 1162/3757/2961 1194/3820/3011 1193/3821/3012
f 602/1770/1377 600/1771/1378 594/1772/1379
f 1145/3619/2856 1138/3603/2840 1131/3607/2844
f 1141/3610/2847 1126/3570/2809 1144/3614/2851
f 1368/4314/3434 1367/4312/3432 1364/4305/3425
f 1193/3822/3013 1199/3823/3013 1195/3824/3013
f 1418/4475/3564 1417/4476/3564 1415/4477/3564
f 779/2310/1822 431/2343/1852 430/2334/1844
f 424/1216/954 426/1218/954 427/1219/956
f 596/1773/1380 598/1757/1364 597/1764/1371
f 582/2770/2184 893/2805/2217 884/2756/2173
f 1370/4332/3448 1368/4314/3434 1365/4320/3437
f 1193/3821/3012 1195/3799/2996 1162/3757/2961
f 514/1527/1188 516/1529/1190 512/1525/1186
f 1134/3590/2829 1143/3620/2857 281/3609/2846
f 1197/3808/3003 1176/3729/2937 1198/3811/3006
f 515/1528/1189 516/1529/1190 517/1530/1191
f 1419/4472/3561 1420/4474/3563 1421/4478/3565
f 1369/4479/3566 1365/4460/3553 1422/4480/3567
f 594/1772/1379 595/1774/1381 602/1770/1377
f 782/2338/1847 430/2337/1847 431/2344/1853
f 1483/4640/3709 1476/4627/3696 1481/4638/3707
f 282/782/622 283/783/623 284/784/624
f 1437/4533/3615 1423/4535/3617 1435/4534/3616
f 1135/3621/2858 1148/3622/2859 1149/3623/2860
f 887/2806/2218 428/2807/2218 426/2808/2218
f 1200/3825/3014 1192/3782/2981 1201/3826/3015
f 1011/3827/3016 1192/3782/2981 1181/3744/2950
f 582/2770/2184 609/2809/2219 893/2805/2217
f 1129/3576/2815 1141/3624/2861 1146/3616/2853
f 1203/4642/3711 1013/4643/3711 1482/4644/3711
f 279/785/625 285/786/625 286/787/625
f 286/788/626 283/789/626 279/790/626
f 1438/4645/3712 1479/4641/3710 1477/4628/3697
f 242/2311/1823 765/2275/1792 275/2335/1845
f 603/1775/1382 582/1733/1346 581/1732/1345
f 1011/3828/3017 1181/3878/3054 1185/3798/2995
f 1423/4481/3568 1421/4478/3565 1420/4474/3563
f 1130/3585/2824 1145/3615/2852 1139/3625/2862
f 780/2314/1827 579/2345/1854 575/2319/1832
f 426/1220/957 428/1221/957 429/1222/957
f 1365/4460/3553 1415/4450/3547 1422/4480/3567
f 1135/3621/2858 1149/3623/2860 1150/3626/2863
f 1147/3617/2854 1137/3599/2836 1140/3627/2864
f 428/2810/2220 887/2773/2187 434/2786/2200
f 575/1694/1318 571/1685/1311 572/1686/1312
f 438/3829/3018 1182/3796/2993 433/3830/3019
f 429/1223/958 427/1224/958 426/1225/958
f 1476/4627/3696 1484/4646/3713 1478/4631/3700
f 430/1226/959 431/1227/959 432/1228/959
f 581/1732/1345 588/1739/1350 603/1775/1382
f 1150/3626/2863 1149/3623/2860 1151/3628/2865
f 1185/3798/2995 1198/3831/3020 1011/3828/3017
f 1151/3629/2866 1144/3630/2866 1147/3631/2866
f 432/1229/960 433/1230/961 424/1231/962
f 1419/4482/3569 1410/4435/3535 1396/4389/3496
f 277/777/617 282/791/627 284/792/628
f 876/2769/2183 890/2768/2182 895/2787/2201
f 1144/3614/2851 1152/3632/2867 1141/3610/2847
f 1196/3812/3007 1202/3832/3021 1179/3777/2978
f 514/1531/1192 518/1532/1192 516/1533/1192
f 433/1230/961 432/1229/960 431/1232/963
f 519/1534/1193 518/1535/1193 514/1536/1193
f 285/793/629 279/779/619 278/778/618
f 1151/3633/2868 1152/3634/2868 1144/3635/2868
f 1182/3796/2993 438/3829/3018 1187/3794/2991
f 888/2764/2178 896/2793/2207 480/2811/2221
f 573/1688/1314 575/1694/1318 577/1695/1319
f 1477/4628/3697 1480/4633/3702 1438/4645/3712
f 1197/3808/3003 1198/3811/3006 1185/3760/2964
f 575/1694/1318 573/1688/1314 571/1685/1311
f 1471/4621/3690 1478/4631/3700 1485/4647/3714
f 588/1776/1383 600/1777/1384 604/1778/1385
f 1410/4469/3558 1424/4483/3570 1417/4471/3560
f 1371/4321/3438 1367/4312/3432 1368/4314/3434
f 896/2812/2222 897/2813/2223 485/2814/2224
f 605/1779/1386 598/1757/1364 596/1773/1380
f 896/2812/2222 485/2814/2224 490/2815/2225
f 278/3636/2869 281/3609/2846 1143/3620/2857
f 434/2816/2226 892/2784/2198 477/2792/2206
f 519/1696/1320 514/1697/1320 578/1698/1320
f 590/1780/1387 606/1781/1387 595/1782/1387
f 591/1767/1374 607/1783/1388 601/1768/1375
f 1419/4482/3569 1425/4484/3571 1410/4435/3535
f 1153/3637/2870 1145/3619/2856 1146/3618/2855
f 284/784/624 283/783/623 286/794/630
f 1140/3638/2871 1150/3696/2915 1151/3639/2872
f 1410/4469/3558 1425/4485/3572 1424/4483/3570
f 1154/3640/2873 1152/3641/2873 1151/3642/2873
f 1415/4486/3573 1417/4471/3560 1424/4483/3570
f 590/1763/1370 601/1766/1373 606/1784/1389
f 1370/4487/3574 1369/4488/3575 1422/4489/3576
f 434/1233/964 435/1234/965 428/1235/966
f 1142/3643/2874 1134/3644/2875 1139/3645/2876
f 519/1537/1194 520/1538/1194 518/1539/1194
f 1480/4633/3702 1471/4621/3690 1485/4647/3714
f 603/1785/1390 588/1786/1390 604/1787/1390
f 477/1390/1078 478/1391/1078 434/1392/1078
f 427/1236/967 429/1237/968 428/1235/966
f 890/2817/2227 899/2818/2228 895/2804/2216
f 596/1788/1391 515/1789/1392 517/1790/1391
f 1437/4533/3615 1426/4536/3618 1423/4535/3617
f 1148/4322/3439 1366/4307/3427 1367/4312/3432
f 1153/3646/2877 1139/3647/2877 1145/3648/2878
f 1140/3638/2871 1151/3639/2872 1147/3649/2879
f 780/2314/1827 288/2316/1829 239/2346/1855
f 1415/4450/3547 1426/4490/3577 1422/4480/3567
f 1203/3833/3022 1201/3834/3022 1013/3835/3022
f 890/2780/2194 609/2798/2212 899/2819/2229
f 598/1791/1393 608/1792/1394 591/1767/1374
f 579/1699/1321 577/1700/1321 575/1701/1322
f 1179/3777/2978 1202/3832/3021 1198/3836/3023
f 609/2820/2230 610/2821/2231 900/2822/2232
f 895/2804/2216 901/2823/2233 897/2802/2214
f 609/1793/1395 582/1794/1395 610/1795/1395
f 1155/3650/2880 1151/3651/2880 1149/3652/2880
f 1142/3612/2849 1156/3653/2881 1143/3613/2850
f 1415/4486/3573 1424/4483/3570 1426/4491/3578
f 436/1238/969 424/1239/969 427/1240/969
f 480/2824/2234 896/2812/2222 490/2815/2225
f 1201/3826/3015 1204/3837/3024 1200/3825/3014
f 602/1770/1377 595/1774/1381 611/1796/1396
f 485/2814/2224 897/2813/2223 901/2825/2235
f 1193/3838/3025 1202/3832/3021 1196/3812/3007
f 595/1774/1381 606/1797/1397 611/1796/1396
f 1193/3839/3026 1196/3840/3027 1205/3841/3028
f 514/1702/1323 576/1703/1323 578/1704/1323
f 1438/4645/3712 1437/4668/3734 1479/4641/3710
f 894/2790/2204 479/2826/2236 477/2827/2237
f 1423/4492/3579 1426/4493/3579 1424/4494/3579
f 606/1798/1398 601/1799/1398 612/1800/1398
f 428/1235/966 435/1234/965 427/1236/967
f 433/1241/970 431/1242/971 437/1243/970
f 424/1231/962 436/1244/972 432/1229/960
f 1424/4495/3580 1419/4496/3581 1421/4497/3582
f 900/2822/2232 899/2828/2238 609/2820/2230
f 521/1540/1195 518/1541/1195 522/1542/1195
f 607/1783/1388 591/1767/1374 608/1792/1394
f 579/2345/1854 780/2314/1827 239/2346/1855
f 1424/4495/3580 1425/4498/3583 1419/4496/3581
f 613/1801/1399 517/1802/1400 614/1803/1401
f 519/1705/1324 578/1706/1325 524/1707/1326
f 480/2797/2211 479/2826/2236 894/2790/2204
f 1335/4537/3619 1426/4536/3618 1437/4533/3615
f 1203/3842/3029 1204/3843/3029 1201/3844/3029
f 517/1530/1191 516/1529/1190 523/1543/1196
f 518/1544/1197 520/1545/1198 522/1546/1199
f 1423/4499/3584 1424/4500/3584 1421/4501/3584
f 901/2823/2233 895/2804/2216 899/2818/2228
f 516/1547/1200 518/1548/1200 521/1549/1200
f 526/1804/1402 614/1803/1401 527/1805/1403
f 605/1806/1404 517/1807/1404 613/1808/1404
f 527/1805/1403 614/1803/1401 517/1802/1400
f 615/1809/1405 605/1810/1405 613/1811/1405
f 284/784/624 286/794/630 287/795/631
f 1196/3810/3005 1188/3769/2971 1206/3845/3030
f 517/1790/1391 605/1812/1406 596/1788/1391
f 603/1813/1407 616/1814/1408 582/1815/1408
f 490/2815/2225 481/2829/2239 480/2824/2234
f 1202/3846/3031 1193/3847/3032 1205/3848/3033
f 603/1816/1409 604/1817/1409 616/1818/1409
f 1155/3654/2882 1149/3655/2883 1148/3656/2884
f 614/1819/1410 617/1820/1410 613/1821/1410
f 287/796/632 277/777/617 284/792/628
f 605/1779/1386 615/1822/1411 598/1757/1364
f 1152/3657/2885 1146/3616/2853 1141/3624/2861
f 432/1245/973 436/1246/974 437/1247/974
f 479/1393/1079 480/1394/1080 481/1395/1081
f 618/1823/1412 582/1815/1408 616/1814/1408
f 1155/3658/2886 1154/3659/2886 1151/3660/2886
f 1205/3841/3028 1196/3840/3027 1206/3849/3034
f 1207/3850/3035 441/3851/3036 1188/3769/2971
f 1146/3616/2853 1152/3657/2885 1155/3661/2887
f 245/1708/1327 577/1700/1321 579/1699/1321
f 1335/4537/3619 1437/4533/3615 1438/4538/3620
f 1187/3794/2991 438/3829/3018 1207/3852/3037
f 1155/3662/2888 1152/3663/2888 1154/3664/2888
f 1198/3831/3020 1202/3846/3031 1205/3848/3033
f 1207/3850/3035 1188/3769/2971 1187/3768/2970
f 433/1241/970 437/1243/970 438/1248/975
f 432/1249/976 437/1250/976 430/1251/976
f 519/1550/1201 524/1551/1201 520/1552/1201
f 439/1252/977 427/1253/977 435/1254/977
f 1148/4322/3439 1367/4312/3432 910/4323/3440
f 910/3665/2889 1155/3654/2882 1148/3656/2884
f 1337/4648/3715 1438/4645/3712 1480/4633/3702
f 437/1247/974 436/1246/974 438/1255/978
f 525/1553/1202 526/1554/1203 527/1555/1204
f 440/1256/979 435/1234/965 434/1233/964
f 242/797/633 240/798/633 288/799/633
f 1206/3845/3030 1188/3769/2971 441/3851/3036
f 1142/3612/2849 1157/3666/2890 1156/3653/2881
f 600/1777/1384 619/1824/1413 604/1778/1385
f 527/1662/1205 517/1556/1205 523/1557/1205
f 1478/4631/3700 1484/4646/3713 1485/4647/3714
f 479/1396/1082 482/1397/1083 477/1398/1083
f 612/1825/1414 601/1826/1415 607/1827/1416
f 528/1558/1206 522/1546/1199 520/1545/1198
f 611/1828/1417 606/1829/1417 612/1830/1417
f 1011/3827/3016 1201/3826/3015 1192/3782/2981
f 523/1543/1196 516/1529/1190 529/1559/1207
f 529/1560/1208 516/1561/1208 521/1562/1208
f 1336/4649/3716 1482/4639/3708 1013/4650/3717
f 1422/4489/3576 1426/4502/3585 1246/4503/3586
f 431/1257/980 430/1258/980 437/1259/980
f 618/1831/1418 610/1832/1418 582/1833/1419
f 617/1834/1420 620/1835/1421 613/1836/1422
f 1426/4536/3618 1335/4537/3619 1277/4539/3621
f 1485/4647/3714 1486/4651/3718 1480/4633/3702
f 598/1791/1393 615/1837/1423 608/1792/1394
f 186/2830/2240 899/2828/2238 900/2822/2232
f 1483/4640/3709 1487/4652/3719 1476/4627/3696
f 1246/4503/3586 1426/4502/3585 1277/4504/3587
f 520/1545/1198 524/1563/1209 528/1558/1206
f 521/1564/1210 530/1565/1211 529/1566/1212
f 523/1567/1213 529/1568/1214 531/1569/1213
f 1139/3645/2876 1157/3667/2891 1142/3643/2874
f 444/3853/3038 439/3854/3038 435/3855/3038
f 1336/4649/3716 1483/4640/3709 1482/4639/3708
f 617/1838/1424 621/1839/1425 620/1840/1426
f 619/1824/1413 600/1777/1384 602/1841/1427
f 523/1570/1215 525/1553/1202 527/1555/1204
f 481/1395/1081 483/1399/1084 479/1393/1079
f 614/1842/1428 622/1843/1429 617/1844/1430
f 187/1845/1431 610/1832/1418 618/1831/1418
f 1146/3618/2855 903/3668/2892 1153/3637/2870
f 1249/4324/3441 1371/4321/3438 1368/4314/3434
f 434/1400/1085 478/1401/1085 440/1402/1085
f 239/2346/1855 288/2316/1829 240/2347/1856
f 614/1846/1432 526/1847/1432 536/1848/1432
f 531/1571/1216 529/1572/1217 530/1573/1218
f 531/1569/1213 525/1574/1219 523/1567/1213
f 186/2830/2240 901/2831/2241 899/2828/2238
f 484/1403/1086 485/1404/1086 486/1405/1086
f 1484/4646/3713 1476/4627/3696 1487/4652/3719
f 901/2832/2242 186/2833/2242 486/2834/2242
f 536/1849/1433 622/1843/1429 614/1842/1428
f 525/1575/1220 531/1571/1216 530/1573/1218
f 1139/3647/2877 1153/3646/2877 903/3669/2893
f 524/1707/1326 578/1706/1325 576/1709/1328
f 910/3665/2889 1146/3618/2855 1155/3654/2882
f 479/1393/1079 483/1399/1084 482/1406/1087
f 239/1710/1329 241/1711/1330 579/1731/1330
f 1146/3618/2855 910/3665/2889 904/3670/2894
f 478/1407/1088 477/1398/1083 482/1397/1083
f 1206/3849/3034 965/3856/3039 1205/3841/3028
f 910/4323/3440 1367/4312/3432 1371/4321/3438
f 615/1850/1434 613/1836/1422 608/1851/1435
f 1370/4487/3574 1422/4489/3576 1246/4503/3586
f 530/1565/1211 521/1564/1210 532/1576/1221
f 441/3857/3040 438/3858/3040 436/3859/3041
f 239/684/539 240/685/540 241/686/541
f 521/1564/1210 522/1577/1222 532/1576/1221
f 1336/4649/3716 1487/4652/3719 1483/4640/3709
f 1368/4314/3434 1370/4332/3448 1249/4324/3441
f 965/3860/3042 1198/3831/3020 1205/3848/3033
f 484/2835/2243 490/2836/2243 485/2837/2243
f 602/1770/1377 611/1796/1396 623/1852/1436
f 487/1408/1089 478/1409/1089 482/1410/1090
f 580/1712/1331 574/1689/1315 573/1688/1314
f 277/777/617 289/800/634 275/775/615
f 441/1260/981 436/1386/981 427/1387/981
f 442/1261/982 440/1256/979 443/1262/983
f 624/1853/1437 604/1854/1438 619/1824/1413
f 525/1575/1220 530/1573/1218 533/1578/1223
f 903/3668/2892 1146/3618/2855 904/3670/2894
f 245/1713/1332 579/1731/1330 241/1711/1330
f 607/1827/1416 608/1855/1439 612/1825/1414
f 611/1856/1440 612/1857/1441 625/1858/1442
f 532/1576/1221 522/1577/1222 534/1579/1224
f 526/1580/1225 535/1581/1226 536/1582/1227
f 610/2838/2244 187/2839/2245 900/2840/2245
f 617/1844/1430 622/1843/1429 551/1859/1443
f 604/1860/1444 618/1861/1444 616/1862/1444
f 524/1707/1326 576/1709/1328 542/1714/1333
f 542/1715/1334 576/1693/1317 574/1689/1315
f 1207/3861/3043 438/3858/3040 441/3857/3040
f 435/1234/965 440/1256/979 444/1263/984
f 486/2841/2246 485/2851/2246 901/2842/2246
f 617/1838/1424 551/1937/1502 621/1839/1425
f 577/1716/1335 245/1717/1335 244/1718/1335
f 525/1575/1220 533/1578/1223 537/1583/1228
f 612/1857/1441 626/1863/1445 625/1858/1442
f 525/1575/1220 537/1583/1228 535/1581/1226
f 612/1857/1441 620/1864/1446 626/1863/1445
f 1198/3831/3020 965/3860/3042 967/3862/3044
f 478/1411/1091 443/1412/1091 440/1413/1091
f 1246/4503/3586 1245/4505/3588 1370/4487/3574
f 608/1865/1447 620/1864/1446 612/1857/1441
f 909/3671/2895 1156/3672/2895 1157/3673/2896
f 574/1689/1315 580/1712/1331 542/1715/1334
f 623/1866/1448 619/1824/1413 602/1841/1427
f 285/801/635 287/795/631 286/794/630
f 620/1835/1421 608/1851/1435 613/1836/1422
f 444/1263/984 440/1256/979 442/1261/982
f 538/1584/1229 522/1577/1222 528/1585/1230
f 532/1586/1231 533/1587/1232 530/1588/1233
f 247/1719/1336 580/1712/1331 573/1688/1314
f 577/1695/1319 247/1719/1336 573/1688/1314
f 1156/3653/2881 295/3674/2897 1143/3613/2850
f 483/1414/1092 488/1415/1093 489/1416/1094
f 905/3675/2898 1157/3676/2899 1139/3677/2898
f 441/3880/3045 427/3863/3045 439/3881/3045
f 1245/4325/3442 1249/4324/3441 1370/4332/3448
f 1143/3678/2900 295/3679/2900 291/3680/2900
f 524/1663/1291 538/1584/1229 528/1585/1230
f 625/1867/1449 623/1852/1436 611/1796/1396
f 905/3675/2898 1139/3677/2898 903/3681/2901
f 526/1580/1225 525/1575/1220 535/1581/1226
f 275/775/615 290/802/636 242/914/713
f 242/687/542 243/688/543 240/685/540
f 577/1695/1319 244/1720/1337 247/1719/1336
f 1487/4652/3719 1338/4653/3720 1341/4654/3721
f 291/3682/2902 278/3636/2869 1143/3620/2857
f 1250/4326/3443 1371/4321/3438 1249/4324/3441
f 291/803/637 292/804/637 278/805/637
f 187/2839/2245 186/2843/2247 900/2840/2245
f 482/1417/1095 483/1418/1096 489/1419/1097
f 490/1420/1098 488/1415/1093 481/1421/1099
f 965/3856/3039 1206/3849/3034 441/3864/3046
f 478/1409/1089 487/1408/1089 443/1422/1100
f 1248/4327/3444 1249/4324/3441 1245/4325/3442
f 522/1577/1222 538/1584/1229 534/1579/1224
f 482/1417/1095 489/1419/1097 487/1423/1101
f 293/806/638 287/796/632 294/807/639
f 627/1868/1450 626/1869/1451 620/1870/1452
f 538/1589/1234 539/1590/1235 534/1591/1236
f 532/1592/1237 537/1593/1237 540/1594/1237
f 538/1584/1229 524/1663/1291 541/1595/1238
f 533/1587/1232 532/1586/1231 540/1596/1239
f 483/1414/1092 481/1421/1099 488/1415/1093
f 1013/3865/3047 1201/3866/3047 1011/3882/3047
f 534/1591/1236 537/1597/1240 532/1598/1241
f 542/1714/1333 541/1721/1338 524/1707/1326
f 1337/4648/3715 1335/4655/3722 1438/4645/3712
f 484/1518/1180 488/1415/1093 490/1420/1098
f 1344/4656/3723 1484/4646/3713 1487/4652/3719
f 1337/4648/3715 1480/4633/3702 1486/4651/3718
f 965/3867/3048 441/3868/3049 969/3869/3049
f 604/1854/1438 624/1853/1437 618/1871/1453
f 625/1867/1449 628/1872/1454 623/1852/1436
f 293/806/638 277/777/617 287/796/632
f 1198/3831/3020 967/3862/3044 1011/3828/3017
f 1344/4656/3723 1487/4652/3719 1341/4654/3721
f 1157/3683/2903 907/3684/2903 909/3685/2904
f 241/686/541 240/685/540 243/688/543
f 489/1416/1094 488/1415/1093 491/1424/1102
f 538/1599/1242 541/1600/1243 539/1601/1244
f 905/3686/2905 907/3684/2903 1157/3683/2903
f 619/1824/1413 623/1866/1448 629/1873/1455
f 460/1425/1103 443/1426/1104 487/1427/1105
f 533/1587/1232 540/1596/1239 537/1602/1245
f 541/1600/1243 542/1603/1246 543/1604/1247
f 630/1874/1456 625/1875/1457 626/1869/1451
f 444/1264/985 442/1265/986 445/1266/987
f 290/802/636 243/808/640 242/914/713
f 544/1876/1458 622/1843/1429 536/1849/1433
f 618/1877/1459 631/1878/1460 187/1938/1503
f 910/4323/3440 1371/4321/3438 1251/4328/3445
f 544/1605/1248 536/1606/1249 535/1607/1250
f 188/1428/1106 486/1429/1106 186/1430/1106
f 186/457/366 187/458/367 188/459/368
f 488/1415/1093 484/1431/1107 492/1432/1108
f 445/1433/1109 443/1434/1109 460/1435/1109
f 1338/4653/3720 1487/4652/3719 1336/4649/3716
f 1251/4328/3445 1371/4321/3438 1250/4326/3443
f 441/3868/3049 1012/3870/3050 969/3869/3049
f 275/775/615 289/800/634 290/802/636
f 241/686/541 244/689/544 245/690/545
f 1335/4240/3361 1278/4241/3362 1277/4242/3363
f 624/1879/1461 631/1878/1460 618/1877/1459
f 628/1880/1462 625/1875/1457 630/1874/1456
f 287/795/631 285/801/635 294/809/641
f 491/1424/1102 488/1415/1093 492/1432/1108
f 627/1868/1450 630/1874/1456 626/1869/1451
f 441/3871/3051 439/3872/3051 448/3873/3051
f 1013/4243/3364 1028/4244/3365 1336/4245/3366
f 487/1423/1101 489/1419/1097 493/1436/1110
f 902/2852/2253 903/2853/2254 904/2854/2255
f 444/1264/985 445/1266/987 446/1267/988
f 632/1881/1463 623/1882/1463 628/1883/1463
f 443/1268/989 445/1266/987 442/1265/986
f 246/691/546 244/689/544 241/686/541
f 1245/4019/3164 1246/4020/3165 1247/4021/3166
f 291/810/642 295/811/642 292/812/642
f 1156/3672/2895 909/3671/2895 295/3687/2906
f 1245/4019/3164 1247/4021/3166 1248/4022/3167
f 620/1870/1452 621/1884/1464 633/1885/1465
f 623/1886/1466 632/1887/1467 629/1888/1468
f 534/1591/1236 539/1590/1235 537/1597/1240
f 296/813/643 297/814/644 285/793/629
f 441/3874/3052 448/3875/3052 1012/3876/3052
f 250/815/645 243/808/640 290/802/636
f 1277/4082/3225 1278/4083/3226 1279/4084/3227
f 188/459/368 187/458/367 189/460/369
f 905/2855/2256 903/2856/2256 906/2857/2256
f 619/1824/1413 634/1889/1469 624/1853/1437
f 545/1608/1251 535/1607/1250 537/1609/1252
f 542/1722/1339 580/1723/1340 5/1724/1339
f 907/2858/2257 908/2859/2258 909/2860/2259
f 494/1437/1111 460/1425/1103 487/1427/1105
f 296/813/643 285/793/629 278/778/618
f 620/1870/1452 633/1885/1465 627/1868/1450
f 487/1427/1105 493/1438/1112 494/1437/1111
f 1335/4240/3361 1337/4246/3367 1278/4241/3362
f 1485/4647/3714 1484/4646/3713 1344/4656/3723
f 634/1889/1469 619/1824/1413 629/1873/1455
f 580/1712/1331 3/1725/1341 5/1726/1342
f 292/816/646 296/813/643 278/778/618
f 299/2861/2260 295/2862/2261 909/2860/2259
f 543/1610/1253 542/1611/1254 546/1612/1255
f 492/1432/1108 484/1431/1107 495/1439/1113
f 902/2852/2253 904/2854/2255 910/2863/2262
f 285/801/635 298/817/647 294/809/641
f 1485/4647/3714 1344/4656/3723 1486/4651/3718
f 535/1607/1250 545/1608/1251 544/1605/1248
f 293/806/638 289/800/634 277/777/617
f 6/692/547 3/693/548 247/694/549
f 299/2861/2260 909/2860/2259 908/2859/2258
f 635/1890/1470 632/1891/1471 628/1892/1472
f 247/1719/1336 3/1725/1341 580/1712/1331
f 1246/4085/3228 1277/4082/3225 1252/4086/3229
f 486/1440/1114 188/1441/1114 194/1442/1114
f 247/694/549 244/695/550 6/692/547
f 1249/4023/3168 1248/4022/3167 1250/4024/3169
f 635/1890/1470 628/1892/1472 630/1893/1473
f 248/696/551 241/686/541 243/688/543
f 546/1727/1343 542/1722/1339 5/1724/1339
f 910/4025/3170 1251/4026/3171 914/4027/3172
f 905/2864/2263 906/2865/2263 907/2866/2263
f 902/2867/2264 910/2868/2264 911/2869/2264
f 246/691/546 241/686/541 248/696/551
f 495/1439/1113 484/1431/1107 486/1443/1115
f 908/2870/2265 907/2871/2266 912/2872/2266
f 495/1439/1113 486/1443/1115 194/1444/1116
f 295/2862/2261 299/2861/2260 292/2873/2267
f 1010/3163/2493 1011/3164/2494 967/3165/2495
f 550/1894/1474 621/1839/1425 551/1937/1502
f 249/697/552 248/696/551 243/688/543
f 304/2874/2268 299/2875/2269 908/2876/2270
f 634/1889/1469 190/1895/1475 624/1896/1476
f 1252/4028/3173 1247/4021/3166 1246/4020/3165
f 447/1269/990 448/1270/991 449/1271/992
f 621/1897/1477 553/1898/1477 633/1899/1477
f 912/2872/2266 907/2871/2266 906/2877/2271
f 624/1900/1478 192/1901/1478 631/1902/1479
f 292/818/648 299/819/648 300/820/648
f 304/2874/2268 300/2878/2272 299/2875/2269
f 636/1903/1480 632/1904/1481 635/1905/1480
f 192/1906/1482 187/1938/1503 631/1878/1460
f 537/1613/1256 547/1614/1256 548/1615/1256
f 910/2879/2273 913/2880/2274 911/2881/2275
f 914/2882/2276 913/2880/2274 910/2879/2273
f 1337/4648/3715 1486/4651/3718 1339/4657/3724
f 448/1272/993 439/1273/994 450/1274/995
f 192/1901/1478 624/1900/1478 190/1907/1483
f 539/1590/1235 547/1616/1257 537/1597/1240
f 635/1890/1470 630/1893/1473 627/1908/1484
f 444/1275/996 446/1276/997 450/1277/998
f 1012/3166/2496 448/3167/2497 447/3168/2496
f 290/802/636 258/821/649 250/815/645
f 911/2883/2277 913/2884/2278 915/2885/2279
f 1277/4082/3225 1280/4087/3230 1252/4086/3229
f 450/1277/998 439/1278/999 444/1275/996
f 539/1601/1244 541/1600/1243 543/1604/1247
f 629/1888/1468 632/1887/1467 636/1909/1485
f 1277/4082/3225 1279/4084/3227 1280/4087/3230
f 285/793/629 297/814/644 298/822/650
f 537/1617/1258 548/1618/1258 12/1619/1258
f 301/823/651 294/809/641 298/817/647
f 1011/3164/2494 1010/3163/2493 1013/3169/2498
f 908/2876/2270 912/2886/2280 304/2874/2268
f 451/1279/1000 452/1280/1001 453/1281/1002
f 911/2883/2277 915/2885/2279 916/2887/2281
f 448/1272/993 453/1281/1002 452/1280/1001
f 1248/4022/3167 1253/4029/3174 1250/4024/3169
f 293/806/638 294/807/639 301/824/652
f 451/1282/1003 454/1283/1004 452/1284/1005
f 913/2888/2282 917/2889/2283 915/2890/2284
f 911/2883/2277 916/2887/2281 918/2891/2285
f 622/1843/1429 544/1910/1486 551/1859/1443
f 2/1728/1344 5/1726/1342 3/1725/1341
f 546/1612/1255 15/1620/1259 543/1610/1253
f 190/1895/1475 634/1889/1469 198/1911/1487
f 1338/4247/3368 1336/4245/3366 1028/4244/3365
f 292/816/646 300/825/653 302/826/654
f 453/1285/1006 454/1286/1007 451/1287/1008
f 1344/4656/3723 1339/4657/3724 1486/4651/3718
f 489/1445/1117 491/1446/1118 493/1447/1119
f 190/461/370 191/462/370 192/463/370
f 919/2892/2286 903/2853/2254 902/2852/2253
f 902/2893/2287 911/2894/2287 920/2895/2287
f 547/1621/1260 15/1620/1259 548/1622/1261
f 9/1623/1262 546/1624/1262 16/1625/1262
f 921/2896/2288 906/2897/2288 903/2898/2288
f 553/1912/1488 621/1839/1425 550/1894/1474
f 296/813/643 292/816/646 302/826/654
f 250/698/553 249/697/552 243/688/543
f 549/1626/1263 545/1608/1251 537/1609/1252
f 1251/4026/3171 1254/4030/3175 914/4027/3172
f 491/1446/1118 496/1448/1120 493/1447/1119
f 15/1627/1264 12/1628/1264 548/1629/1264
f 965/3025/2394 966/3026/2395 967/3027/2396
f 1339/4248/3369 1278/4241/3362 1337/4246/3367
f 922/2899/2289 906/2900/2290 921/2901/2291
f 192/464/371 189/460/369 187/458/367
f 251/699/554 244/700/554 246/701/554
f 188/465/372 189/460/369 193/466/373
f 967/3170/2499 966/3171/2500 1014/3172/2501
f 453/1281/1002 448/1272/993 450/1274/995
f 922/2902/2292 912/2903/2292 906/2904/2293
f 637/1913/1489 635/1914/1489 627/1915/1489
f 15/1620/1259 547/1621/1260 543/1610/1253
f 539/1630/1265 543/1610/1253 547/1621/1260
f 1013/3169/2498 1010/3163/2493 1015/3173/2502
f 918/2905/2294 920/2906/2295 911/2907/2296
f 634/1889/1469 629/1873/1455 198/1911/1487
f 303/827/655 300/915/655 304/828/655
f 1255/4031/3176 1251/4026/3171 1250/4078/3221
f 459/1449/1121 445/1450/1121 460/1451/1121
f 296/813/643 302/826/654 297/814/644
f 965/3025/2394 968/3028/2397 966/3026/2395
f 921/2908/2297 903/2909/2298 919/2910/2299
f 6/692/547 244/695/550 252/702/555
f 194/467/374 188/465/372 193/466/373
f 493/1452/1122 496/1453/1123 497/1454/1124
f 914/2882/2276 917/2911/2300 913/2880/2274
f 969/3029/2398 968/3030/2399 965/3031/2400
f 15/1631/1266 546/1632/1267 11/1633/1268
f 915/2912/2301 923/2913/2302 916/2914/2303
f 454/1283/1004 313/1288/1009 452/1284/1005
f 544/1634/1269 550/1635/1269 551/1636/1270
f 1016/3174/2503 1010/3163/2493 967/3165/2495
f 446/1267/988 455/1289/1010 456/1290/1011
f 457/1291/1012 449/1292/1013 448/1293/1014
f 460/1519/1181 494/1455/1125 458/1456/1126
f 458/1294/1015 459/1295/1015 460/1296/1015
f 916/2915/2304 923/2916/2304 918/2917/2304
f 1278/4083/3226 1281/4088/3231 1279/4084/3227
f 448/1293/1014 452/1297/1016 457/1291/1012
f 303/2918/2305 304/2874/2268 912/2886/2280
f 915/2890/2284 917/2889/2283 924/2919/2306
f 491/1446/1118 498/1457/1127 496/1448/1120
f 925/2920/2307 919/2892/2286 902/2852/2253
f 636/1909/1485 198/1916/1490 629/1888/1468
f 446/1267/988 445/1266/987 459/1298/1017
f 966/3175/2504 1017/3176/2505 1014/3177/2506
f 550/1664/1292 552/1637/1271 553/1638/1272
f 633/1885/1465 553/1917/1491 53/1918/1492
f 1/1/1 2/2/2 3/3/3
f 4/1639/1273 546/1640/1274 5/1641/1275
f 926/2921/2308 920/2906/2295 918/2905/2294
f 1012/3166/2496 447/3168/2496 1018/3178/2507
f 546/1632/1267 9/1642/1276 11/1633/1268
f 198/1919/1493 636/1920/1493 45/1921/1493
f 497/1454/1124 494/1458/1128 493/1452/1122
f 923/2913/2302 915/2912/2301 924/2922/2309
f 927/2923/2310 928/2924/2311 923/2925/2312
f 927/2926/2313 923/2927/2313 924/2928/2313
f 192/464/371 195/468/375 189/460/369
f 246/691/546 248/696/551 253/703/556
f 248/696/551 249/697/552 253/703/556
f 1251/4026/3171 1255/4031/3176 1254/4030/3175
f 633/1885/1465 51/1922/1494 637/1923/1495
f 1012/3179/2508 1018/3180/2509 969/3181/2510
f 192/464/371 191/469/376 195/468/375
f 305/829/656 297/830/656 302/831/656
f 194/1459/1129 200/1460/1130 495/1461/1131
f 303/916/714 302/832/657 300/833/658
f 627/1868/1450 633/1885/1465 637/1923/1495
f 449/1271/992 461/1299/1018 447/1269/990
f 298/822/650 297/814/644 306/834/659
f 462/1300/1019 453/1301/1020 450/1302/1021
f 446/1267/988 459/1298/1017 455/1289/1010
f 914/2929/2314 929/2930/2315 917/2931/2316
f 546/1640/1274 4/1639/1273 16/1643/1277
f 1282/4089/3232 1283/4090/3233 1280/4091/3234
f 1014/3172/2501 1016/3182/2511 967/3170/2499
f 1017/3176/2505 966/3175/2504 1019/3183/2512
f 918/2932/2317 923/2925/2312 930/2933/2318
f 446/1276/997 456/1303/1022 450/1277/998
f 552/1637/1271 550/1664/1292 554/1644/1278
f 1284/4092/3235 1282/4089/3232 1279/4093/3236
f 1282/4089/3232 1285/4094/3237 1283/4090/3233
f 2/4/4 4/5/4 5/6/4
f 1020/3184/2513 1014/3177/2506 1017/3176/2505
f 924/2934/2319 929/2935/2319 927/2936/2319
f 1256/4032/3177 1248/4022/3167 1247/4021/3166
f 454/1286/1007 453/1285/1006 463/1304/1023
f 464/1305/1024 453/1301/1020 462/1300/1019
f 1280/4091/3234 1279/4093/3236 1282/4089/3232
f 456/1306/1025 462/1307/1025 450/1308/1025
f 929/2930/2315 924/2937/2320 917/2931/2316
f 1015/3173/2502 1010/3163/2493 1016/3174/2503
f 544/1634/1269 555/1645/1279 550/1635/1269
f 492/1462/1132 498/1457/1127 491/1446/1118
f 537/1609/1252 12/1646/1280 549/1626/1263
f 302/832/657 303/916/714 307/835/660
f 21/1647/1281 552/1648/1281 554/1649/1281
f 1284/4092/3235 1279/4093/3236 1281/4095/3238
f 190/470/377 196/471/378 191/472/379
f 318/1309/1026 457/1310/1027 452/1284/1005
f 1340/4249/3370 1278/4241/3362 1339/4248/3369
f 193/466/373 189/460/369 197/473/380
f 902/2938/2321 920/2939/2321 925/2940/2321
f 308/836/661 301/823/651 298/817/647
f 499/1463/1133 496/1453/1123 498/1464/1134
f 929/2930/2315 914/2929/2314 931/2941/2322
f 196/471/378 195/474/381 191/472/379
f 635/1924/1496 637/1925/1496 46/1926/1496
f 289/800/634 309/837/662 290/802/636
f 456/1290/1011 455/1289/1010 465/1311/1028
f 190/475/382 198/476/382 199/477/382
f 301/823/651 308/836/661 310/838/663
f 1344/4656/3723 1341/4654/3721 1342/4658/3725
f 1283/4090/3233 1285/4094/3237 1286/4096/3239
f 930/2942/2323 926/2921/2308 918/2905/2294
f 3/7/5 6/8/6 7/9/7
f 494/1455/1125 500/1465/1135 458/1456/1126
f 550/1664/1292 555/1650/1282 554/1644/1278
f 1284/4092/3235 1285/4094/3237 1282/4089/3232
f 972/3185/2514 969/3181/2510 1018/3180/2509
f 194/478/383 193/479/383 200/480/383
f 912/2903/2292 922/2902/2292 932/2943/2324
f 933/2944/2325 912/2886/2280 932/2945/2326
f 553/1651/1283 552/1652/1284 21/1653/1283
f 306/834/659 308/839/664 298/822/650
f 501/1466/1136 492/1432/1108 495/1439/1113
f 251/704/557 252/702/555 244/695/550
f 8/10/8 1/1/1 3/3/3
f 553/1651/1283 21/1653/1283 53/1654/1285
f 195/468/375 197/473/380 189/460/369
f 303/2918/2305 912/2886/2280 933/2944/2325
f 1256/4032/3177 1253/4029/3174 1248/4022/3167
f 636/1903/1480 635/1905/1480 46/1927/1497
f 556/1655/1286 555/1650/1282 544/1605/1248
f 45/481/384 48/482/384 198/483/384
f 1020/3186/2515 1021/3187/2516 1014/3188/2517
f 928/2924/2311 930/2933/2318 923/2925/2312
f 459/1312/1029 458/1313/1030 455/1314/1030
f 636/1928/1498 46/1929/1498 45/1930/1498
f 1340/4249/3370 1281/4250/3371 1278/4241/3362
f 9/11/9 10/12/10 11/13/11
f 456/1315/1031 465/1316/1031 466/1317/1031
f 305/840/665 302/841/665 307/842/665
f 492/1462/1132 501/1467/1137 498/1457/1127
f 495/1461/1131 200/1460/1130 501/1468/1138
f 51/1922/1494 633/1885/1465 53/1918/1492
f 1254/4030/3175 931/4033/3178 914/4027/3172
f 934/2946/2327 928/2947/2328 927/2948/2329
f 544/1605/1248 545/1608/1251 556/1655/1286
f 1341/4251/3372 1338/4247/3368 1342/4252/3373
f 253/703/556 251/705/558 246/691/546
f 12/14/12 13/15/13 14/16/14
f 462/1318/1032 456/1319/1033 464/1320/1033
f 1014/3188/2517 1021/3187/2516 1016/3189/2518
f 447/3190/2519 461/3191/2519 1018/3192/2519
f 555/1650/1282 19/1656/1287 554/1644/1278
f 501/1468/1138 200/1460/1130 502/1469/1139
f 499/1463/1133 497/1454/1124 496/1453/1123
f 309/837/662 289/800/634 293/806/638
f 1255/4034/3179 1250/4035/3179 1257/4036/3179
f 195/474/381 196/471/378 197/484/385
f 1280/4091/3234 1258/4097/3240 1252/4098/3241
f 549/1626/1263 556/1655/1286 545/1608/1251
f 452/1284/1005 313/1288/1009 318/1309/1026
f 1022/3193/2520 1019/3194/2521 966/3195/2522
f 1287/4099/3242 1285/4094/3237 1284/4092/3235
f 919/2910/2299 935/2949/2330 921/2908/2297
f 13/15/13 15/17/15 11/13/11
f 936/2950/2331 922/2899/2289 921/2901/2291
f 45/70/62 46/71/63 47/72/63
f 1283/4090/3233 1288/4100/3243 1280/4091/3234
f 305/843/666 307/844/666 311/845/666
f 501/1467/1137 503/1470/1140 498/1457/1127
f 920/2906/2295 926/2921/2308 925/2951/2332
f 1017/3196/2523 1019/3197/2524 1022/3198/2523
f 389/1321/1034 456/1322/1035 466/1323/1036
f 199/485/386 198/486/387 201/487/388
f 968/3032/2401 970/3033/2402 966/3034/2403
f 9/18/16 16/19/17 10/20/17
f 929/2930/2315 934/2952/2333 927/2953/2334
f 1023/3199/2525 1024/3200/2525 1015/3201/2525
f 455/1324/1037 466/1325/1037 465/1326/1038
f 14/1657/1288 18/1658/1289 12/1646/1280
f 313/1327/1039 314/1328/1039 454/1329/1039
f 929/2930/2315 931/2941/2322 934/2952/2333
f 1283/4090/3233 1289/4101/3244 1288/4100/3243
f 8/21/18 3/7/5 7/9/7
f 202/488/389 198/486/387 48/489/390
f 1256/4032/3177 1247/4021/3166 1252/4028/3173
f 503/1471/1141 501/1472/1142 504/1473/1143
f 19/1656/1287 555/1650/1282 556/1655/1286
f 201/487/388 198/486/387 202/488/389
f 18/1658/1289 549/1626/1263 12/1646/1280
f 467/1330/1040 461/1299/1018 449/1271/992
f 193/490/391 203/491/392 204/492/393
f 931/4037/3180 946/4038/3180 934/4039/3180
f 937/2954/2335 935/2955/2336 919/2892/2286
f 966/3195/2522 974/3202/2526 1022/3193/2520
f 48/73/64 45/74/65 47/75/66
f 1283/4090/3233 1286/4096/3239 1289/4101/3244
f 1343/4253/3374 1339/4248/3369 1344/4254/3375
f 968/3032/2401 971/3035/2404 970/3033/2402
f 1288/4100/3243 1258/4097/3240 1280/4091/3234
f 972/3036/2405 968/3030/2399 969/3029/2398
f 301/824/652 310/846/667 293/806/638
f 454/1286/1007 463/1304/1023 313/1331/1041
f 468/1332/1042 466/1325/1037 455/1324/1037
f 1254/4030/3175 1255/4031/3176 1257/4040/3181
f 205/493/394 190/494/395 199/495/394
f 1257/4079/3222 1250/4024/3169 1253/4029/3174
f 501/1474/1144 502/1475/1144 504/1476/1144
f 16/19/17 17/22/19 10/20/17
f 637/1931/1499 50/1932/1499 46/1939/1499
f 494/1455/1125 497/1477/1145 500/1465/1135
f 449/1292/1013 457/1291/1012 467/1333/1043
f 1016/3203/2527 1025/3204/2528 1023/3205/2529
f 48/73/64 47/75/66 49/76/67
f 971/3037/2406 968/3038/2406 972/3039/2406
f 1252/4041/3182 1258/4042/3183 1256/4043/3185
f 549/1626/1263 18/1658/1289 556/1655/1286
f 937/2956/2337 938/2957/2337 935/2958/2337
f 1284/4092/3235 1290/4102/3245 1287/4099/3242
f 199/495/394 201/496/396 205/493/394
f 196/471/378 206/497/397 197/484/385
f 458/1313/1030 468/1334/1044 455/1314/1030
f 453/1301/1020 464/1305/1024 463/1335/1045
f 200/498/398 193/490/391 204/492/393
f 206/499/399 196/500/400 203/491/392
f 919/2892/2286 925/2920/2307 939/2959/2338
f 311/2960/2339 921/2961/2339 935/2962/2339
f 972/3206/2530 1018/3207/2530 461/3208/2530
f 4/23/20 2/2/2 1/1/1
f 936/2950/2331 921/2901/2291 311/2963/2340
f 312/847/668 293/806/638 310/846/667
f 966/3040/2407 973/3041/2407 974/3042/2408
f 1290/4102/3245 1284/4092/3235 1291/4103/3246
f 18/1658/1289 19/1656/1287 556/1655/1286
f 18/24/21 14/25/21 19/26/21
f 313/848/669 310/849/669 314/850/669
f 503/1478/1146 499/1463/1133 498/1464/1134
f 554/1659/1290 19/1660/1290 21/1661/1290
f 51/1922/1494 50/1933/1500 637/1923/1495
f 1288/4100/3243 1289/4101/3244 1292/4104/3247
f 1343/4253/3374 1344/4254/3375 1342/4252/3373
f 970/3043/2409 973/3041/2407 966/3040/2407
f 46/71/63 50/77/68 47/72/63
f 939/2959/2338 937/2954/2335 919/2892/2286
f 505/1479/1147 458/1456/1126 500/1465/1135
f 971/3044/2410 972/3045/2410 975/3046/2410
f 932/2964/2341 922/2965/2342 940/2966/2341
f 940/2967/2343 922/2899/2289 936/2950/2331
f 4/27/22 20/28/23 16/29/24
f 20/28/23 17/30/25 16/29/24
f 12/14/12 15/17/15 13/15/13
f 1343/4253/3374 1340/4249/3370 1339/4248/3369
f 310/838/663 308/836/661 314/851/670
f 196/500/400 207/501/401 203/491/392
f 936/2968/2344 311/2969/2345 307/2970/2344
f 937/2971/2346 939/2972/2347 941/2973/2346
f 928/2947/2328 942/2974/2348 930/2975/2349
f 203/491/392 193/490/391 206/499/399
f 925/2951/2332 941/2976/2350 939/2977/2351
f 310/846/667 313/852/671 312/847/668
f 1022/3209/2531 974/3210/2531 1026/3211/2531
f 51/1934/1501 53/1935/1501 52/1936/1501
f 1027/3212/2532 1013/3169/2498 1015/3173/2502
f 314/853/672 308/839/664 306/834/659
f 933/2944/2325 316/2978/2352 303/2918/2305
f 305/854/673 306/855/673 297/856/674
f 197/502/402 206/503/402 193/504/402
f 1024/3213/2533 1023/3214/2534 989/3215/2535
f 1016/3203/2527 1023/3205/2529 1015/3216/2536
f 941/2973/2346 938/2979/2353 937/2971/2346
f 50/78/69 51/79/70 52/80/71
f 1/31/26 8/32/27 10/33/28
f 1253/4080/3223 1256/4081/3224 1259/4044/3186
f 21/81/72 52/185/72 53/82/73
f 315/857/675 305/858/676 311/859/677
f 940/2966/2341 943/2980/2354 932/2964/2341
f 1340/4249/3370 1291/4255/3376 1281/4250/3371
f 1286/4096/3239 1293/4105/3248 1289/4101/3244
f 469/1336/1046 464/1320/1033 456/1319/1033
f 13/15/13 19/34/29 14/16/14
f 1013/3169/2498 1027/3212/2532 1028/3217/2537
f 461/3218/2538 1029/3219/2539 972/3220/2540
f 190/505/403 205/506/404 196/500/400
f 1258/4097/3240 1288/4100/3243 1294/4106/3249
f 314/860/678 312/861/678 313/862/678
f 943/2981/2355 940/2982/2356 936/2983/2355
f 307/835/660 303/916/714 316/863/679
f 970/3047/2411 971/3048/2411 976/3049/2411
f 204/492/393 208/507/405 200/498/398
f 457/1337/1047 318/1338/1047 470/1339/1047
f 935/3050/2412 324/3051/2412 311/3052/2412
f 932/2945/2326 943/2984/2357 933/2944/2325
f 938/3053/2413 948/3054/2414 935/3055/2415
f 312/864/680 314/853/672 306/834/659
f 1/1/1 20/35/30 4/23/20
f 497/1454/1124 499/1463/1133 500/1480/1148
f 973/3221/2541 1026/3222/2541 974/3223/2542
f 313/852/671 317/865/681 312/847/668
f 316/2985/2358 936/2968/2344 307/2970/2344
f 1022/3224/2543 1026/3225/2544 1030/3226/2545
f 1020/3227/2546 1017/3228/2546 1030/3229/2546
f 463/1340/1048 464/1341/1048 471/1342/1048
f 1286/4107/3250 1285/4108/3251 1295/4109/3252
f 1022/3198/2523 1030/3230/2547 1017/3196/2523
f 938/2986/2359 925/2951/2332 926/2921/2308
f 1259/4044/3186 1257/4040/3181 1253/4080/3223
f 944/2987/2360 926/2921/2308 930/2942/2323
f 52/185/72 21/81/72 54/83/74
f 1/31/26 10/33/28 20/36/31
f 20/36/31 10/33/28 17/37/32
f 22/84/75 54/85/75 21/86/75
f 55/87/76 50/78/69 52/80/71
f 936/2983/2355 316/2988/2361 943/2981/2355
f 467/1333/1043 457/1291/1012 470/1343/1049
f 306/855/673 305/854/673 315/866/682
f 21/38/33 19/34/29 22/39/34
f 1016/3189/2518 1021/3187/2516 1025/3231/2548
f 196/500/400 205/506/404 207/501/401
f 975/3232/2549 972/3220/2540 1031/3233/2550
f 928/2947/2328 945/2989/2362 942/2974/2348
f 1345/4256/3377 1342/4252/3373 1338/4247/3368
f 254/706/559 6/692/547 252/702/555
f 941/2976/2350 925/2951/2332 938/2986/2359
f 1338/4247/3368 1028/4244/3365 1345/4256/3377
f 1281/4095/3238 1291/4103/3246 1284/4092/3235
f 989/3234/2551 1032/3235/2551 1024/3236/2551
f 506/1481/1149 505/1482/1150 500/1480/1148
f 1015/3173/2502 1024/3237/2552 1032/3238/2553
f 506/1481/1149 500/1480/1148 499/1463/1133
f 50/78/69 56/88/77 47/89/78
f 943/2984/2357 316/2978/2352 933/2944/2325
f 931/4033/3178 1254/4030/3175 1257/4040/3181
f 461/1344/1050 467/1345/1051 472/1346/1052
f 472/1346/1052 467/1345/1051 473/1347/1053
f 1026/3222/2541 973/3221/2541 979/3239/2554
f 1036/4257/3378 1028/4268/3389 1027/4258/3379
f 934/2946/2327 945/2989/2362 928/2947/2328
f 502/1483/1151 200/1484/1151 208/1485/1151
f 989/3240/2555 1033/3241/2556 1026/3225/2544
f 1256/4043/3184 1260/4045/3187 1259/4046/3188
f 989/3242/2557 1026/3243/2557 979/3244/2557
f 1292/4110/3253 1296/4111/3253 1288/4112/3253
f 1292/4104/3247 1289/4101/3244 1297/4113/3254
f 503/1471/1141 504/1473/1143 334/1486/1152
f 952/4047/3189 931/4033/3178 1257/4040/3181
f 1258/4042/3183 1261/4048/3191 1256/4043/3185
f 209/508/406 205/509/407 201/510/408
f 507/1487/1153 506/1488/1153 499/1489/1154
f 312/867/683 318/868/684 317/869/685
f 463/1304/1023 388/1348/1054 313/1331/1041
f 1296/4114/3255 1294/4106/3249 1288/4100/3243
f 1343/4253/3374 1342/4252/3373 1345/4256/3377
f 944/2987/2360 930/2942/2323 942/2974/2348
f 468/1490/1155 505/1491/1156 506/1492/1157
f 313/870/686 317/869/685 318/868/684
f 499/1493/1158 334/1486/1152 507/1494/1159
f 54/90/79 57/91/80 52/92/81
f 980/3245/2558 989/3246/2558 979/3247/2558
f 1032/3238/2553 1027/3212/2532 1015/3173/2502
f 22/93/82 57/91/80 54/90/79
f 467/1349/1055 470/1350/1055 473/1351/1055
f 252/707/560 255/708/561 254/709/562
f 1261/4048/3191 1260/4045/3187 1256/4043/3184
f 946/2990/2363 945/2989/2362 934/2991/2364
f 464/1352/1056 469/1353/1056 471/1354/1056
f 977/3056/2416 978/3057/2417 326/3058/2418
f 388/1355/1057 463/1356/1057 471/1357/1057
f 389/1321/1034 469/1358/1058 456/1322/1035
f 306/871/687 315/872/687 312/873/687
f 505/1491/1156 468/1490/1155 458/1495/1160
f 979/3059/2419 973/3157/2419 980/3060/2419
f 52/92/81 57/91/80 55/94/83
f 948/3054/2414 977/3061/2420 935/3055/2415
f 977/3062/2421 324/3063/2421 935/3064/2421
f 55/87/76 56/88/77 50/78/69
f 6/8/6 23/40/35 7/9/7
f 1340/4249/3370 1346/4259/3380 1291/4255/3376
f 1289/4101/3244 1293/4105/3248 1298/4115/3256
f 24/41/36 11/13/11 10/12/10
f 1031/3233/2550 972/3220/2540 1029/3219/2539
f 1034/3248/2559 1020/3249/2560 1030/3250/2561
f 56/88/77 55/87/76 58/95/84
f 1295/4109/3252 1293/4116/3257 1286/4107/3250
f 955/4049/3192 946/4050/3193 931/4051/3194
f 947/2992/2365 942/2974/2348 945/2989/2362
f 49/511/409 202/512/410 48/680/537
f 504/1496/1161 502/1497/1162 213/1498/1163
f 1261/4117/3258 1258/4097/3240 1294/4106/3249
f 970/3065/2422 981/3066/2422 973/3067/2422
f 1297/4113/3254 1289/4101/3244 1298/4115/3256
f 258/821/649 290/802/636 309/837/662
f 58/96/85 59/97/86 56/98/87
f 252/702/555 251/704/557 256/710/563
f 926/2921/2308 944/2987/2360 938/2986/2359
f 326/3058/2418 324/3068/2423 977/3056/2416
f 980/3069/2424 982/3070/2425 983/3071/2426
f 1290/4102/3245 1299/4118/3259 1287/4099/3242
f 1297/4119/3260 1300/4120/3260 1292/4121/3260
f 1300/4122/3261 1296/4123/3261 1292/4124/3262
f 210/513/411 209/508/406 201/510/408
f 1343/4253/3374 1346/4259/3380 1340/4249/3370
f 394/1359/1059 471/1360/1060 469/1358/1058
f 251/762/602 253/763/603 256/710/563
f 317/1361/1061 388/1348/1054 312/1362/1062
f 981/3251/2562 970/3252/2562 976/3253/2562
f 1029/3254/2563 461/3255/2563 472/3256/2563
f 984/3072/2427 978/3073/2428 977/3061/2420
f 252/764/604 257/711/564 255/708/561
f 985/3074/2429 980/3069/2424 983/3071/2426
f 47/75/66 56/98/87 49/76/67
f 944/2987/2360 942/2974/2348 947/2992/2365
f 1026/3225/2544 1035/3257/2564 1030/3226/2545
f 334/1486/1152 499/1493/1158 503/1471/1141
f 319/874/688 315/857/675 311/859/677
f 1032/3238/2553 1036/3258/2565 1027/3212/2532
f 201/487/388 202/488/389 210/514/412
f 508/1499/1164 506/1488/1153 507/1487/1153
f 948/3054/2414 984/3072/2427 977/3061/2420
f 57/91/80 60/99/88 55/94/83
f 948/2993/2366 949/2994/2367 950/2995/2367
f 1346/4259/3380 1343/4253/3374 1345/4256/3377
f 1025/3259/2566 1021/3260/2566 1037/3261/2566
f 13/15/13 11/13/11 24/41/36
f 1033/3241/2556 1035/3257/2564 1026/3225/2544
f 315/875/689 320/876/689 312/877/689
f 986/3075/2430 978/3073/2428 984/3072/2427
f 1020/3249/2560 1034/3248/2559 1038/3262/2567
f 55/94/83 61/100/89 62/101/90
f 952/4047/3189 1257/4040/3181 1259/4044/3186
f 211/515/413 205/516/414 212/517/415
f 212/518/416 205/519/417 209/520/418
f 388/1348/1054 317/1361/1061 313/1331/1041
f 320/878/690 315/857/675 319/874/688
f 312/867/683 321/879/691 318/868/684
f 318/917/715 321/918/716 322/880/692
f 10/12/10 8/21/18 7/9/7
f 55/94/83 62/101/90 58/102/91
f 949/2996/2368 948/3023/2368 938/3024/2368
f 986/3076/2431 326/3077/2432 978/3078/2433
f 249/765/605 250/766/606 258/712/565
f 469/1358/1058 391/1363/1063 394/1359/1059
f 25/42/37 19/34/29 13/15/13
f 1345/4269/3390 1028/4268/3389 1036/4257/3378
f 213/1498/1163 502/1497/1162 208/1500/1165
f 1261/4048/3190 1262/4052/3195 1260/4045/3187
f 1025/3204/2528 1037/3263/2568 1023/3205/2529
f 470/1364/1064 318/1365/1065 387/1366/1066
f 473/1347/1053 470/1364/1064 387/1366/1066
f 1293/4125/3263 1295/4126/3263 1298/4127/3263
f 988/3264/2569 971/3265/2569 975/3373/2569
f 955/4049/3192 951/4053/3196 946/4050/3193
f 1287/4128/3264 1301/4129/3265 1285/4108/3251
f 931/4051/3194 952/4054/3197 955/4049/3192
f 946/2990/2363 951/2997/2369 945/2989/2362
f 952/4047/3189 1259/4044/3186 953/4055/3198
f 989/3215/2535 1023/3214/2534 1033/3266/2570
f 1038/3267/2571 1039/3268/2572 1020/3186/2515
f 320/881/693 321/879/691 312/867/683
f 319/3079/2434 311/3080/2434 324/3081/2434
f 1313/4260/3381 1291/4261/3382 1346/4262/3383
f 326/3058/2418 325/3082/2435 324/3068/2423
f 25/42/37 22/39/34 19/34/29
f 1300/4122/3261 1302/4130/3266 1296/4123/3261
f 982/3083/2436 987/3084/2437 983/3085/2438
f 58/103/92 62/104/92 59/105/92
f 1294/4106/3249 1296/4114/3255 1302/4131/3267
f 1313/4260/3381 1303/4263/3384 1291/4261/3382
f 318/1088/861 322/1089/861 387/1090/861
f 321/918/716 319/919/717 323/882/694
f 1298/4132/3268 1300/4133/3268 1297/4134/3268
f 253/703/556 249/697/552 259/713/566
f 319/883/695 321/884/695 320/885/695
f 49/511/409 210/521/419 202/512/410
f 1030/3250/2561 1040/3269/2573 1034/3248/2559
f 971/3158/2439 988/3086/2439 976/3087/2439
f 57/91/80 22/93/82 63/106/93
f 1299/4118/3259 1290/4102/3245 1303/4135/3269
f 1266/4136/3270 1261/4117/3258 1294/4106/3249
f 7/9/7 26/43/38 10/12/10
f 1263/4056/3199 1259/4046/3188 1260/4045/3187
f 387/1366/1066 392/1367/1067 473/1347/1053
f 952/2998/2370 953/2999/2370 954/3000/2370
f 1304/4137/3271 1298/4138/3272 1295/4139/3273
f 506/1492/1157 508/1501/1166 468/1490/1155
f 1300/4140/3274 1298/4138/3272 1304/4137/3271
f 213/522/420 208/523/420 214/524/420
f 1039/3268/2572 1037/3270/2574 1021/3187/2516
f 49/76/67 56/98/87 59/97/86
f 955/3001/2371 952/3002/2372 956/3003/2373
f 1303/4135/3269 1290/4102/3245 1291/4103/3246
f 319/919/717 324/886/696 325/887/697
f 30/714/567 254/709/562 255/708/561
f 1032/4264/3385 1043/4265/3386 1036/4257/3378
f 7/9/7 23/40/35 27/44/39
f 207/501/401 205/506/404 211/525/421
f 975/3271/2575 1031/3272/2575 1041/3273/2575
f 255/708/561 257/711/564 30/714/567
f 393/1368/1068 471/1369/1068 394/1370/1069
f 1029/3274/2576 472/3275/2577 1031/3276/2578
f 61/100/89 55/94/83 60/99/88
f 1039/3268/2572 1021/3187/2516 1020/3186/2515
f 332/1091/862 312/1092/863 388/1093/864
f 985/3159/2492 989/3088/2440 980/3089/2441
f 326/888/698 327/889/698 325/890/698
f 952/3002/2372 954/3004/2374 956/3003/2373
f 466/1502/1167 468/1503/1167 476/1504/1167
f 326/891/699 328/892/699 327/893/699
f 325/887/697 323/882/694 319/919/717
f 983/3071/2426 990/3090/2442 985/3074/2429
f 983/3071/2426 959/3091/2443 990/3090/2442
f 327/894/700 323/895/700 325/896/700
f 953/4057/3200 1259/4046/3188 1264/4058/3201
f 25/107/94 63/106/93 22/93/82
f 1260/4045/3187 1262/4052/3195 1265/4059/3202
f 392/1367/1067 472/1346/1052 473/1347/1053
f 1265/4059/3202 1263/4056/3199 1260/4045/3187
f 975/3277/2579 1041/3278/2580 1042/3279/2581
f 30/715/568 6/692/547 254/706/559
f 957/3005/2375 945/2989/2362 951/2997/2369
f 203/526/422 215/527/422 204/528/423
f 65/529/424 210/521/419 49/511/409
f 321/918/716 323/882/694 329/897/701
f 938/2986/2359 944/2987/2360 949/3006/2376
f 1294/4141/3275 1305/4142/3276 1266/4238/3359
f 210/521/419 212/518/416 209/520/418
f 469/1358/1058 389/1321/1034 391/1363/1063
f 392/3280/2582 1031/3276/2578 472/3275/2577
f 982/3092/2444 980/3093/2444 991/3094/2444
f 474/1371/1070 475/1372/1070 466/1373/1071
f 334/1486/1152 504/1473/1143 213/1505/1168
f 1266/4060/3203 1262/4052/3195 1261/4048/3190
f 327/898/702 329/899/702 323/900/703
f 393/1368/1068 388/1374/1072 471/1369/1068
f 7/9/7 27/44/39 26/43/38
f 63/106/93 25/107/94 64/108/95
f 216/530/425 203/491/392 207/501/401
f 989/3281/2583 1043/3282/2583 1032/3374/2652
f 1264/4058/3201 1259/4046/3188 1263/4056/3199
f 23/40/35 28/45/40 27/44/39
f 1302/4143/3277 1305/4144/3278 1294/4145/3279
f 475/1375/1073 389/1376/1073 466/1377/1073
f 947/2992/2365 958/3007/2377 944/2987/2360
f 260/716/569 256/710/563 253/763/603
f 1304/4146/3280 1306/4147/3281 1300/4148/3282
f 983/3085/2438 987/3084/2437 959/3095/2445
f 980/3096/2446 973/3160/2446 992/3097/2446
f 249/765/605 258/712/565 259/717/570
f 1313/4260/3381 1346/4262/3383 1345/4269/3390
f 49/76/67 59/97/86 65/109/96
f 1307/4149/3283 1304/4146/3280 1295/4150/3284
f 953/3008/2378 959/3009/2378 954/3010/2378
f 954/3004/2374 959/3011/2379 956/3003/2373
f 26/43/38 27/44/39 10/12/10
f 466/1388/1074 476/1378/1074 474/1389/1074
f 992/3283/2584 973/3284/2584 981/3285/2584
f 1300/4151/3285 1306/4152/3285 1302/4153/3285
f 329/899/702 327/898/702 328/901/704
f 468/1506/1169 508/1507/1170 476/1520/1182
f 204/492/393 215/531/426 208/507/405
f 980/3286/2585 992/3287/2586 1044/3288/2586
f 1304/4146/3280 1307/4149/3283 1306/4147/3281
f 329/897/701 322/880/692 321/918/716
f 945/2989/2362 957/3005/2375 947/2992/2365
f 980/3289/2587 1044/3375/2653 991/3290/2588
f 1308/4154/3286 1299/4118/3259 1303/4135/3269
f 334/1486/1152 340/1508/1171 507/1494/1159
f 475/1372/1070 474/1371/1070 338/1379/1075
f 389/1094/865 390/1095/866 391/1096/867
f 949/3012/2380 944/3013/2381 960/3014/2382
f 27/44/39 24/41/36 10/12/10
f 326/3098/2447 993/3099/2448 328/3100/2448
f 988/3291/2589 981/3292/2590 976/3293/2591
f 1031/3276/2578 392/3280/2582 1041/3294/2592
f 215/532/427 214/533/428 208/534/429
f 1309/4155/3287 1307/4156/3288 1295/4109/3252
f 1287/4128/3264 1299/4157/3289 1308/4158/3290
f 65/110/97 59/111/97 66/112/97
f 984/3072/2427 948/3054/2414 950/3101/2449
f 1039/3268/2572 1038/3267/2571 1045/3295/2593
f 57/91/80 63/106/93 67/113/98
f 61/100/89 60/99/88 68/114/99
f 1327/4266/3387 1345/4269/3390 1036/4257/3378
f 330/902/705 309/837/662 293/806/638
f 1310/4159/3291 1306/4147/3281 1307/4149/3283
f 29/46/41 13/15/13 24/41/36
f 475/1380/1076 399/1381/1076 389/1382/1076
f 1345/4269/3390 1312/4267/3388 1313/4260/3381
f 57/91/80 69/115/100 60/99/88
f 951/2997/2369 961/3015/2383 957/3005/2375
f 994/3102/2450 331/3103/2450 995/3104/2450
f 994/3296/2594 1041/3297/2594 331/3298/2594
f 955/3001/2371 962/3016/2386 951/2997/2369
f 25/42/37 13/15/13 29/46/41
f 215/527/422 203/526/422 217/535/430
f 1287/4128/3264 1311/4160/3292 1301/4129/3265
f 955/3001/2371 956/3003/2373 962/3016/2386
f 330/902/705 258/821/649 309/837/662
f 995/3105/2451 331/3106/2451 328/3107/2451
f 476/1520/1182 508/1507/1170 336/1509/1172
f 958/3017/2388 947/2992/2365 957/3005/2375
f 322/1097/868 331/1098/868 387/1099/868
f 213/536/431 214/537/431 141/538/431
f 65/529/424 218/539/432 210/521/419
f 987/3084/2437 996/3108/2452 959/3095/2445
f 982/3109/2453 991/3110/2453 997/3111/2453
f 69/115/100 57/91/80 67/113/98
f 1041/3278/2580 1046/3299/2595 1042/3279/2581
f 997/3112/2454 998/3113/2455 999/3114/2456
f 212/517/415 219/540/433 211/515/413
f 6/8/6 30/47/42 23/40/35
f 331/3300/2596 1041/3294/2592 392/3280/2582
f 474/1510/1173 476/1520/1182 338/1511/1174
f 1037/3263/2568 1047/3301/2597 1023/3205/2529
f 982/3115/2457 997/3112/2454 999/3114/2456
f 387/1100/869 331/1101/869 392/1102/869
f 68/114/99 60/99/88 69/115/100
f 329/903/706 331/904/706 322/905/706
f 1295/4109/3252 1285/4108/3251 1301/4129/3265
f 261/718/571 30/719/571 257/720/571
f 29/46/41 24/41/36 31/48/43
f 329/906/707 328/907/707 331/908/707
f 508/1512/1175 507/1494/1159 340/1508/1171
f 220/541/434 203/542/434 216/543/434
f 65/544/435 66/545/436 221/546/437
f 956/3116/2458 959/3095/2445 996/3108/2452
f 203/547/438 220/548/438 217/549/438
f 334/1486/1152 213/1505/1168 141/1513/1176
f 984/3072/2427 960/3117/2459 986/3075/2430
f 211/525/421 222/550/439 207/501/401
f 987/3118/2460 982/3115/2457 999/3114/2456
f 944/3013/2381 958/3018/2389 960/3014/2382
f 981/3292/2590 988/3291/2589 1046/3299/2595
f 62/116/101 66/117/101 59/118/101
f 262/721/572 252/702/555 256/710/563
f 1262/4052/3195 1267/4061/3204 1265/4059/3202
f 1268/4062/3205 1263/4056/3199 1265/4059/3202
f 991/3119/2461 1000/3120/2461 997/3121/2461
f 1312/4161/3293 1303/4135/3269 1313/4162/3294
f 262/721/572 257/767/607 252/702/555
f 221/546/437 218/551/440 65/544/435
f 1268/4062/3205 1264/4058/3201 1263/4056/3199
f 1048/3302/2598 1033/3303/2598 1023/3304/2598
f 393/1103/870 394/1104/871 395/1105/872
f 1034/3248/2559 405/3305/2599 1038/3262/2567
f 1314/4163/3295 1302/4164/3296 1306/4165/3297
f 1305/4142/3276 1269/4166/3298 1266/4238/3359
f 399/1383/1077 475/1384/1077 338/1385/1077
f 395/1106/873 396/1107/874 393/1108/875
f 218/539/432 212/518/416 210/521/419
f 993/3122/2462 986/3076/2431 1001/3123/2463
f 986/3076/2431 993/3122/2462 326/3077/2432
f 997/3124/2464 1000/3125/2465 998/3126/2466
f 960/3117/2459 984/3072/2427 950/3101/2449
f 1295/4109/3252 1301/4129/3265 1309/4155/3287
f 219/552/441 222/553/442 211/554/443
f 1048/3306/2600 1023/3307/2600 1047/3308/2600
f 1310/4167/3299 1307/4168/3300 1315/4169/3300
f 1315/4170/3301 1306/4171/3301 1310/4172/3301
f 312/847/668 332/909/708 293/806/638
f 68/114/99 70/119/102 61/100/89
f 393/1109/876 396/1110/877 397/1111/877
f 212/518/416 218/539/432 219/555/444
f 1038/3262/2567 405/3305/2599 1045/3309/2601
f 986/3076/2431 1002/3127/2467 1001/3123/2463
f 1034/3310/2602 1040/3311/2602 405/3312/2602
f 951/2997/2369 962/3016/2386 961/3015/2383
f 332/1091/862 393/1112/878 397/1113/879
f 988/3313/2603 975/3277/2579 1042/3279/2581
f 27/44/39 28/45/40 24/41/36
f 1030/3226/2545 1035/3257/2564 1040/3314/2604
f 1266/4060/3203 1269/4063/3206 1262/4052/3195
f 28/45/40 23/40/35 30/47/42
f 394/1104/871 391/1114/880 395/1105/872
f 1314/4173/3302 1306/4174/3303 1316/4175/3304
f 996/3108/2452 987/3118/2460 999/3114/2456
f 395/1106/873 398/1115/881 396/1107/874
f 1315/4176/3305 1316/4177/3305 1306/4178/3305
f 340/1508/1171 342/1514/1177 508/1512/1175
f 1039/3268/2572 1045/3315/2605 1037/3270/2574
f 218/539/432 221/556/445 223/557/446
f 207/558/447 220/559/448 216/560/449
f 398/1115/881 395/1106/873 391/1116/882
f 393/1112/878 332/1091/862 388/1093/864
f 263/722/573 260/723/573 253/724/574
f 67/113/98 63/106/93 64/108/95
f 1303/4135/3269 1312/4161/3293 1308/4154/3286
f 222/561/450 224/562/450 207/563/450
f 336/1515/1178 508/1512/1175 342/1514/1177
f 340/1516/1179 334/1521/1179 335/1517/1179
f 215/532/427 217/564/451 139/565/452
f 293/806/638 332/909/708 330/902/705
f 256/710/563 260/716/569 262/721/572
f 1345/4269/3390 1327/4266/3387 1312/4267/3388
f 962/3128/2468 956/3116/2458 996/3108/2452
f 261/725/575 257/726/575 264/727/575
f 224/566/453 220/559/448 207/558/447
f 1002/3129/2469 999/3114/2456 998/3130/2470
f 1309/4155/3287 1317/4179/3306 1307/4156/3288
f 399/1117/883 339/1118/884 389/1094/865
f 957/3005/2375 961/3015/2385 958/3017/2388
f 391/1119/885 390/1120/885 400/1121/885
f 72/567/454 221/568/454 66/569/455
f 1317/4180/3307 1315/4169/3300 1307/4168/3300
f 215/532/427 139/565/452 214/533/428
f 31/68/60 32/49/44 29/50/45
f 1037/3270/2574 1045/3315/2605 1049/3316/2606
f 62/120/103 71/121/104 66/122/105
f 253/703/556 259/713/566 263/728/576
f 1305/4144/3278 1302/4143/3277 1318/4181/3308
f 985/3159/2492 1003/3131/2471 989/3088/2440
f 949/2994/2367 960/3019/2390 950/2995/2367
f 988/3291/2589 1042/3279/2581 1046/3299/2595
f 1033/3241/2556 1048/3317/2607 1035/3257/2564
f 1311/4160/3292 1287/4128/3264 1308/4158/3290
f 338/1511/1174 476/1520/1182 336/1509/1172
f 224/566/453 225/570/456 220/559/448
f 994/3318/2608 995/3319/2608 1050/3320/2608
f 334/920/718 141/921/718 335/922/718
f 1264/4058/3201 1270/4064/3207 959/4065/3208
f 1302/4164/3296 1314/4163/3295 1318/4182/3309
f 338/1122/886 339/1123/886 399/1124/886
f 986/3075/2430 960/3117/2459 1002/3132/2472
f 1265/4059/3202 1267/4061/3204 1268/4062/3205
f 66/122/105 71/121/104 72/123/106
f 398/1115/881 391/1116/882 400/1125/887
f 219/555/444 218/539/432 223/557/446
f 28/45/40 31/48/43 24/41/36
f 1262/4052/3195 1269/4063/3206 1271/4066/3209
f 959/3091/2443 1004/3133/2473 990/3090/2442
f 1041/3321/2609 994/3322/2610 1051/3323/2611
f 398/1126/888 401/1127/888 396/1128/888
f 390/1129/889 402/1130/889 400/1131/889
f 257/767/607 262/721/572 264/729/577
f 1262/4052/3195 1271/4066/3209 1267/4061/3204
f 222/553/442 219/552/441 223/571/457
f 1036/4257/3378 1043/4265/3386 1327/4266/3387
f 1052/3324/2612 981/3292/2590 1046/3299/2595
f 226/572/458 225/573/459 222/574/460
f 224/575/461 222/574/460 225/573/459
f 336/923/719 337/924/719 338/925/719
f 69/124/107 67/113/98 73/125/108
f 64/108/95 73/125/108 67/113/98
f 964/3134/2474 1002/3132/2472 960/3117/2459
f 217/564/451 220/559/448 225/570/456
f 214/533/428 139/565/452 141/576/462
f 999/3114/2456 1002/3129/2469 963/3135/2475
f 72/567/454 227/577/463 221/568/454
f 1314/4173/3302 1316/4175/3304 1319/4183/3310
f 25/126/109 33/127/110 64/108/95
f 998/3126/2466 1001/3136/2476 1002/3137/2477
f 963/3135/2475 962/3128/2468 996/3108/2452
f 1264/4058/3201 959/4065/3208 953/4067/3210
f 1316/4184/3311 1315/4185/3312 1309/4186/3312
f 339/926/720 338/927/721 337/928/722
f 261/730/578 264/731/578 265/732/578
f 340/929/723 341/930/724 342/931/725
f 258/821/649 330/902/705 267/910/709
f 228/578/464 223/579/465 221/580/466
f 996/3108/2452 999/3114/2456 963/3135/2475
f 340/929/723 335/1083/857 341/930/724
f 222/574/460 223/581/467 229/582/468
f 226/583/469 230/584/469 225/585/469
f 1315/4185/3312 1317/4187/3313 1309/4186/3312
f 389/1094/865 339/1118/884 390/1095/866
f 1041/3321/2609 1051/3323/2611 1046/3299/2595
f 961/3015/2384 962/3016/2387 963/3020/2391
f 1305/4144/3278 1318/4181/3308 1320/4188/3314
f 958/3017/2388 964/3021/2392 960/3022/2393
f 71/586/470 227/587/471 72/588/472
f 1319/4183/3310 1316/4175/3304 1309/4189/3315
f 1270/4064/3207 1264/4058/3201 1268/4062/3205
f 225/570/456 139/565/452 217/564/451
f 342/932/726 341/933/727 336/934/727
f 74/128/111 68/114/99 69/115/100
f 337/935/728 336/934/727 341/933/727
f 1272/4068/3211 1268/4062/3205 1267/4061/3204
f 141/936/729 146/937/730 335/1083/857
f 75/129/112 62/101/90 70/119/102
f 1050/3325/2613 1053/3326/2614 994/3327/2615
f 400/1132/890 401/1133/891 398/1134/892
f 1319/4190/3316 1318/4182/3309 1314/4163/3295
f 958/3017/2388 961/3015/2385 964/3021/2392
f 1005/3138/2478 998/3126/2466 1000/3125/2465
f 61/100/89 70/119/102 62/101/90
f 343/938/731 335/1083/857 146/937/730
f 1321/4191/3317 1308/4154/3286 1312/4161/3293
f 230/589/473 143/590/473 225/591/473
f 68/114/99 74/128/111 70/119/102
f 390/1095/866 339/1118/884 344/1135/893
f 71/681/538 62/592/474 231/593/474
f 1002/3129/2469 964/3139/2479 963/3135/2475
f 989/3281/2583 1003/3328/2616 1043/3282/2583
f 139/565/452 225/570/456 143/594/475
f 1004/4069/3212 1003/4070/3213 985/4071/3214
f 985/3074/2429 990/3090/2442 1004/3133/2473
f 1054/3329/2617 1035/3257/2564 1048/3317/2607
f 396/1110/877 401/1136/894 397/1111/877
f 265/733/579 30/768/608 261/734/580
f 403/1137/895 401/1133/891 400/1132/890
f 981/3292/2590 1052/3324/2612 992/3376/2654
f 29/46/41 33/51/46 25/42/37
f 998/3126/2466 1005/3138/2478 1001/3136/2476
f 343/938/731 341/930/724 335/1083/857
f 1040/3330/2618 406/3331/2618 405/3332/2618
f 964/3161/2480 961/3140/2480 963/3162/2480
f 29/52/47 32/53/48 34/54/48
f 266/735/581 262/721/572 260/716/569
f 76/130/113 73/125/108 64/108/95
f 1004/4069/3212 959/4065/3208 1270/4064/3207
f 222/574/460 229/582/468 226/572/458
f 258/712/565 267/736/582 259/717/570
f 141/936/729 140/939/732 146/937/730
f 1322/4192/3318 1308/4154/3286 1321/4191/3317
f 77/131/114 74/128/111 69/115/100
f 139/297/240 140/298/241 141/299/242
f 227/595/476 84/596/476 221/597/476
f 1308/4154/3286 1322/4192/3318 1311/4193/3319
f 35/55/49 34/54/48 32/53/48
f 1323/4194/3320 1305/4144/3278 1320/4188/3314
f 397/1138/896 401/1139/897 403/1140/898
f 76/130/113 64/108/95 33/127/110
f 404/1141/899 402/1142/900 390/1143/901
f 230/598/477 226/599/477 232/600/477
f 272/911/710 267/910/709 330/902/705
f 1324/4195/3321 1320/4196/3321 1318/4197/3322
f 142/601/478 139/565/452 143/594/475
f 1312/4161/3293 1325/4198/3323 1321/4191/3317
f 341/940/733 339/926/720 337/928/722
f 139/297/240 142/300/243 140/298/241
f 30/47/42 36/56/50 28/45/40
f 1318/4199/3324 1319/4200/3325 1324/4201/3326
f 1326/4202/3327 1312/4239/3360 1327/4203/3328
f 1305/4142/3276 1323/4204/3329 1328/4205/3330
f 1054/3379/2656 1048/3380/2657 1065/3381/2658
f 1051/3333/2619 994/3334/2620 1053/3335/2621
f 1309/4206/3331 1329/4207/3332 1319/4208/3333
f 84/602/479 233/603/480 221/580/466
f 260/723/573 263/722/573 266/737/583
f 32/49/44 31/68/60 35/57/51
f 1270/4064/3207 1268/4062/3205 1272/4068/3211
f 1000/3141/2481 1006/3142/2482 1005/3143/2483
f 1055/3336/2622 1050/3337/2623 995/3338/2624
f 223/604/481 234/605/481 229/606/481
f 1040/3339/2625 417/3340/2625 406/3341/2625
f 228/578/464 104/607/482 223/579/465
f 405/3377/2626 407/3342/2626 1045/3343/2626
f 1269/4166/3298 1305/4142/3276 1328/4205/3330
f 344/941/734 339/942/735 345/943/736
f 230/608/483 232/609/484 106/610/485
f 70/119/102 74/128/111 78/132/115
f 146/944/737 145/945/737 343/946/737
f 144/611/486 230/608/483 106/610/485
f 411/3382/2659 1045/3383/2659 407/3384/2659
f 144/611/486 143/612/487 230/608/483
f 73/186/153 77/133/116 69/187/154
f 263/738/584 259/739/585 267/769/609
f 1269/4166/3298 1328/4205/3330 1271/4209/3334
f 265/733/579 36/740/586 30/768/608
f 226/613/488 229/614/488 232/615/488
f 221/580/466 233/603/480 228/578/464
f 231/593/474 62/592/474 75/616/489
f 1045/3385/2660 1066/3386/2661 1049/3387/2662
f 142/301/244 143/302/244 144/303/244
f 404/1141/899 400/1132/890 402/1142/900
f 1330/4210/3335 1325/4198/3323 1312/4161/3293
f 266/735/581 264/729/577 262/721/572
f 145/304/245 146/305/245 140/306/245
f 78/617/490 74/618/490 79/619/490
f 223/579/465 104/607/482 234/620/491
f 405/1144/902 406/1145/903 407/1146/903
f 1324/4201/3326 1319/4200/3325 1331/4211/3336
f 78/621/492 75/622/492 70/623/493
f 1056/3344/2627 991/3290/2588 1044/3375/2653
f 341/947/738 345/943/736 339/942/735
f 1067/3388/2663 1037/3389/2664 1049/3509/2663
f 328/3100/2448 993/3099/2448 1007/3144/2484
f 1321/4191/3317 1325/4198/3323 1322/4192/3318
f 1007/3145/2485 993/3146/2485 1008/3147/2485
f 1301/4212/3337 1311/4193/3319 1322/4192/3318
f 348/1147/904 397/1138/896 403/1140/898
f 390/1143/901 349/1148/905 404/1141/899
f 1329/4207/3332 1331/4213/3338 1319/4208/3333
f 140/307/246 147/308/247 145/309/248
f 142/310/249 147/308/247 140/307/246
f 1007/3148/2486 995/3149/2486 328/3150/2486
f 74/128/111 77/131/114 79/134/117
f 265/733/579 42/741/587 36/740/586
f 29/135/118 34/136/118 33/137/118
f 265/742/588 264/743/588 266/744/588
f 231/624/494 227/587/471 71/586/470
f 345/943/736 341/947/738 343/948/739
f 1330/4210/3335 1323/4214/3339 1320/4215/3340
f 1272/4068/3211 1267/4061/3204 1271/4066/3209
f 1322/4192/3318 1325/4198/3323 1330/4210/3335
f 267/769/609 268/745/589 263/738/584
f 1037/3390/2665 1067/3391/2666 1047/3392/2666
f 417/3345/2628 1040/3314/2604 1035/3257/2564
f 229/625/495 106/626/496 232/627/497
f 332/1091/862 397/1113/879 333/1149/906
f 408/1150/907 397/1151/907 348/1152/907
f 408/1153/908 333/1149/906 397/1113/879
f 991/3346/2629 1057/3347/2630 1000/3348/2631
f 1275/4216/3341 1327/4203/3328 1043/4217/3342
f 390/1095/866 344/1135/893 349/1154/909
f 268/745/589 266/746/590 263/738/584
f 1058/3349/2632 1050/3325/2613 1059/3350/2633
f 272/911/710 330/902/705 332/909/708
f 272/911/710 332/909/708 333/912/711
f 1270/4064/3207 1273/4072/3215 1004/4069/3212
f 403/1137/895 400/1132/890 409/1155/910
f 1322/4192/3318 1330/4210/3335 1320/4215/3340
f 1320/4196/3321 1324/4195/3321 1332/4218/3343
f 73/186/153 80/138/119 77/133/116
f 1058/3349/2632 1053/3326/2614 1050/3325/2613
f 231/628/498 84/629/499 227/630/500
f 34/188/155 35/139/120 81/140/121
f 1055/3351/2634 1059/3352/2635 1050/3353/2636
f 410/1156/911 411/1157/911 407/1215/911
f 1301/4129/3265 1329/4219/3344 1309/4155/3287
f 235/631/501 228/632/502 233/633/503
f 265/733/579 266/770/610 269/747/591
f 407/1146/903 406/1145/903 412/1158/912
f 82/141/122 83/142/122 84/143/123
f 1060/3354/2637 1051/3333/2619 1053/3335/2621
f 343/949/740 346/950/741 344/951/742
f 1056/3393/2667 1044/3394/2667 1061/3395/2667
f 142/311/250 148/312/251 147/313/252
f 78/634/504 79/635/504 236/636/504
f 1331/4220/3345 1332/4221/3345 1324/4222/3345
f 85/144/124 73/125/108 76/130/113
f 1035/3355/2638 1054/3356/2638 415/3357/2638
f 1035/3257/2564 415/3358/2639 417/3345/2628
f 992/3287/2586 1061/3359/2640 1044/3288/2586
f 28/45/40 36/56/50 37/58/52
f 39/145/125 81/140/121 35/139/120
f 1312/4239/3360 1326/4202/3327 1330/4223/3346
f 411/3396/2668 1066/3386/2661 1045/3385/2660
f 38/59/53 39/60/54 35/57/51
f 42/741/587 265/733/579 269/747/591
f 1333/4224/3347 1329/4219/3344 1301/4129/3265
f 1006/3360/2641 1000/3361/2641 1057/3362/2641
f 1301/4212/3337 1322/4192/3318 1334/4225/3348
f 235/637/505 104/638/506 228/639/507
f 39/61/55 40/62/55 41/63/55
f 1003/4070/3213 1004/4069/3212 1274/4073/3216
f 1049/3397/2669 1066/3398/2669 1068/3399/2669
f 266/770/610 270/748/592 269/747/591
f 1270/4064/3207 1272/4068/3211 1273/4072/3215
f 409/1155/910 400/1132/890 404/1141/899
f 97/640/508 84/629/499 231/628/498
f 38/59/53 35/57/51 31/68/60
f 84/602/479 83/641/509 233/603/480
f 1274/4073/3216 1004/4069/3212 1273/4072/3215
f 344/951/742 345/952/743 343/949/740
f 1320/4226/3349 1334/4227/3350 1322/4228/3351
f 229/625/495 234/620/491 104/607/482
f 1334/4227/3350 1320/4226/3349 1332/4229/3352
f 1329/4230/3353 1333/4231/3353 1331/4232/3353
f 1001/3151/2487 1008/3152/2487 993/3153/2488
f 149/314/253 142/315/253 144/316/254
f 1005/3143/2483 1006/3142/2482 1009/3154/2489
f 992/3400/2670 1052/3401/2671 1069/3402/2672
f 1056/3403/2673 1062/3404/2673 991/3405/2673
f 97/640/508 82/642/510 84/629/499
f 1049/3509/2663 1068/3406/2674 1067/3388/2663
f 148/317/255 142/315/253 149/314/253
f 112/643/511 104/638/506 235/637/505
f 1333/4233/3354 1301/4212/3337 1334/4225/3348
f 79/644/512 77/645/513 91/646/512
f 104/607/482 103/647/514 229/625/495
f 1334/4225/3348 1332/4234/3355 1331/4235/3356
f 80/138/119 73/186/153 86/146/126
f 1070/3407/2675 415/3408/2675 1054/3409/2676
f 1326/4202/3327 1327/4203/3328 1275/4216/3341
f 91/646/512 236/648/515 79/644/512
f 1005/3143/2483 1009/3154/2489 1001/3155/2490
f 348/1147/904 403/1140/898 409/1159/913
f 1003/4070/3213 1275/4074/3217 1043/4075/3218
f 1047/3410/2677 1071/3411/2678 1048/3412/2678
f 39/147/127 41/148/127 87/149/127
f 1323/4204/3329 1330/4223/3346 1328/4205/3330
f 1334/4225/3348 1331/4235/3356 1333/4233/3354
f 348/1160/914 355/1161/914 408/1162/914
f 1058/3363/2642 1060/3354/2637 1053/3335/2621
f 147/318/256 150/319/256 145/320/256
f 412/1163/915 410/1164/916 407/1165/917
f 1060/3364/2643 1046/3299/2595 1051/3323/2611
f 75/622/492 78/621/492 236/649/516
f 76/189/156 33/150/128 34/188/155
f 28/45/40 37/58/52 31/48/43
f 106/321/257 105/322/258 144/451/363
f 346/950/741 343/949/740 145/953/744
f 1052/3324/2612 1046/3299/2595 1060/3364/2643
f 1272/4068/3211 1271/4076/3219 1273/4072/3215
f 346/950/741 347/954/745 344/951/742
f 270/771/611 266/746/590 268/745/589
f 1062/3365/2644 1057/3347/2630 991/3346/2629
f 1065/3381/2658 1070/3413/2679 1054/3379/2656
f 1059/3352/2635 1006/3366/2645 1057/3367/2646
f 348/955/746 349/956/747 344/957/746
f 268/745/589 267/769/609 271/749/593
f 1326/4202/3327 1328/4205/3330 1330/4223/3346
f 1058/3349/2632 1059/3350/2633 1057/3378/2655
f 1274/4073/3216 1275/4074/3217 1003/4070/3213
f 37/58/52 36/56/50 42/64/56
f 88/151/129 87/152/130 41/153/131
f 355/1166/918 348/1167/919 413/1168/920
f 149/323/259 144/451/363 105/322/258
f 350/958/748 347/954/745 346/950/741
f 87/154/132 82/155/132 39/156/132
f 1048/3412/2678 1071/3411/2678 1072/3414/2680
f 85/190/157 76/189/156 34/188/155
f 83/157/133 87/158/134 89/159/135
f 87/160/136 83/142/122 82/141/122
f 90/161/137 91/162/137 77/163/137
f 1063/3368/2647 1059/3352/2635 1055/3351/2634
f 406/1169/921 414/1170/922 412/1171/923
f 77/133/116 80/138/119 90/164/138
f 1271/4236/3357 1328/4205/3330 1276/4237/3358
f 349/1172/924 409/1155/910 404/1141/899
f 39/145/125 82/191/158 81/140/121
f 270/750/594 268/745/589 271/749/593
f 347/959/749 351/960/750 344/961/751
f 415/1173/925 416/1174/925 417/1175/925
f 351/962/752 348/955/746 344/957/746
f 1276/4077/3220 1273/4072/3215 1271/4076/3219
f 352/963/753 348/964/753 351/965/753
f 270/751/595 42/752/595 269/753/595
f 1328/4205/3330 1326/4202/3327 1276/4237/3358
f 1326/4202/3327 1275/4216/3341 1276/4237/3358
f 1047/3392/2666 1067/3391/2666 1071/3415/2681
f 86/146/126 73/186/153 85/190/157
f 415/3416/2682 1073/3417/2682 416/3418/2682
f 409/1176/926 349/1177/926 348/1178/926
f 1276/4077/3220 1274/4073/3216 1273/4072/3215
f 103/647/514 106/626/496 229/625/495
f 352/1179/927 418/1180/928 348/1181/929
f 412/1163/915 414/1182/930 410/1164/916
f 1276/4077/3220 1275/4074/3217 1274/4073/3216
f 417/1183/931 416/1184/932 406/1169/921
f 147/313/252 148/312/251 151/324/260
f 1009/3156/2491 1008/3152/2487 1001/3151/2487
f 1063/3368/2647 1006/3366/2645 1059/3352/2635
f 1074/3419/2683 1052/3401/2671 1060/3420/2684
f 348/1167/919 418/1185/933 413/1168/920
f 1070/3407/2675 1075/3421/2685 415/3408/2675
f 271/749/593 267/769/609 272/754/596
f 1072/3422/2686 1065/3381/2658 1048/3380/2657
f 1007/3369/2648 1055/3336/2622 995/3338/2624
f 150/966/754 346/950/741 145/953/744
f 148/325/261 149/326/261 151/327/261
f 415/3423/2687 1075/3424/2687 1073/3425/2687
f 355/1186/934 333/1149/906 408/1153/908
f 237/650/517 75/651/518 236/652/519
f 1066/3386/2661 411/3396/2668 419/3426/2688
f 89/192/159 101/193/159 83/194/160
f 86/146/126 85/190/157 80/138/119
f 37/69/61 38/59/53 31/68/60
f 150/328/262 147/313/252 151/324/260
f 82/191/158 92/165/139 81/140/121
f 411/1187/935 410/1188/935 419/1189/935
f 75/651/518 237/650/517 231/628/498
f 1058/3427/2689 1074/3428/2690 1060/3429/2691
f 102/195/161 103/196/161 104/197/161
f 97/640/508 231/628/498 237/650/517
f 1069/3402/2672 1061/3510/2750 992/3400/2670
f 271/772/612 37/755/597 42/773/613
f 1076/3430/2692 1072/3431/2692 1071/3432/2692
f 1068/3433/2693 1077/3434/2693 1067/3435/2693
f 272/911/710 333/912/711 273/913/712
f 93/166/140 85/190/157 34/188/155
f 353/967/755 351/960/750 347/959/749
f 92/165/139 34/188/155 81/140/121
f 1069/3402/2672 1052/3401/2671 1074/3419/2683
f 105/322/258 152/329/263 149/323/259
f 1008/3370/2649 1055/3336/2622 1007/3369/2648
f 1062/3511/2694 1058/3436/2694 1057/3437/2694
f 90/167/141 80/138/119 94/168/142
f 153/968/756 346/950/741 150/966/754
f 351/969/757 353/970/758 354/971/759
f 85/190/157 93/166/140 80/138/119
f 105/198/162 106/199/163 103/295/162
f 40/169/143 88/151/129 41/153/131
f 1063/3371/2650 1055/3336/2622 1008/3370/2649
f 38/59/53 43/65/57 39/60/54
f 236/653/520 91/654/521 237/650/517
f 333/972/760 355/973/761 356/974/762
f 150/330/264 151/331/264 153/332/264
f 1062/3438/2695 1056/3439/2695 1061/3440/2695
f 413/1190/936 420/1191/936 355/1192/936
f 39/60/54 43/65/57 40/66/58
f 154/333/265 149/323/259 152/329/263
f 91/654/521 94/655/522 237/650/517
f 271/756/598 42/757/598 270/758/598
f 346/950/741 153/968/756 350/958/748
f 1078/3441/2696 1068/3442/2696 1066/3443/2696
f 1065/3444/2697 1072/3445/2697 1070/3446/2697
f 96/656/523 97/640/508 237/650/517
f 414/1170/922 406/1169/921 416/1184/932
f 271/772/612 272/774/614 273/759/599
f 43/200/164 107/201/164 40/202/164
f 354/971/759 352/1084/858 351/969/757
f 91/170/144 90/167/141 94/168/142
f 235/631/501 233/633/503 238/657/524
f 89/159/135 87/158/134 95/171/145
f 93/166/140 34/188/155 92/165/139
f 82/191/158 96/172/146 92/165/139
f 1064/3372/2651 1063/3371/2650 1008/3370/2649
f 37/755/597 271/772/612 44/760/600
f 347/959/749 350/958/748 353/967/755
f 1075/3447/2698 1070/3448/2699 1079/3449/2700
f 97/173/147 96/172/146 82/191/158
f 149/334/266 154/335/267 151/452/267
f 105/198/162 103/295/162 108/203/165
f 94/168/142 80/138/119 93/166/140
f 1006/3450/2701 1063/3451/2701 1064/3452/2701
f 109/204/166 108/205/167 103/206/166
f 352/1084/858 354/971/759 357/975/763
f 104/658/525 112/659/525 102/660/525
f 1074/3428/2690 1062/3453/2702 1069/3454/2703
f 418/1185/933 420/1193/937 413/1168/920
f 358/976/764 356/977/765 355/978/766
f 88/151/129 98/174/148 87/152/130
f 107/207/168 110/208/169 40/209/169
f 1069/3454/2703 1062/3453/2702 1061/3455/2704
f 156/979/767 153/968/756 151/980/768
f 1079/3449/2700 1070/3448/2699 1072/3456/2705
f 1062/3453/2702 1074/3428/2690 1058/3427/2689
f 1078/3457/2706 1077/3458/2707 1068/3459/2708
f 95/171/145 87/158/134 98/175/149
f 1009/3460/2709 1006/3461/2709 1064/3462/2709
f 96/172/146 93/166/140 92/165/139
f 44/67/59 38/59/53 37/69/61
f 350/958/748 359/981/769 353/967/755
f 94/655/522 96/656/523 237/650/517
f 108/336/268 152/329/263 105/322/258
f 1080/3463/2710 1076/3464/2711 1071/3465/2712
f 359/982/770 360/983/771 353/984/772
f 410/3466/2713 421/3467/2714 419/3512/2751
f 421/1194/938 410/1164/916 414/1182/930
f 156/979/767 359/981/769 153/968/756
f 350/958/748 153/968/756 359/981/769
f 99/176/150 88/177/150 40/178/150
f 93/166/140 96/172/146 94/168/142
f 38/210/170 111/211/171 43/212/172
f 83/661/526 238/662/526 233/663/526
f 356/974/762 273/985/773 333/972/760
f 271/772/612 273/759/599 274/761/601
f 108/337/269 155/338/270 152/339/271
f 112/213/173 113/214/174 102/215/175
f 83/664/527 101/665/528 238/666/528
f 102/216/176 114/217/177 103/218/178
f 358/1195/939 355/1196/940 420/1197/939
f 115/219/179 101/193/159 89/192/159
f 154/335/267 156/340/272 151/452/267
f 419/3426/2688 1078/3468/2715 1066/3386/2661
f 371/1198/941 352/1179/927 357/1199/942
f 95/220/180 115/221/180 89/222/181
f 352/1179/927 371/1198/941 418/1180/928
f 108/337/269 109/341/273 155/338/270
f 1008/3469/2716 1009/3470/2716 1064/3471/2716
f 1071/3472/2717 1067/3473/2718 1080/3474/2719
f 99/223/182 40/209/169 110/208/169
f 354/986/774 353/987/775 361/988/776
f 156/342/274 154/343/275 157/344/276
f 44/224/183 111/211/171 38/210/170
f 274/989/777 356/974/762 362/990/778
f 356/974/762 274/989/777 273/985/773
f 44/760/600 271/772/612 274/761/601
f 363/991/779 156/992/780 157/993/781
f 358/976/764 364/994/782 356/977/765
f 235/637/505 128/667/529 112/643/511
f 157/344/276 154/343/275 152/345/277
f 365/995/783 361/996/784 353/997/785
f 1076/3475/2720 1081/3476/2721 1072/3456/2705
f 113/214/174 114/225/184 102/215/175
f 116/226/185 117/227/186 115/228/187
f 116/229/188 110/230/188 107/231/188
f 1078/3457/2706 1067/3473/2718 1077/3458/2707
f 120/998/786 274/989/777 362/990/778
f 43/232/189 118/233/190 107/234/191
f 114/225/184 113/214/174 119/235/192
f 422/1200/943 421/1194/938 414/1182/930
f 88/179/151 99/180/151 98/181/151
f 158/346/278 121/347/278 120/348/278
f 156/999/787 366/1000/788 359/1001/789
f 120/236/193 121/237/193 111/238/193
f 420/1201/944 418/1180/928 371/1198/941
f 95/182/152 98/183/152 100/184/152
f 112/682/530 128/668/530 113/669/530
f 1081/3477/2722 1076/3464/2711 1080/3463/2710
f 44/224/183 120/239/194 111/211/171
f 362/1002/790 356/1003/790 364/1004/790
f 120/998/786 44/1005/791 274/989/777
f 357/1006/792 354/986/774 361/988/776
f 422/1202/945 414/1203/945 416/1204/945
f 120/349/279 159/350/279 158/351/279
f 122/240/195 115/221/180 95/220/180
f 101/665/528 132/670/531 238/666/528
f 98/241/196 99/242/196 100/243/196
f 123/244/197 114/225/184 119/235/192
f 1082/3478/2723 1075/3447/2698 1079/3449/2700
f 124/245/198 117/227/186 116/226/185
f 122/246/199 116/247/200 115/248/201
f 159/1007/793 120/1008/794 362/1009/795
f 100/249/202 122/250/202 95/251/202
f 117/252/203 123/244/197 125/253/204
f 1079/3449/2700 1072/3456/2705 1081/3476/2721
f 116/247/200 122/246/199 110/254/205
f 363/1010/796 366/1011/797 156/1012/798
f 420/1201/944 371/1198/941 423/1205/946
f 126/255/206 43/256/206 111/257/207
f 238/671/532 132/672/533 235/673/533
f 114/217/177 127/258/208 103/218/178
f 101/259/209 115/260/209 117/261/209
f 128/674/534 235/675/534 135/676/534
f 128/262/210 119/235/192 113/214/174
f 152/339/271 155/338/270 157/352/280
f 420/1197/939 375/1206/947 358/1195/939
f 109/204/166 103/206/166 127/263/211
f 129/264/212 111/296/212 121/265/212
f 361/988/776 367/1013/799 357/1006/792
f 116/266/213 107/267/214 130/268/215
f 126/255/206 118/269/216 43/256/206
f 364/1014/800 368/1015/800 362/1016/801
f 122/246/199 100/270/217 99/271/218
f 110/254/205 122/246/199 99/271/218
f 117/272/219 125/273/220 131/274/221
f 369/1017/802 362/1009/795 368/1018/803
f 361/988/776 368/1019/804 367/1013/799
f 135/677/535 235/673/533 132/672/533
f 119/235/192 125/253/204 123/244/197
f 119/235/192 131/275/222 125/253/204
f 420/1207/948 423/1208/949 375/1209/949
f 129/353/281 126/354/282 111/355/283
f 132/276/223 101/277/224 133/278/225
f 130/279/226 124/280/226 116/281/226
f 361/996/784 365/995/783 370/1020/805
f 416/3479/2724 1073/3480/2725 422/3481/2726
f 135/678/536 119/679/536 128/683/536
f 1081/3477/2722 1080/3463/2710 1083/3482/2727
f 357/1006/792 367/1013/799 371/1021/806
f 159/1007/793 362/1009/795 369/1017/802
f 361/1022/807 372/1023/808 368/1024/809
f 373/1025/810 364/994/782 358/976/764
f 364/1014/800 374/1026/811 368/1015/800
f 423/1208/949 378/1210/950 375/1209/949
f 160/356/284 109/453/364 161/357/285
f 370/1027/812 372/1023/808 361/1022/807
f 117/272/219 133/278/225 101/277/224
f 124/282/227 130/268/215 107/267/214
f 358/976/764 375/1028/813 373/1025/810
f 114/217/177 134/283/228 127/258/208
f 155/338/270 109/341/273 157/358/286
f 117/272/219 131/274/221 133/278/225
f 371/1211/951 378/1212/951 423/1213/952
f 378/1212/951 371/1211/951 367/1214/953
f 1081/3476/2721 1083/3483/2728 1079/3449/2700
f 1075/3447/2698 1082/3478/2723 1073/3484/2729
f 135/284/229 132/285/230 133/286/231
f 422/3485/2730 1084/3486/2731 421/3467/2714
f 366/1000/788 360/1029/814 359/1001/789
f 131/275/222 119/235/192 135/284/229
f 135/284/229 133/286/231 131/275/222
f 1080/3474/2719 1067/3473/2718 1078/3457/2706
f 364/994/782 373/1025/810 374/1030/815
f 129/359/287 121/360/288 158/361/287
f 366/1000/788 376/1031/816 360/1029/814
f 134/287/232 114/288/233 123/289/234
f 1085/3487/2732 422/3481/2726 1073/3480/2725
f 136/290/235 107/234/191 118/233/190
f 369/1017/802 377/1032/817 159/1007/793
f 367/1013/799 368/1019/804 374/1033/818
f 124/245/198 137/291/236 117/227/186
f 375/1034/819 378/1035/820 379/1036/821
f 379/1036/821 374/1085/859 373/1086/860
f 1084/3486/2731 419/3512/2751 421/3467/2714
f 379/1036/821 373/1086/860 375/1034/819
f 159/1007/793 380/1037/822 162/1038/823
f 378/1039/824 367/1013/799 379/1040/825
f 123/289/234 117/292/237 137/293/238
f 379/1040/825 367/1013/799 374/1033/818
f 162/362/289 158/363/289 159/454/289
f 129/359/287 158/361/287 162/364/290
f 377/1032/817 380/1037/822 159/1007/793
f 381/1041/826 353/984/772 360/983/771
f 124/365/291 163/366/292 164/367/293
f 109/341/273 165/368/294 157/358/286
f 137/369/295 124/370/296 164/371/297
f 1078/3488/2733 419/3512/2751 1084/3486/2731
f 363/1010/796 376/1042/827 366/1011/797
f 353/984/772 381/1041/826 365/1043/828
f 1082/3478/2723 1079/3449/2700 1083/3483/2728
f 109/453/364 160/356/284 165/372/298
f 109/453/364 127/373/299 161/357/285
f 138/374/300 107/375/301 136/376/302
f 137/293/238 134/287/232 123/289/234
f 1078/3457/2706 1083/3489/2734 1080/3474/2719
f 166/377/303 157/378/303 165/379/303
f 365/995/783 381/1044/829 370/1020/805
f 372/1045/830 369/1017/802 368/1018/803
f 1084/3486/2731 422/3481/2726 1085/3487/2732
f 1083/3489/2734 1078/3457/2706 1086/3490/2735
f 1082/3478/2723 1085/3491/2736 1073/3484/2729
f 138/374/300 163/380/304 124/381/305
f 1084/3486/2731 1085/3487/2732 1087/3492/2737
f 377/1032/817 369/1017/802 372/1045/830
f 382/1046/831 363/991/779 175/1047/832
f 175/1047/832 363/991/779 157/993/781
f 136/382/306 118/383/307 126/354/282
f 137/384/308 167/385/309 134/386/310
f 363/991/779 382/1046/831 376/1048/833
f 168/387/311 161/388/311 127/389/312
f 1086/3493/2738 1088/3494/2738 1083/3495/2738
f 160/356/284 161/357/285 165/372/298
f 169/390/313 166/391/314 165/392/315
f 360/1029/814 376/1031/816 383/1049/834
f 163/380/304 138/374/300 169/393/316
f 163/366/292 169/394/317 164/367/293
f 134/395/318 168/396/318 127/397/318
f 165/392/315 164/398/319 169/390/313
f 1084/3486/2731 1089/3496/2739 1078/3488/2733
f 166/399/320 169/400/321 170/401/322
f 377/1050/835 384/1051/835 380/1052/835
f 107/267/214 138/294/239 124/282/227
f 164/371/297 167/402/323 137/369/295
f 1082/3478/2723 1083/3483/2728 1088/3497/2740
f 166/403/324 171/404/324 157/405/324
f 167/385/309 168/406/325 134/386/310
f 170/401/322 171/407/326 166/399/320
f 172/408/327 126/354/282 129/353/281
f 382/1046/831 383/1053/836 376/1048/833
f 382/1054/837 175/1055/837 177/1056/837
f 161/409/328 164/410/329 165/411/330
f 372/1045/830 384/1057/838 377/1032/817
f 1078/3457/2706 1089/3498/2741 1086/3490/2735
f 360/983/771 383/1058/839 381/1041/826
f 1088/3499/2742 1085/3500/2742 1082/3501/2742
f 380/1037/822 384/1059/840 162/1038/823
f 161/409/328 173/412/331 164/410/329
f 372/1023/808 370/1027/812 385/1060/841
f 1084/3486/2731 1087/3492/2737 1090/3502/2743
f 161/388/311 168/387/311 174/413/332
f 383/1061/842 382/1062/842 177/1063/842
f 162/414/333 172/408/327 129/353/281
f 162/1038/823 384/1059/840 180/1064/843
f 1090/3502/2743 1089/3496/2739 1084/3486/2731
f 172/408/327 136/382/306 126/354/282
f 171/407/326 170/401/322 169/400/321
f 1088/3503/2744 1087/3504/2745 1085/3505/2746
f 385/1065/844 370/1020/805 381/1044/829
f 168/406/325 167/385/309 174/415/334
f 383/1066/845 177/1067/846 385/1068/847
f 175/416/335 176/417/336 177/418/337
f 157/455/365 178/419/338 175/420/339
f 173/412/331 161/409/328 174/421/340
f 167/402/323 164/371/297 173/422/341
f 381/1044/829 383/1069/848 385/1065/844
f 173/423/342 174/424/342 167/425/342
f 1087/3504/2745 1088/3503/2744 1090/3506/2747
f 372/1070/849 385/1071/850 384/1072/851
f 384/1073/852 177/1087/852 176/1074/852
f 384/1075/853 386/1076/853 177/1077/853
f 180/1078/854 384/1079/854 176/1080/854
f 1089/3496/2739 1090/3502/2743 1086/3507/2748
f 177/1067/846 386/1081/855 385/1068/847
f 1090/3506/2747 1088/3503/2744 1086/3508/2749
f 386/1082/856 384/1072/851 385/1071/850
f 171/426/343 169/393/316 179/427/344
f 169/393/316 138/374/300 179/427/344
f 178/419/338 157/455/365 171/428/345
f 162/456/346 180/429/346 181/430/346
f 162/414/333 181/431/347 172/408/327
f 181/432/348 136/433/349 172/434/350
f 182/435/351 136/433/349 181/432/348
f 180/436/352 176/417/336 183/437/353
f 182/438/354 138/374/300 136/376/302
f 176/417/336 175/416/335 178/439/355
f 176/417/336 178/439/355 183/437/353
f 138/374/300 182/438/354 179/427/344
f 181/432/348 180/436/352 183/437/353
f 171/428/345 184/440/356 178/419/338
f 183/437/353 178/439/355 184/441/357
f 181/432/348 183/437/353 185/442/358
f 171/426/343 179/427/344 184/443/359
f 184/441/357 185/444/360 183/437/353
f 182/435/351 181/432/348 185/442/358
f 179/445/361 182/446/361 184/447/361
f 184/448/362 182/449/362 185/450/362
