o tmplft88qi0ply
v -0.7159047722816467 0.4124850332736969 -0.13155916333198547
v -0.6766448020935059 0.3649793863296509 -0.10315697640180588
v -0.7085908055305481 0.4064038395881653 -0.09179102629423141
v -0.7007508277893066 0.43173086643218994 -0.11633089929819107
v -0.6983029842376709 0.41578251123428345 -0.14094221591949463
v -0.6841445565223694 0.37648946046829224 -0.12002493441104889
v -0.6685439348220825 0.40671613812446594 -0.023111365735530853
v -0.6819060444831848 0.4231812655925751 -0.06515378504991531
v -0.6158308386802673 0.42027780413627625 -0.06896281242370605
v -0.6395768523216248 0.36300399899482727 -0.0052443575114011765
v -0.6067692041397095 0.4335002303123474 -0.05341160297393799
v -0.6647476553916931 0.3746369183063507 -0.09994406253099442
v -0.6152626276016235 0.34681326150894165 -0.03733174875378609
v -0.6368135213851929 0.3117675483226776 -0.07513689994812012
v -0.6220346093177795 0.2964519262313843 -0.07071813195943832
v -0.6224313378334045 0.29370835423469543 -0.05210435763001442
v -0.6144641637802124 0.39554324746131897 0.061399899423122406
v -0.6150574088096619 0.23828406631946564 -0.04732121154665947
v -0.5811235904693604 0.34554409980773926 -0.022305971011519432
v -0.5679893493652344 0.43386244773864746 0.03411742299795151
v -0.6021993160247803 0.14719857275485992 -0.021222341805696487
v -0.6175828576087952 0.1749114990234375 -0.05297085642814636
v -0.6111559271812439 0.1428929567337036 -0.08411466330289841
v -0.6097832322120667 0.18918149173259735 -0.056752704083919525
v -0.6091480851173401 0.2629542350769043 -0.055424291640520096
v -0.5947522521018982 -0.35032686591148376 -0.17742395401000977
v -0.5807866454124451 -0.3379381597042084 -0.1468237042427063
v -0.6122390627861023 -0.33304545283317566 -0.1601577252149582
v -0.5984325408935547 -0.3221806585788727 -0.17145155370235443
v -0.5941976308822632 0.12878459692001343 -0.06866157054901123
v -0.5856829881668091 0.21501794457435608 0.027344373986124992
v -0.5757434368133545 0.24232465028762817 -0.0021336148492991924
v -0.5808546543121338 0.3512057960033417 0.059156130999326706
v -0.6138064861297607 0.5050496459007263 -0.10918235033750534
v -0.5961883664131165 0.5205603241920471 -0.1199798434972763
v -0.6064184904098511 0.506073534488678 -0.12783469259738922
v -0.6033387780189514 0.5256755948066711 -0.08342574536800385
v -0.5919002890586853 -0.6877700686454773 -0.6936207413673401
v -0.5950638055801392 -0.6454514265060425 -0.7079556584358215
v -0.5889723300933838 -0.6464197635650635 -0.7469545602798462
v -0.585698664188385 -0.2794311046600342 -0.11237242817878723
v -0.5794623494148254 -0.25747886300086975 -0.13095302879810333
v -0.5644557476043701 0.19713334739208221 0.05732457712292671
v -0.497070848941803 0.33878159523010254 0.07013800740242004
v -0.5877814292907715 0.452208548784256 -0.06876854598522186
v -0.5420907139778137 0.49901261925697327 0.03550830855965614
v -0.5674693584442139 -0.7002410292625427 -0.724290668964386
v -0.5797650218009949 -0.6989793181419373 -0.5965707898139954
v -0.5974256992340088 -0.6396100521087646 -0.6226841807365417
v -0.5811599493026733 -0.6819072961807251 -0.6443653702735901
v -0.5705434679985046 -0.22417709231376648 -0.08979712426662445
v -0.5516977906227112 0.25846314430236816 -0.0020372658036649227
v -0.4593724310398102 0.3939719498157501 0.013338252902030945
v -0.5785502791404724 0.4749114513397217 -0.06606446951627731
v -0.5563833117485046 0.5557824969291687 -0.0458843857049942
v -0.566161036491394 -0.6920052170753479 -0.5619427561759949
v -0.5723602771759033 -0.6212490200996399 -0.7016754746437073
v -0.5736799836158752 -0.6320629715919495 -0.7491610050201416
v -0.576891303062439 -0.6220131516456604 -0.629478394985199
v -0.574103593826294 -0.5739212036132812 -0.6922917366027832
v -0.5687627196311951 -0.2742483615875244 -0.13851101696491241
v -0.5368103384971619 0.15375517308712006 -0.013109655119478703
v -0.5491974949836731 0.1800706833600998 0.0519246868789196
v -0.5587363243103027 0.15599144995212555 -0.04668355733156204
v -0.5432621836662292 0.40506070852279663 0.13941073417663574
v -0.5373979806900024 0.4405379891395569 -0.010232221335172653
v -0.5604494214057922 0.4928138256072998 -0.09034451842308044
v -0.5477756857872009 0.5447418689727783 0.011769261211156845
v -0.5609253644943237 -0.7365136742591858 -0.6532297134399414
v -0.5370388627052307 -0.663723349571228 -0.5419780611991882
v -0.5635764598846436 -0.5351229310035706 -0.685408890247345
v -0.5619558691978455 -0.33230456709861755 -0.14273683726787567
v -0.5663777589797974 -0.2935630977153778 -0.11987189948558807
v -0.49528196454048157 0.5488066673278809 -0.041905295103788376
v -0.5197543501853943 -0.6800042390823364 -0.7424046993255615
v -0.5569382309913635 -0.5533230900764465 -0.7077991366386414
v -0.5484620928764343 -0.20647916197776794 -0.100894033908844
v -0.5346181988716125 0.283903032541275 0.08201746642589569
v -0.4931839406490326 0.42467397451400757 0.001113279489800334
v -0.524125337600708 0.44680389761924744 0.011303390376269817
v -0.5217276811599731 -0.7579268217086792 -0.5296226739883423
v -0.5469136238098145 -0.6197733283042908 -0.718372106552124
v -0.5330685973167419 -0.543190062046051 -0.6298586130142212
v -0.5566478967666626 -0.32861676812171936 -0.12835693359375
v -0.5457828044891357 -0.32041609287261963 -0.1321800798177719
v -0.46345028281211853 -0.1745825558900833 -0.012937044724822044
v -0.5258974432945251 0.4993187189102173 -0.08027586340904236
v -0.506951093673706 -0.32432353496551514 -0.09668093919754028
v -0.5316306352615356 -0.23650307953357697 -0.09028507024049759
v -0.5399153828620911 -0.17000053822994232 -0.04446756839752197
v -0.497872531414032 0.3371277153491974 0.0509263314306736
v -0.5199889540672302 0.36590927839279175 0.12262573838233948
v -0.48324477672576904 0.4689897298812866 0.09835217148065567
v -0.5057442784309387 -0.7804884910583496 -0.6228732466697693
v -0.5300034284591675 -0.7263582944869995 -0.5160940885543823
v -0.5123417973518372 -0.6151465177536011 -0.555431067943573
v -0.5034286379814148 -0.5623676776885986 -0.6954307556152344
v -0.49649855494499207 -0.5224268436431885 -0.6499603986740112
v -0.518497109413147 -0.15039999783039093 -0.05796024203300476
v -0.5022551417350769 0.1626254916191101 0.022190744057297707
v -0.5116550922393799 0.2343551069498062 -0.021800147369503975
v -0.504166305065155 -0.7858536839485168 -0.5619345903396606
v -0.5416229963302612 -0.6234902739524841 -0.5267990827560425
v -0.526643693447113 -0.7315127849578857 -0.47939324378967285
v -0.4973256289958954 -0.637242317199707 -0.7115383148193359
v -0.5313642621040344 -0.606404185295105 -0.5301022529602051
v -0.4988377094268799 -0.31938862800598145 -0.10066070407629013
v -0.4668648838996887 -0.1322852224111557 -0.04326881095767021
v -0.5117791295051575 -0.18306918442249298 -0.02225380949676037
v -0.5300270915031433 0.12524554133415222 0.04651428386569023
v -0.5212047696113586 0.0703853890299797 -0.044239480048418045
v -0.5329667925834656 0.038925085216760635 0.0014441907405853271
v -0.49379634857177734 0.18969286978244781 0.07352001219987869
v -0.4759520888328552 0.3065859377384186 0.13973771035671234
v -0.5080873966217041 0.453878253698349 0.057891570031642914
v -0.47504353523254395 -0.7552987337112427 -0.6705037355422974
v -0.5074024796485901 -0.7177211046218872 -0.43150368332862854
v -0.5201576948165894 0.020617017522454262 -0.046057697385549545
v -0.502609133720398 0.11513224244117737 0.10326768457889557
v -0.5174370408058167 0.5038636326789856 -0.1707390397787094
v -0.5302769541740417 0.5205569267272949 -0.23068667948246002
v -0.5245943665504456 0.5006343722343445 -0.24569541215896606
v -0.5049702525138855 -0.6602036356925964 -0.4643956422805786
v -0.4905342757701874 -0.5699512958526611 -0.5856819748878479
v -0.4947440028190613 -0.11653676629066467 -0.0029611317440867424
v -0.49002254009246826 0.009878622367978096 -0.0727686733007431
v -0.4687797725200653 0.4421890676021576 0.18724684417247772
v -0.4431484043598175 0.4866429269313812 0.1548590362071991
v -0.5107688903808594 0.4810291528701782 -0.2302178591489792
v -0.4665295481681824 0.5063173174858093 -0.05279326066374779
v -0.4755563735961914 0.538475513458252 0.08028154820203781
v -0.5006376504898071 0.5628571510314941 -0.013516535982489586
v -0.518394947052002 0.7316474318504333 -0.061712492257356644
v -0.5047166347503662 0.5859535932540894 0.1028255820274353
v -0.5252734422683716 0.72892826795578 -0.01592828333377838
v -0.4995337724685669 -0.799232542514801 -0.477049320936203
v -0.5008264780044556 -0.15331874787807465 0.0005801827646791935
v -0.4869415760040283 -0.005417324136942625 -0.051442451775074005
v -0.5062652826309204 0.16655535995960236 0.09510253369808197
v -0.5167539119720459 0.2795903980731964 -0.24245533347129822
v -0.4922361373901367 0.30716612935066223 -0.24644820392131805
v -0.5021093487739563 0.26952677965164185 -0.25374892354011536
v -0.5099347829818726 0.31740352511405945 -0.22010871767997742
v -0.5124164819717407 0.3123602569103241 -0.19771841168403625
v -0.46322691440582275 0.5264390707015991 -0.22749489545822144
v -0.4798394739627838 0.545924723148346 -0.1291911005973816
v -0.5058810710906982 0.7147053480148315 0.03296801075339317
v -0.4553077816963196 -0.8410329222679138 -0.5037818551063538
v -0.4881690442562103 -0.7809111475944519 -0.41167357563972473
v -0.4720590114593506 -0.6543108820915222 -0.4652518332004547
v -0.4674053192138672 -0.17494086921215057 -0.029836799949407578
v -0.48036107420921326 0.007497176993638277 -0.008439109660685062
v -0.4698404371738434 0.34985876083374023 0.12329761683940887
v -0.47859933972358704 0.4045141041278839 0.17253006994724274
v -0.48457103967666626 0.45472609996795654 -0.12691238522529602
v -0.4844592213630676 0.5501223802566528 -0.20204271376132965
v -0.4799937903881073 0.5623576045036316 0.048576720058918
v -0.4874590337276459 0.6176491379737854 0.13606715202331543
v -0.4874265789985657 0.7672284841537476 -0.041063595563173294
v -0.4337233006954193 -0.7844095230102539 -0.6148287653923035
v -0.459952712059021 -0.09659998118877411 -0.013187010772526264
v -0.45536094903945923 0.18777304887771606 0.0254443921148777
v -0.4373851418495178 0.29786261916160583 -0.0036310534924268723
v -0.4771316349506378 0.3011496067047119 -0.09905954450368881
v -0.4538491368293762 0.32959282398223877 0.012181106023490429
v -0.49555301666259766 0.3618779480457306 -0.10389135032892227
v -0.48535263538360596 0.3694218397140503 -0.13323013484477997
v -0.4713420867919922 0.47293874621391296 -0.049067623913288116
v -0.4893099367618561 0.5455359220504761 0.11308276653289795
v -0.47966617345809937 0.5594362020492554 0.14773526787757874
v -0.4768102169036865 0.7490378618240356 -0.07789124548435211
v -0.4827234745025635 0.6953336000442505 -0.05705982819199562
v -0.4745028018951416 0.7294671535491943 0.036509498953819275
v -0.4762204587459564 -0.7932323813438416 -0.5987551212310791
v -0.46984755992889404 -0.7090546488761902 -0.6932185888290405
v -0.45537158846855164 -0.6441975831985474 -0.5032801628112793
v -0.4432629644870758 -0.5752173066139221 -0.5331476330757141
v -0.46779391169548035 -0.33447960019111633 -0.08323860913515091
v -0.45320525765419006 -0.10486248135566711 0.04547577351331711
v -0.4405752718448639 0.10504559427499771 -0.0270039364695549
v -0.46906018257141113 0.1894073635339737 0.14819084107875824
v -0.46658411622047424 0.2514978051185608 0.1283465474843979
v -0.4897131025791168 0.31940793991088867 0.21359239518642426
v -0.47852179408073425 0.16430510580539703 0.22127395868301392
v -0.4812370836734772 0.28034836053848267 0.29088902473449707
v -0.48199814558029175 0.37899190187454224 0.2994479537010193
v -0.47099068760871887 0.36624476313591003 -0.02027917467057705
v -0.46772879362106323 0.4462622404098511 0.3124188482761383
v -0.446738064289093 0.4903639853000641 0.11640937626361847
v -0.46054473519325256 0.5705390572547913 0.03471718728542328
v -0.45278817415237427 0.6467450261116028 0.13634736835956573
v -0.4362589418888092 -0.8551650643348694 -0.412509024143219
v -0.42514947056770325 -0.7758876085281372 -0.3004658818244934
v -0.4278123676776886 -0.6933122277259827 -0.3599840998649597
v -0.4244953691959381 -0.7434961199760437 -0.3065212368965149
v -0.4315883219242096 -0.6905519962310791 -0.6943468451499939
v -0.46901774406433105 -0.5586262345314026 -0.615664005279541
v -0.4662569761276245 -0.15150637924671173 0.02091004140675068
v -0.41562628746032715 0.08320948481559753 0.10273152589797974
v -0.45914357900619507 0.21637402474880219 0.10774552077054977
v -0.4580434560775757 0.305051326751709 -0.2256101369857788
v -0.4486047625541687 0.387320876121521 0.3841991424560547
v -0.44650691747665405 0.36102667450904846 0.045049071311950684
v -0.43353524804115295 0.42295435070991516 0.0025211984757333994
v -0.4841698706150055 0.4814818799495697 -0.23257693648338318
v -0.43812209367752075 0.5269251465797424 -0.025837164372205734
v -0.46138542890548706 0.7594547867774963 -0.05008627101778984
v -0.43690332770347595 -0.8028091192245483 -0.3312644064426422
v -0.41845718026161194 -0.6723461151123047 -0.3952694237232208
v -0.41997918486595154 -0.6636658906936646 -0.6664562821388245
v -0.453531950712204 -0.3579009771347046 -0.0678873136639595
v -0.4193919003009796 -0.07106911391019821 0.05272044986486435
v -0.4576764404773712 0.08427534997463226 0.24875018000602722
v -0.4697634279727936 0.13324177265167236 0.29634377360343933
v -0.4532673954963684 0.12194745242595673 0.1374068558216095
v -0.40123456716537476 0.2942075729370117 -0.1108400821685791
v -0.4449964165687561 0.5652108788490295 -0.13307282328605652
v -0.41282522678375244 0.5497886538505554 0.031223192811012268
v -0.42017611861228943 0.548961877822876 0.20602162182331085
v -0.41259336471557617 0.6939345598220825 0.0831616073846817
v -0.42383354902267456 -0.6290194392204285 -0.646808922290802
v -0.4015341103076935 -0.266048401594162 -0.015157773159444332
v -0.42147186398506165 0.2389611303806305 0.0047776480205357075
v -0.42287707328796387 0.31727394461631775 0.40092578530311584
v -0.4422696530818939 0.4139939844608307 -0.07190292328596115
v -0.4407458007335663 0.5208702683448792 0.2774794101715088
v -0.40902987122535706 -0.5560158491134644 -0.5528388619422913
v -0.4148026406764984 -0.22952978312969208 -0.0016496562166139483
v -0.4184991121292114 0.06751636415719986 -0.011353900656104088
v -0.4164900481700897 0.2882131040096283 -0.06847428530454636
v -0.4098586440086365 0.4113691449165344 -0.09810860455036163
v -0.44059139490127563 0.5040962100028992 0.18070167303085327
v -0.4347895681858063 0.5531938672065735 -0.06677202880382538
v -0.42594560980796814 0.5599287748336792 -0.1514463871717453
v -0.4507618844509125 0.751155436038971 0.10412776470184326
v -0.4589332044124603 0.8380395174026489 0.062082428485155106
v -0.44745567440986633 0.8286759853363037 0.02671770192682743
v -0.4467737078666687 0.7679494619369507 0.13380657136440277
v -0.4014453887939453 -0.8474746942520142 -0.3231867253780365
v -0.42670997977256775 -0.6528130769729614 -0.477900892496109
v -0.42661020159721375 -0.30019411444664 -0.027530312538146973
v -0.4075126051902771 -0.18523098528385162 0.004115013871341944
v -0.4330464005470276 -0.16500408947467804 0.0026923217810690403
v -0.4146469235420227 -0.11981429904699326 -0.006658610422164202
v -0.4095085561275482 0.04841185361146927 0.3649507761001587
v -0.4275112748146057 0.09931369125843048 0.38975533843040466
v -0.4526926577091217 0.1507832109928131 -0.225357785820961
v -0.4417414963245392 0.1747460961341858 -0.15615719556808472
v -0.4468398690223694 0.2065904587507248 -0.15375155210494995
v -0.42708340287208557 0.15472544729709625 0.4033920168876648
v -0.44890108704566956 0.17076002061367035 -0.23109771311283112
v -0.44546541571617126 0.21745708584785461 -0.09919582307338715
v -0.41665446758270264 0.2776086628437042 -0.009481340646743774
v -0.3944454491138458 0.5796216726303101 0.0018624033546075225
v -0.4292566180229187 0.6267166137695312 -0.18365460634231567
v -0.4595673978328705 0.6525495052337646 -0.1814747154712677
v -0.44220486283302307 0.6588969826698303 -0.21706965565681458
v -0.43232351541519165 0.6842334270477295 -0.1640840619802475
v -0.4355320632457733 0.774070143699646 0.03788696974515915
v -0.43174585700035095 0.8875939846038818 0.11218678206205368
v -0.43085238337516785 0.8957363963127136 0.014368807896971703
v -0.40102168917655945 -0.8378777503967285 -0.5452456474304199
v -0.41919028759002686 -0.7332190275192261 -0.6606237888336182
v -0.4211328327655792 -0.39608728885650635 -0.05072634294629097
v -0.40726131200790405 -0.1420905441045761 0.046142179518938065
v -0.41446614265441895 0.05021508038043976 0.1525379717350006
v -0.4175522029399872 0.16243137419223785 -0.2165241688489914
v -0.42193931341171265 0.1546456664800644 -0.19958288967609406
v -0.42010051012039185 0.16179108619689941 -0.002219230169430375
v -0.40217190980911255 0.20929035544395447 0.03802010416984558
v -0.4132196605205536 0.23020492494106293 0.3993101716041565
v -0.42153802514076233 0.24357593059539795 -0.13670344650745392
v -0.40542230010032654 0.3241533935070038 -0.16031299531459808
v -0.41533803939819336 0.5143179297447205 0.38778284192085266
v -0.43552061915397644 0.6421169638633728 -0.11149255931377411
v -0.4054770767688751 0.6961950063705444 -0.007176157087087631
v -0.41040390729904175 0.9311452507972717 0.08934803307056427
v -0.3961133658885956 -0.8654200434684753 -0.4877074956893921
v -0.42769861221313477 -0.3930493891239166 -0.042139194905757904
v -0.40286779403686523 0.02062680758535862 0.28051963448524475
v -0.42118939757347107 0.11053183674812317 -0.051599498838186264
v -0.44115909934043884 0.13535770773887634 -0.08063933253288269
v -0.4203290641307831 0.0697447657585144 -0.15105405449867249
v -0.41814473271369934 0.17347946763038635 -0.08477653563022614
v -0.4253823757171631 0.1987389475107193 -0.0352909155189991
v -0.3761271834373474 0.4898981750011444 -0.16429798305034637
v -0.4173112213611603 0.67215496301651 -0.2091982215642929
v -0.416278213262558 0.6481286287307739 -0.21398426592350006
v -0.3896043598651886 0.6314112544059753 -0.012073004618287086
v -0.39776885509490967 0.6295507550239563 0.15747646987438202
v -0.4217207431793213 0.6903577446937561 0.14600875973701477
v -0.4219447076320648 0.8028217554092407 0.009753048419952393
v -0.4045245945453644 0.7280275225639343 0.2149561047554016
v -0.41541624069213867 0.8761495351791382 -0.011786474846303463
v -0.3958161175251007 -0.6525883674621582 -0.49448156356811523
v -0.41722649335861206 -0.2514529228210449 0.01741851307451725
v -0.3858983814716339 -0.10972965508699417 0.09763987362384796
v -0.38393738865852356 -0.0740092471241951 0.03330425173044205
v -0.3840365707874298 0.0627356469631195 0.06081492826342583
v -0.4036533832550049 0.12137561291456223 -0.006743264850229025
v -0.4100547134876251 0.11895991116762161 -0.15450385212898254
v -0.4155055582523346 0.10267813503742218 0.45322808623313904
v -0.42795616388320923 0.13030502200126648 0.43214741349220276
v -0.40713709592819214 0.16900919377803802 -0.11315808445215225
v -0.4173892140388489 0.18708106875419617 -0.21196776628494263
v -0.3906031548976898 0.2016160786151886 0.4290682077407837
v -0.4152836501598358 0.3486211895942688 0.4351440966129303
v -0.3635801374912262 0.408846914768219 -0.09131738543510437
v -0.38592424988746643 0.49519890546798706 0.44260111451148987
v -0.3878072500228882 0.5628384351730347 -0.036517493426799774
v -0.3997441530227661 0.5936282277107239 -0.11381551623344421
v -0.40435531735420227 0.6721616983413696 -0.09658270329236984
v -0.3805118203163147 0.6830388307571411 0.0538078173995018
v -0.3925805687904358 0.9507942795753479 0.009439247660338879
v -0.39611634612083435 -0.6388493776321411 -0.5985653400421143
v -0.39724284410476685 -0.5857852101325989 -0.5351001620292664
v -0.4045896530151367 0.02420722134411335 -0.17583195865154266
v -0.4311705529689789 0.025685418397188187 -0.21451087296009064
v -0.407706081867218 0.04472044110298157 -0.20832078158855438
v -0.4004788398742676 0.15236227214336395 0.4720010757446289
v -0.38677147030830383 0.285793274641037 0.42677974700927734
v -0.37615033984184265 0.5633984804153442 -0.08775240927934647
v -0.3966834545135498 0.5915840864181519 -0.04751717671751976
v -0.3864538371562958 0.6195653676986694 -0.017815319821238518
v -0.3932194709777832 0.8523766994476318 -0.019800156354904175
v -0.362191766500473 -0.8865480422973633 -0.41231822967529297
v -0.37628981471061707 -0.717654287815094 -0.6214734315872192
v -0.38340774178504944 -0.6771712899208069 -0.6460274457931519
v -0.39311087131500244 -0.6311936974525452 -0.6573505401611328
v -0.37664324045181274 -0.17271409928798676 0.07652868330478668
v -0.37730905413627625 0.0734948217868805 0.03294134885072708
v -0.38705939054489136 0.24158672988414764 -0.14297513663768768
v -0.3861643075942993 0.2852778732776642 -0.08203477412462234
v -0.3815186321735382 0.4312453866004944 0.4565678536891937
v -0.3659982979297638 0.4331226646900177 -0.11917221546173096
v -0.39936283230781555 0.5757529139518738 0.30014538764953613
v -0.3835640847682953 0.5468096733093262 0.021284032613039017
v -0.3825971782207489 0.5939778685569763 0.19043153524398804
v -0.3774298131465912 0.6054989099502563 0.24211275577545166
v -0.35951822996139526 0.6370155215263367 0.004013915080577135
v -0.3400435447692871 0.6771976351737976 -0.07737206667661667
v -0.35158398747444153 0.7148526906967163 0.012434200383722782
v -0.3526550531387329 -0.8293849229812622 -0.5389986634254456
v -0.3993772268295288 -0.723343014717102 0.3359747529029846
v -0.40302133560180664 -0.7154365181922913 0.22401189804077148
v -0.3886546194553375 -0.8011614084243774 0.26091670989990234
v -0.3872213363647461 -0.6583963632583618 -0.4132999777793884
v -0.3347078859806061 -0.6165014505386353 -0.43455618619918823
v -0.3772033154964447 -0.36285218596458435 -0.006770214531570673
v -0.3493323028087616 -0.19148984551429749 0.04647480696439743
v -0.3432298004627228 -0.15693768858909607 0.0349101722240448
v -0.39273694157600403 -0.012044568546116352 -0.20152577757835388
v -0.37286561727523804 0.1715729981660843 -0.13853468000888824
v -0.38063982129096985 0.19855959713459015 -0.17074045538902283
v -0.35824909806251526 0.5937569737434387 -0.14232656359672546
v -0.3319448232650757 0.6657899022102356 -0.10130047798156738
v -0.35686811804771423 0.6258884072303772 0.2771559953689575
v -0.3433351218700409 0.7651835680007935 0.2610052824020386
v -0.33678367733955383 0.7458413243293762 0.0003741162654478103
v -0.39000600576400757 -0.7781842350959778 0.3520139753818512
v -0.3625810444355011 -0.7608159780502319 -0.5968546271324158
v -0.29232463240623474 -0.6795471906661987 -0.20438189804553986
v -0.3830932080745697 -0.6476451754570007 0.31466010212898254
v -0.3788333237171173 -0.2621282637119293 0.021420501172542572
v -0.34599822759628296 -0.06828421354293823 0.08678442984819412
v -0.37956100702285767 0.014496673829853535 -0.1771506816148758
v -0.3458695113658905 0.02275581657886505 0.11203667521476746
v -0.3778023421764374 0.0645442008972168 -0.0879322960972786
v -0.34549954533576965 0.375365287065506 0.49358654022216797
v -0.3445281386375427 0.5922415256500244 0.41312524676322937
v -0.3826189637184143 0.7346929311752319 0.24250400066375732
v -0.3574475347995758 0.9426809549331665 -0.0072293695993721485
v -0.3614998161792755 -0.8568997979164124 0.2953612804412842
v -0.3498912453651428 -0.7746378779411316 0.10751014947891235
v -0.359115868806839 -0.7094471454620361 0.11293216794729233
v -0.3606744706630707 -0.7106735706329346 0.4085054397583008
v -0.36636635661125183 -0.6059205532073975 0.24078018963336945
v -0.37283647060394287 -0.35561931133270264 -0.013830726034939289
v -0.3530227839946747 -0.11491679400205612 0.03587329387664795
v -0.3402077555656433 -0.006181310396641493 0.1934584379196167
v -0.3189312517642975 -0.000340612925356254 0.431329607963562
v -0.311418354511261 0.04162885621190071 0.5114746689796448
v -0.3809219300746918 0.06596149504184723 -0.20168672502040863
v -0.34903833270072937 0.1714489907026291 0.49545982480049133
v -0.3626047670841217 0.2933978736400604 0.43458178639411926
v -0.37562477588653564 0.24160373210906982 -0.262168288230896
v -0.3773612380027771 0.23260796070098877 -0.2406655102968216
v -0.38188377022743225 0.26207005977630615 -0.23415671288967133
v -0.35556620359420776 0.9603505730628967 0.023462863638997078
v -0.3698614835739136 -0.9848119020462036 0.40397733449935913
v -0.38600343465805054 -0.9552230834960938 0.3554898202419281
v -0.3733304738998413 -0.9876124858856201 0.3487505614757538
v -0.370923787355423 -0.9293339252471924 0.3022996783256531
v -0.3556869626045227 -0.9685895442962646 0.16413697600364685
v -0.33864712715148926 -0.8836889863014221 -0.3071506917476654
v -0.3589807152748108 -0.8684475421905518 0.22732782363891602
v -0.3140592575073242 -0.6615388989448547 -0.3040733337402344
v -0.34904611110687256 -0.6031854152679443 0.17848868668079376
v -0.3522639572620392 -0.6749057173728943 -0.5393465161323547
v -0.34378641843795776 -0.6518741846084595 -0.3782787024974823
v -0.35831597447395325 -0.6854206323623657 -0.5967463254928589
v -0.31330767273902893 -0.22550079226493835 0.06959031522274017
v -0.35959145426750183 0.04276704788208008 -0.18848058581352234
v -0.3861803114414215 0.017531247809529305 0.033391330391168594
v -0.3613564372062683 0.05054260790348053 -0.027518268674612045
v -0.35088473558425903 0.10938657820224762 0.02748633734881878
v -0.35254573822021484 0.3005247712135315 -0.21559835970401764
v -0.35620975494384766 0.33808374404907227 -0.11802901327610016
v -0.3270455300807953 0.517227053642273 -0.1063661053776741
v -0.3226821720600128 0.5365715622901917 -0.07535924762487411
v -0.3434174954891205 0.6438781023025513 0.06520605832338333
v -0.3516816198825836 -0.9708006978034973 0.42128628492355347
v -0.36965295672416687 -0.9306178689002991 0.37017902731895447
v -0.3656304180622101 -0.9108509421348572 0.23342305421829224
v -0.3215453028678894 -0.8923038244247437 -0.392969012260437
v -0.3155166506767273 -0.8398000001907349 -0.18939323723316193
v -0.35652175545692444 -0.7820568680763245 0.4016035497188568
v -0.33364203572273254 -0.8358323574066162 0.37966132164001465
v -0.3404090106487274 -0.20142090320587158 0.10116294771432877
v -0.36368653178215027 -0.006419666111469269 0.055584732443094254
v -0.3372727632522583 -0.07390900701284409 -0.1316540241241455
v -0.3371056616306305 0.07194376736879349 -0.1278534084558487
v -0.3345238268375397 0.12803655862808228 -0.15473459661006927
v -0.34030237793922424 0.09314412623643875 -0.013948552310466766
v -0.3315137028694153 0.11958704143762589 0.5355943441390991
v -0.352701336145401 0.20483259856700897 0.4485839307308197
v -0.3646438717842102 0.23391801118850708 -0.2506906986236572
v -0.356151819229126 0.25487419962882996 -0.17611147463321686
v -0.35716143250465393 0.30206894874572754 -0.10534262657165527
v -0.347435861825943 0.2711881995201111 -0.11150018870830536
v -0.3569816052913666 0.3730226457118988 -0.30783215165138245
v -0.3554868698120117 0.3631817102432251 -0.239963099360466
v -0.3737114667892456 0.3777901530265808 -0.2826411724090576
v -0.29238104820251465 0.40216347575187683 0.5229887366294861
v -0.31633004546165466 0.47502946853637695 0.5049129128456116
v -0.34996241331100464 0.4628579914569855 -0.13147439062595367
v -0.3398958444595337 0.6713956594467163 -0.04194827005267143
v -0.3497944474220276 0.8681533932685852 -0.013254454359412193
v -0.3451833426952362 0.9137480854988098 0.08471709489822388
v -0.34808847308158875 -0.996884286403656 0.35774746537208557
v -0.35603421926498413 -0.9123555421829224 0.154580757021904
v -0.34345743060112 -0.8364291787147522 0.1596994549036026
v -0.32939237356185913 -0.6653088331222534 -0.4558958411216736
v -0.35083091259002686 -0.45392173528671265 0.33663272857666016
v -0.3630353808403015 -0.3908718526363373 0.3583069443702698
v -0.35540997982025146 -0.42727330327033997 0.2953334450721741
v -0.34918496012687683 -0.35731804370880127 0.26520636677742004
v -0.33011412620544434 -0.2841890752315521 0.02975252829492092
v -0.33118173480033875 -0.14829495549201965 0.10166808217763901
v -0.3278387486934662 0.0900580883026123 -0.03344199061393738
v -0.3475167751312256 0.18860550224781036 -0.12245330214500427
v -0.32355043292045593 0.24765180051326752 -0.11707152426242828
v -0.3397233486175537 0.25240883231163025 -0.23231998085975647
v -0.3312850594520569 0.2511183023452759 0.4878668189048767
v -0.33800041675567627 0.27042868733406067 -0.23165073990821838
v -0.36696499586105347 0.411975234746933 -0.22921693325042725
v -0.35474833846092224 0.38968172669410706 -0.1471058428287506
v -0.35947245359420776 0.42910659313201904 -0.125309020280838
v -0.35906368494033813 0.44168415665626526 -0.1967216283082962
v -0.3435799181461334 0.6354445219039917 0.03581178933382034
v -0.3222188949584961 -0.9900845885276794 0.1489945352077484
v -0.32224079966545105 -0.8938797116279602 0.33867812156677246
v -0.3181948959827423 -0.8746542930603027 0.3305656611919403
v -0.2888459861278534 -0.7925912737846375 -0.11942071467638016
v -0.3267943859100342 -0.7020807266235352 -0.5478892922401428
v -0.31776663661003113 -0.6400552988052368 -0.3939901888370514
v -0.31433725357055664 -0.6086696982383728 -0.40561163425445557
v -0.3455888330936432 -0.34824636578559875 0.3489993214607239
v -0.3452520966529846 -0.3139384090900421 0.3110280930995941
v -0.3451503813266754 -0.002842227928340435 -0.0743400976061821
v -0.28557950258255005 0.13463661074638367 -0.09325102716684341
v -0.3197638690471649 0.24926161766052246 -0.17027240991592407
v -0.3379777669906616 0.37033602595329285 -0.12119217216968536
v -0.3303220272064209 0.4109087586402893 -0.23412594199180603
v -0.33980512619018555 0.42995360493659973 -0.2261250764131546
v -0.3014257252216339 0.48312801122665405 0.5238263010978699
v -0.3375667631626129 0.47784972190856934 -0.12924230098724365
v -0.3546223044395447 0.7135475873947144 -0.1679319441318512
v -0.3526268005371094 0.7277920842170715 -0.2551431357860565
v -0.3448095917701721 0.703348696231842 -0.20457060635089874
v -0.35341784358024597 0.7463782429695129 -0.24410274624824524
v -0.3364587724208832 0.7485292553901672 -0.15159624814987183
v -0.32748153805732727 -0.9709883332252502 0.4191032350063324
v -0.3237583637237549 -0.9546566605567932 0.11158915609121323
v -0.2807551324367523 -0.7517111897468567 -0.10543385148048401
v -0.24619373679161072 -0.5368298888206482 0.3890029191970825
v -0.29600989818573 -0.6165367960929871 0.11008244007825851
v -0.290857195854187 -0.556366503238678 0.34446677565574646
v -0.3335346281528473 -0.4178699851036072 0.417874813079834
v -0.2928517460823059 -0.4609939455986023 0.44887441396713257
v -0.3211109936237335 -0.37916260957717896 0.22639009356498718
v -0.3326908349990845 -0.35913726687431335 0.408340185880661
v -0.32670655846595764 -0.061927974224090576 -0.034040503203868866
v -0.2287730723619461 -0.04550299048423767 0.2294960916042328
v -0.3021886348724365 -0.02324279211461544 0.36222007870674133
v -0.3344743549823761 0.36359745264053345 -0.24492856860160828
v -0.29785752296447754 0.6708243489265442 0.32134386897087097
v -0.3177710175514221 0.6483065485954285 -0.11014442145824432
v -0.3408985435962677 0.7209055423736572 -0.12075889855623245
v -0.32498878240585327 0.7446572184562683 -0.24152426421642303
v -0.3244820535182953 0.7622745037078857 -0.19720564782619476
v -0.2897871434688568 -0.8986518383026123 -0.3012876510620117
v -0.29818853735923767 -0.7674626708030701 -0.5325484871864319
v -0.3206455111503601 -0.2923226058483124 0.22736547887325287
v -0.3239211440086365 -0.1270650178194046 0.06686661392450333
v -0.3305608630180359 -0.08135410398244858 -0.12007700651884079
v -0.32595252990722656 -0.02984948642551899 0.044087763875722885
v -0.29726824164390564 0.26355430483818054 -0.17326568067073822
v -0.32231175899505615 0.3309756815433502 0.47251132130622864
v -0.3211559057235718 0.36937952041625977 -0.16572098433971405
v -0.3122236728668213 0.3924960792064667 -0.20646266639232635
v -0.2979964017868042 0.6781747341156006 0.000006224753178685205
v -0.28771865367889404 0.6779161691665649 0.0294596329331398
v -0.3116953372955322 0.7081226706504822 -0.22104917466640472
v -0.3008085787296295 0.8300139307975769 0.012852850370109081
v -0.3252668082714081 0.9092018604278564 0.050574641674757004
v -0.3212106227874756 0.8952708840370178 0.02662709169089794
v -0.2996974587440491 -1.0011603832244873 0.3566242456436157
v -0.3023220896720886 -0.8331872224807739 0.1146368458867073
v -0.30629247426986694 -0.7849377989768982 0.4391985833644867
v -0.31022539734840393 -0.6915444135665894 0.4447808861732483
v -0.26006177067756653 -0.7190807461738586 -0.09263943880796432
v -0.2900848686695099 -0.6135742664337158 -0.33096691966056824
v -0.2817515730857849 -0.49799755215644836 0.4063461720943451
v -0.3018989861011505 -0.4020267426967621 0.46867451071739197
v -0.28989529609680176 -0.17640359699726105 0.11614635586738586
v -0.29143571853637695 -0.16626042127609253 0.06836587935686111
v -0.3083050847053528 -0.01681826263666153 -0.09206084161996841
v -0.28628626465797424 0.17827178537845612 -0.1094844788312912
v -0.29197824001312256 0.3608623445034027 -0.1370958685874939
v -0.2898207902908325 0.753262460231781 0.0054903882555663586
v -0.27952316403388977 0.8278990387916565 0.21057164669036865
v -0.26635706424713135 -0.9967337846755981 0.14251460134983063
v -0.31292715668678284 -0.9843930602073669 0.4656476080417633
v -0.3061148226261139 -0.9289227724075317 0.43152955174446106
v -0.26463231444358826 -0.852537214756012 -0.4350752532482147
v -0.2355797439813614 -0.8086846470832825 -0.4507284462451935
v -0.29591748118400574 -0.7269256114959717 0.06328770518302917
v -0.29038381576538086 -0.4958992898464203 0.3267008066177368
v -0.2980983257293701 -0.45642536878585815 0.2578350305557251
v -0.297855019569397 -0.36488640308380127 0.05073101818561554
v -0.2917404770851135 -0.2993663251399994 0.19392728805541992
v -0.28387585282325745 -0.3222353756427765 0.3845181167125702
v -0.30024418234825134 -0.227150559425354 0.2614579498767853
v -0.30340585112571716 -0.21513687074184418 0.059330858290195465
v -0.275139719247818 0.09536313265562057 -0.03882802650332451
v -0.2974337339401245 0.1752738058567047 0.49705103039741516
v -0.2804691791534424 0.3837546706199646 0.5374317169189453
v -0.29386797547340393 0.5197655558586121 -0.0971720814704895
v -0.2832077741622925 0.6093209385871887 -0.1017853245139122
v -0.2557397484779358 0.6674700975418091 0.42755943536758423
v -0.30710846185684204 0.7412524819374084 -0.09506269544363022
v -0.30116602778434753 -0.9195293188095093 0.3956219553947449
v -0.24788576364517212 -0.7192448377609253 -0.4514427185058594
v -0.3117043972015381 -0.6659145951271057 -0.4147703945636749
v -0.2874659299850464 -0.5467846989631653 0.13593551516532898
v -0.3090900182723999 -0.5299749374389648 0.21871526539325714
v -0.2296508401632309 -0.35405924916267395 0.5251693725585938
v -0.29031893610954285 -0.24564099311828613 0.3303244411945343
v -0.287480890750885 -0.06821172684431076 -0.03789879009127617
v -0.27976688742637634 0.001798967132344842 0.10315197706222534
v -0.23477588593959808 0.11808153241872787 0.5677990913391113
v -0.23458388447761536 0.14085012674331665 0.5503382682800293
v -0.28342247009277344 0.24777930974960327 -0.11866135895252228
v -0.27954918146133423 0.330317884683609 -0.15272247791290283
v -0.26704418659210205 0.34712135791778564 0.5058193802833557
v -0.2879277169704437 0.45715880393981934 -0.16958437860012054
v -0.28157806396484375 0.528439998626709 0.5183780193328857
v -0.2622718811035156 0.6014370918273926 0.4974813461303711
v -0.29369837045669556 0.6528056263923645 -0.15692567825317383
v -0.2755180895328522 0.8625205159187317 0.07623787969350815
v -0.2606630325317383 -0.8771107196807861 0.3649657666683197
v -0.28307271003723145 -0.787714958190918 0.07157950848340988
v -0.26259663701057434 -0.6887525320053101 -0.4193824529647827
v -0.283449649810791 -0.4250222444534302 0.23098617792129517
v -0.2827247083187103 -0.3581877648830414 0.05172451585531235
v -0.23605448007583618 -0.31952446699142456 0.45677638053894043
v -0.27408134937286377 -0.24486413598060608 0.12193193286657333
v -0.2939000427722931 -0.21363164484500885 0.12750458717346191
v -0.28021058440208435 0.14996111392974854 -0.09825081378221512
v -0.3043801784515381 0.30229929089546204 -0.2915148138999939
v -0.3064103126525879 0.3111708164215088 -0.31688249111175537
v -0.2989455759525299 0.28681302070617676 -0.3547518253326416
v -0.2810206115245819 0.49012574553489685 -0.12139342725276947
v -0.28333768248558044 0.5611922144889832 -0.09474107623100281
v -0.28774505853652954 0.754184365272522 -0.12983445823192596
v -0.2800378203392029 -0.9622822403907776 0.469014436006546
v -0.2016230821609497 -0.8693236708641052 -0.3389662504196167
v -0.25510919094085693 -0.7422385811805725 0.4633554220199585
v -0.26644644141197205 -0.6047117710113525 -0.34557390213012695
v -0.26644042134284973 -0.20629489421844482 0.19345711171627045
v -0.2766958475112915 0.12834429740905762 -0.029595011845231056
v -0.2866300940513611 0.2644650340080261 -0.3393957316875458
v -0.2664923667907715 0.3130240738391876 -0.1482340395450592
v -0.2798587679862976 0.34393540024757385 -0.3266417384147644
v -0.27569541335105896 0.4037793278694153 -0.16245649755001068
v -0.2518501877784729 0.7187283039093018 0.288679838180542
v -0.2852463722229004 -0.9898874163627625 0.46299439668655396
v -0.24662554264068604 -0.9228983521461487 0.4139358699321747
v -0.25235360860824585 -0.8785291910171509 0.08554039150476456
v -0.2168492078781128 -0.8608400821685791 -0.10231412947177887
v -0.15270841121673584 -0.7859064340591431 0.07214850187301636
v -0.2559724450111389 -0.5797483921051025 0.40176504850387573
v -0.27062007784843445 -0.4666818082332611 0.15140165388584137
v -0.2573685050010681 -0.010909036733210087 -0.04345790669322014
v -0.2001977264881134 -0.03775900974869728 0.16441649198532104
v -0.280507355928421 0.2817886173725128 -0.35711368918418884
v -0.2786446809768677 0.3058827519416809 -0.2278723269701004
v -0.24668921530246735 0.24756021797657013 0.5351274013519287
v -0.2741117477416992 0.31791049242019653 -0.34993746876716614
v -0.28233852982521057 0.37758395075798035 -0.1683260053396225
v -0.27561628818511963 0.38346800208091736 -0.24624328315258026
v -0.25868961215019226 0.4289582371711731 -0.15058660507202148
v -0.28240251541137695 0.7438169121742249 -0.1980178952217102
v -0.2557309567928314 0.7811680436134338 0.025512656196951866
v -0.2311798483133316 0.834195077419281 0.15656204521656036
v -0.25675809383392334 -0.9722213745117188 0.08994638919830322
v -0.21835023164749146 -0.8992812037467957 -0.24884791672229767
v -0.2462967038154602 -0.8099188804626465 0.43827369809150696
v -0.26611530780792236 -0.8288362622261047 0.09941257536411285
v -0.23801781237125397 -0.6856815814971924 -0.10092803835868835
v -0.26648595929145813 -0.6647284626960754 -0.3679620921611786
v -0.24034744501113892 -0.673484206199646 0.05776438117027283
v -0.2725573182106018 -0.653619110584259 -0.26379522681236267
v -0.25426366925239563 -0.6381996870040894 -0.29390615224838257
v -0.25842997431755066 -0.39424407482147217 0.20947220921516418
v -0.26273801922798157 -0.3283526301383972 0.184957817196846
v -0.22419379651546478 -0.3052513003349304 0.1188277006149292
v -0.25390172004699707 -0.18660861253738403 0.13865414261817932
v -0.193197563290596 -0.05429255589842796 0.32773932814598083
v -0.2592557370662689 -0.042162928730249405 0.0049390606582164764
v -0.27804431319236755 0.15683941543102264 -0.17660829424858093
v -0.27166658639907837 0.23254723846912384 -0.12496154010295868
v -0.2551400661468506 0.2591201364994049 -0.11709204316139221
v -0.26912665367126465 0.5407456159591675 -0.25705862045288086
v -0.2788616716861725 0.5650197863578796 -0.1905043125152588
v -0.20771877467632294 -1.0005542039871216 0.35706189274787903
v -0.23752114176750183 -0.9954694509506226 0.40350985527038574
v -0.20869754254817963 -0.7535357475280762 -0.42765530943870544
v -0.25840091705322266 -0.5397545695304871 0.0968647301197052
v -0.258628785610199 -0.5127456784248352 0.38475897908210754
v -0.23033307492733002 -0.2712540924549103 0.12410102039575577
v -0.25018706917762756 -0.2147798389196396 0.0690651386976242
v -0.18691608309745789 0.05128178372979164 0.5843749642372131
v -0.259624183177948 0.12687736749649048 -0.06522165238857269
v -0.24845191836357117 0.13983407616615295 -0.24250128865242004
v -0.2474839687347412 0.45383429527282715 -0.12383567541837692
v -0.2707858681678772 0.5861280560493469 -0.32429447770118713
v -0.2751869261264801 0.5663518905639648 -0.3564964830875397
v -0.25848111510276794 0.5901772975921631 -0.0965709313750267
v -0.2598966956138611 0.6028048992156982 -0.2826003134250641
v -0.252446711063385 0.6698877215385437 -0.15963982045650482
v -0.19324339926242828 0.7175542116165161 -0.03262384235858917
v -0.2123463898897171 0.7440736889839172 0.24769923090934753
v -0.21418394148349762 0.8160460591316223 0.08554914593696594
v -0.23132526874542236 -0.8758412599563599 0.3646247088909149
v -0.2067357897758484 -0.7176351547241211 0.04701651632785797
v -0.2400384098291397 -0.6765103936195374 0.45260897278785706
v -0.21112726628780365 -0.5740810632705688 0.04574206471443176
v -0.22349396347999573 -0.4131874740123749 0.5549120306968689
v -0.24134516716003418 -0.21274705231189728 0.166921466588974
v -0.2474862039089203 -0.1680549830198288 0.2938224673271179
v -0.246621772646904 -0.1609807163476944 0.21941934525966644
v -0.2453993707895279 -0.17621661722660065 0.1066713035106659
v -0.248684823513031 -0.01769021339714527 -0.016533901914954185
v -0.2509273588657379 0.06027558445930481 -0.04014262929558754
v -0.26813411712646484 0.08434799313545227 -0.06319327652454376
v -0.25649502873420715 0.06907635927200317 -0.11903905123472214
v -0.25953978300094604 0.04314837604761124 -0.12216497212648392
v -0.24687038362026215 0.04470968618988991 -0.2921709716320038
v -0.23482085764408112 0.10345157980918884 -0.0863177552819252
v -0.2120675891637802 0.1667102724313736 0.5235209465026855
v -0.253680020570755 0.2927265167236328 -0.14224125444889069
v -0.24967138469219208 0.4051239788532257 -0.2399197220802307
v -0.24758082628250122 0.5204858779907227 0.5536232590675354
v -0.2640203535556793 0.5705081820487976 -0.3608667850494385
v -0.22206522524356842 0.7030736804008484 0.012885460630059242
v -0.1843639463186264 0.7047944664955139 -0.050596754997968674
v -0.23883017897605896 -0.9610170722007751 0.42966321110725403
v -0.20751240849494934 -0.8357556462287903 0.40974748134613037
v -0.24114947021007538 -0.7800396680831909 0.06326335668563843
v -0.22621650993824005 -0.6494857668876648 -0.20457230508327484
v -0.245916947722435 -0.6176214218139648 -0.31761622428894043
v -0.21513590216636658 -0.18965031206607819 0.34694695472717285
v -0.2333177626132965 0.004002926871180534 0.07493004947900772
v -0.23796018958091736 0.06037421524524689 -0.04747180640697479
v -0.24293014407157898 0.08122793585062027 -0.187805637717247
v -0.22993265092372894 0.31010016798973083 -0.2953900396823883
v -0.2076076716184616 0.30754268169403076 -0.2314714789390564
v -0.21933895349502563 0.2952639162540436 -0.21304450929164886
v -0.19772221148014069 0.4689234495162964 0.596851646900177
v -0.20976096391677856 0.5294507741928101 0.5672352910041809
v -0.2179868072271347 0.6216346621513367 -0.11643408238887787
v -0.2180636078119278 -0.8237218856811523 0.09626726061105728
v -0.20461449027061462 -0.661440372467041 -0.30178338289260864
v -0.24347837269306183 -0.6503730416297913 -0.3105000853538513
v -0.2230958640575409 -0.6061215996742249 -0.2685025632381439
v -0.2140994668006897 -0.4609900712966919 0.09592267125844955
v -0.1973210722208023 -0.2730988562107086 0.13327893614768982
v -0.2327747792005539 -0.24676190316677094 0.163117915391922
v -0.2566944360733032 -0.1372501105070114 0.25666916370391846
v -0.2427588403224945 -0.1536255031824112 0.3297407925128937
v -0.18877603113651276 -0.04490566998720169 0.4068261384963989
v -0.09958085417747498 -0.030372345820069313 0.5480784177780151
v -0.23623555898666382 0.08296098560094833 -0.29121607542037964
v -0.21971449255943298 0.3408399820327759 -0.3009527921676636
v -0.22076112031936646 0.3606770634651184 0.5590147376060486
v -0.23541893064975739 0.37596771121025085 -0.292298287153244
v -0.24274106323719025 0.5913371443748474 -0.3267081081867218
v -0.19855400919914246 0.7320137619972229 0.3380178213119507
v -0.21916723251342773 0.7185818552970886 0.049436502158641815
v -0.21191763877868652 -0.9646202325820923 0.08775109052658081
v -0.2074640840291977 -0.8898677825927734 0.08488120883703232
v -0.20901618897914886 -0.9161775708198547 0.4004935324192047
v -0.15067915618419647 -0.8722788691520691 -0.061171356588602066
v -0.21419887244701385 -0.7305809855461121 0.45719489455223083
v -0.19561170041561127 -0.6010094285011292 -0.23211100697517395
v -0.19509302079677582 -0.4087911546230316 0.12144404649734497
v -0.21003593504428864 -0.26709792017936707 0.3695949912071228
v -0.21609541773796082 -0.3152703046798706 0.3816356658935547
v -0.17008866369724274 -0.17714421451091766 0.1519206315279007
v -0.25194230675697327 -0.13716739416122437 0.2140343189239502
v -0.2231634557247162 -0.14472030103206635 0.13716787099838257
v -0.23043803870677948 -0.096827432513237 0.30776113271713257
v -0.21077735722064972 -0.09713443368673325 0.15158048272132874
v -0.2381291538476944 -0.09509118646383286 0.2435537427663803
v -0.23701632022857666 0.054211944341659546 -0.01881534233689308
v -0.23243650794029236 0.03925704583525658 -0.3128091096878052
v -0.22754327952861786 0.05983372777700424 -0.10056396573781967
v -0.19382335245609283 0.0920356810092926 0.5912078022956848
v -0.2168777734041214 0.24735526740550995 -0.15342818200588226
v -0.2127518206834793 0.4627346992492676 -0.1570766121149063
v -0.22331959009170532 0.6219366192817688 -0.22972843050956726
v -0.2045958787202835 0.6891654133796692 -0.11451155692338943
v -0.19577616453170776 -0.9907240271568298 0.12358222901821136
v -0.21044601500034332 -0.9738752245903015 0.47325417399406433
v -0.18520806729793549 -0.7602666020393372 0.03244640305638313
v -0.12488869577646255 -0.7154171466827393 -0.30288317799568176
v -0.20359574258327484 -0.6858359575271606 -0.02203742414712906
v -0.2043607532978058 -0.6341304183006287 0.4298780560493469
v -0.19217346608638763 -0.5050986409187317 0.5104896426200867
v -0.19548211991786957 -0.4579288959503174 0.560225248336792
v -0.20249570906162262 -0.3272096812725067 0.18948723375797272
v -0.19215010106563568 -0.2703351676464081 0.1656743884086609
v -0.2095676064491272 -0.17433664202690125 0.17017164826393127
v -0.20704492926597595 -0.16825158894062042 0.14295844733715057
v -0.2056369036436081 -0.13917039334774017 0.38201677799224854
v -0.2250148057937622 0.025666551664471626 -0.30311787128448486
v -0.20703089237213135 0.06380573660135269 -0.195607528090477
v -0.18232697248458862 0.5713469386100769 -0.2668548822402954
v -0.20889586210250854 -0.9423242211341858 0.45694461464881897
v -0.21409708261489868 -0.5356679558753967 0.39799782633781433
v -0.19149653613567352 -0.5164967179298401 0.44137081503868103
v -0.18993836641311646 -0.4032387137413025 0.5735721588134766
v -0.2011757642030716 -0.36283278465270996 0.15473490953445435
v -0.21961364150047302 -0.18027248978614807 0.3630979359149933
v -0.21322521567344666 0.05941448360681534 -0.015404417179524899
v -0.2100735455751419 0.06459175795316696 -0.3005320429801941
v -0.20581327378749847 0.13459919393062592 -0.25871068239212036
v -0.20263293385505676 0.23739321529865265 -0.23845013976097107
v -0.1847427785396576 0.29483282566070557 0.533532440662384
v -0.19208036363124847 0.330154687166214 0.5624614953994751
v -0.19835525751113892 0.4522341787815094 -0.1703331619501114
v -0.16371005773544312 0.6308335661888123 -0.0897422656416893
v -0.18069827556610107 0.7140958905220032 0.4052005112171173
v -0.19201764464378357 0.732369601726532 0.0758269727230072
v -0.16579164564609528 -0.9959039092063904 0.40655550360679626
v -0.1476598083972931 -0.8280033469200134 -0.32964107394218445
v -0.18504954874515533 -0.7798438668251038 0.4346233308315277
v -0.17730145156383514 -0.7521312236785889 0.05902639776468277
v -0.18767179548740387 -0.7149316072463989 0.03371841460466385
v -0.1443239152431488 -0.6820353865623474 -0.2802808880805969
v -0.19588729739189148 -0.6037325263023376 -0.2639976739883423
v -0.16628634929656982 -0.247811958193779 0.1374930441379547
v -0.1734343320131302 -0.1948750764131546 0.36278459429740906
v -0.19338056445121765 -0.08133231848478317 0.3856097161769867
v -0.21318089962005615 0.02185477875173092 0.008702369406819344
v -0.2143421322107315 0.03863184154033661 -0.3030408024787903
v -0.1948980987071991 0.09501757472753525 -0.03750032186508179
v -0.20764386653900146 0.2627902925014496 -0.296420693397522
v -0.19102081656455994 0.6027858853340149 -0.24570100009441376
v -0.1769743412733078 0.6287901997566223 0.5287758111953735
v -0.19274993240833282 0.6643787026405334 0.4831133186817169
v -0.17957207560539246 0.754486083984375 0.18437328934669495
v -0.1523950845003128 -0.995063304901123 0.1652812659740448
v -0.1863769143819809 -0.9829415678977966 0.47211042046546936
v -0.16473513841629028 -0.6363494992256165 -0.07040891796350479
v -0.17861628532409668 -0.28614357113838196 0.155455082654953
v -0.17103876173496246 -0.19948826730251312 0.13268131017684937
v -0.18864667415618896 -0.19140975177288055 0.42144083976745605
v -0.21399272978305817 0.0031946746166795492 -0.07435586303472519
v -0.1867101788520813 -0.04527636244893074 -0.04947454482316971
v -0.20111997425556183 0.01984335668385029 0.04105710610747337
v -0.17931215465068817 0.07106529921293259 -0.2062758356332779
v -0.1721317619085312 0.09418126195669174 -0.07295580208301544
v -0.18260551989078522 0.2278764545917511 -0.1781487613916397
v -0.18718107044696808 0.21193134784698486 -0.3689681887626648
v -0.1727553904056549 0.3983311057090759 -0.2382410168647766
v -0.18211321532726288 0.5451981425285339 -0.2660195827484131
v -0.18219928443431854 -0.33225858211517334 0.3346841037273407
v -0.15335705876350403 -0.21864911913871765 0.4138958156108856
v -0.06903070211410522 -0.04868154227733612 0.491910457611084
v -0.20485571026802063 0.019157664850354195 -0.09567278623580933
v -0.17318162322044373 -0.07845744490623474 -0.1888093203306198
v -0.15827324986457825 -0.007356761023402214 0.07465086877346039
v -0.17445245385169983 0.14679032564163208 -0.24166657030582428
v -0.15637096762657166 0.13756485283374786 0.5984559059143066
v -0.1778625249862671 0.17892464995384216 0.5371972322463989
v -0.1986345648765564 0.22219491004943848 -0.383149117231369
v -0.17400605976581573 0.46498069167137146 -0.1645638644695282
v -0.16636879742145538 0.6183081269264221 -0.156287282705307
v -0.2066577672958374 0.7921151518821716 -0.11160871386528015
v -0.20087431371212006 0.8054747581481934 -0.04188451170921326
v -0.2030307799577713 0.8185588121414185 -0.13984298706054688
v -0.19846604764461517 0.8010851740837097 -0.1721385419368744
v -0.1846386343240738 0.8137970566749573 -0.1753821223974228
v -0.15288180112838745 -0.9231005311012268 0.112068772315979
v -0.17897877097129822 -0.8788813948631287 0.35028064250946045
v -0.1648133397102356 -0.8671835660934448 0.34287533164024353
v -0.152599036693573 -0.6266215443611145 0.007045718841254711
v -0.17610099911689758 -0.6589776873588562 0.01874636672437191
v -0.17861425876617432 -0.6040204167366028 -0.24550242722034454
v -0.18083010613918304 -0.26520776748657227 0.35982897877693176
v -0.17312440276145935 0.2355145364999771 0.5353360176086426
v -0.18531960248947144 0.27000054717063904 -0.3227590024471283
v -0.181294783949852 0.31957975029945374 -0.22594885528087616
v -0.15821798145771027 0.36750927567481995 -0.23066237568855286
v -0.15478943288326263 0.5786769986152649 0.568756103515625
v -0.16239866614341736 -0.9156096577644348 0.37220507860183716
v -0.16434524953365326 -0.9454002380371094 0.43949446082115173
v -0.1390896886587143 -0.8256944417953491 0.13720348477363586
v -0.16897447407245636 -0.7036712169647217 0.4302581250667572
v -0.17817386984825134 -0.6423259377479553 -0.20449179410934448
v -0.15630792081356049 -0.5064868330955505 0.4799644649028778
v -0.1665184199810028 -0.07894979417324066 0.3469172418117523
v -0.15567255020141602 -0.029089683666825294 0.12396472692489624
v -0.16846559941768646 0.006351793184876442 -0.14647029340267181
v -0.1489763855934143 0.11554906517267227 -0.21779613196849823
v -0.1422623246908188 0.09489179402589798 0.6217874884605408
v -0.17742908000946045 0.24099624156951904 -0.3660348951816559
v -0.16383391618728638 0.22922907769680023 -0.24242492020130157
v -0.17562459409236908 0.4583565890789032 0.5974233150482178
v -0.1284027248620987 0.47233378887176514 -0.14238347113132477
v -0.1729796826839447 0.7396381497383118 -0.09546299278736115
v -0.1676955372095108 0.7939296364784241 0.0883379653096199
v -0.17869672179222107 0.7407441139221191 0.0989658460021019
v -0.16195087134838104 0.8256518244743347 -0.0069656395353376865
v -0.1581738442182541 -0.993159294128418 0.34356003999710083
v -0.1443476676940918 -0.9757170677185059 0.13280202448368073
v -0.09781455993652344 -0.8765547871589661 -0.051420908421278
v -0.1476622074842453 -0.8172088265419006 0.38047492504119873
v -0.1704595685005188 -0.6446242332458496 -0.22184212505817413
v -0.1250872015953064 -0.576442301273346 0.5016347169876099
v -0.13879536092281342 -0.4923049211502075 0.04522072151303291
v -0.1557166576385498 -0.5015619993209839 0.511519730091095
v -0.14470253884792328 -0.36568984389305115 0.5612873435020447
v -0.15439224243164062 -0.32050126791000366 0.5012978911399841
v -0.16828985512256622 -0.3199903070926666 0.4065883457660675
v -0.14623047411441803 -0.27088654041290283 0.12108900398015976
v -0.14979220926761627 -0.16183288395404816 0.09600425511598587
v -0.12854120135307312 -0.1549556702375412 0.4631938338279724
v -0.16166354715824127 -0.07152871042490005 -0.1005074679851532
v -0.14937402307987213 -0.04616214707493782 0.09842012077569962
v -0.15868432819843292 -0.055842816829681396 0.27241250872612
v -0.18304547667503357 -0.05349552258849144 0.26215070486068726
v -0.1435963213443756 0.0961945429444313 -0.0893031507730484
v -0.14672870934009552 0.2306658774614334 -0.1615547388792038
v -0.1614406257867813 0.23339930176734924 -0.343519002199173
v -0.10561398416757584 0.7704216241836548 0.23753534257411957
v -0.1321071982383728 0.8266832828521729 -0.03547322005033493
v -0.10596874356269836 -0.8236826658248901 0.0785336047410965
v -0.1223079115152359 -0.7839793562889099 -0.3215961158275604
v -0.14226654171943665 -0.21643927693367004 0.46208539605140686
v -0.10896886140108109 -0.08670014888048172 0.06535732001066208
v -0.15385165810585022 -0.14060644805431366 0.07683634012937546
v -0.17066225409507751 -0.09694266319274902 0.2823375463485718
v -0.1663784384727478 -0.08273646235466003 0.2312052994966507
v -0.15692861378192902 -0.045879215002059937 0.18763989210128784
v -0.15237759053707123 0.6731663346290588 -0.04247782379388809
v -0.13314257562160492 -0.9941273927688599 0.2728017270565033
v -0.11621611565351486 -0.8810411095619202 -0.14971360564231873
v -0.1464294195175171 -0.4656009078025818 0.5662745833396912
v -0.10100395977497101 -0.4229769706726074 0.06300703436136246
v -0.1436653733253479 -0.1665332168340683 0.12606631219387054
v -0.1492210030555725 -0.11592186242341995 0.3444720506668091
v -0.15618105232715607 -0.09748388826847076 0.2976084053516388
v -0.11377041041851044 -0.1023474857211113 0.42215973138809204
v -0.15302743017673492 -0.0827159658074379 -0.18452775478363037
v -0.15366674959659576 -0.055658407509326935 -0.18878477811813354
v -0.13032275438308716 0.2725381851196289 0.5947946310043335
v -0.12167780101299286 0.357427179813385 -0.1692206859588623
v -0.10586290061473846 0.42409375309944153 -0.17316214740276337
v -0.09225644916296005 0.4515639543533325 0.6304607391357422
v -0.13086293637752533 0.38351860642433167 0.6162340044975281
v -0.0774010568857193 0.5335816740989685 0.614952564239502
v -0.14894741773605347 0.6996023058891296 0.55815589427948
v -0.14912496507167816 0.6569631099700928 0.5134719610214233
v -0.1388697624206543 -0.9578952789306641 0.359479695558548
v -0.13702140748500824 -0.8762391209602356 0.3172179162502289
v -0.14015869796276093 -0.7559170126914978 0.3971375524997711
v -0.13219989836215973 -0.47604307532310486 0.544151782989502
v -0.10580237954854965 -0.4294300973415375 0.5706919431686401
v -0.12728498876094818 -0.3289012014865875 0.4593423306941986
v -0.12652377784252167 -0.11068263649940491 0.45988571643829346
v -0.14292314648628235 -0.04605517536401749 0.19309598207473755
v -0.06517712771892548 -0.061298906803131104 0.40110886096954346
v -0.10984993726015091 0.12857657670974731 -0.09961699694395065
v -0.12986616790294647 0.21451488137245178 0.5929579138755798
v -0.1389773190021515 0.2743113338947296 -0.28503182530403137
v -0.11693558841943741 0.6691513657569885 0.6074329018592834
v -0.09129135310649872 0.6616058349609375 0.5276957154273987
v -0.12086884677410126 0.6748665571212769 -0.05074462667107582
v -0.10983456671237946 0.7012068629264832 -0.06201000139117241
v -0.12819737195968628 0.7602093815803528 0.1801968365907669
v -0.12674668431282043 -0.9846571683883667 0.30349957942962646
v -0.07174482941627502 -0.8470396995544434 -0.17565053701400757
v -0.12532895803451538 -0.8593515157699585 0.30347615480422974
v -0.09584050625562668 -0.6486202478408813 -0.16002492606639862
v -0.12047796696424484 -0.6081019043922424 -0.010997002013027668
v -0.09001865237951279 -0.5626632571220398 0.007329783868044615
v -0.11389509588479996 -0.4611264765262604 0.5823187232017517
v -0.13651826977729797 -0.10520263761281967 0.336587518453598
v -0.1171882152557373 -0.04139966145157814 -0.003968809265643358
v -0.12477654218673706 -0.05925873667001724 0.35759133100509644
v -0.12527324259281158 -0.04912051931023598 0.14100992679595947
v -0.1488579660654068 0.1458791345357895 0.6336812376976013
v -0.1069854274392128 0.256144642829895 -0.1652107983827591
v -0.10283191502094269 0.5817540287971497 -0.11717364192008972
v -0.1334998458623886 0.7174893617630005 0.5317978858947754
v -0.11631426960229874 0.7552772164344788 0.31711384654045105
v -0.1115054339170456 0.8066621422767639 -0.06043941155076027
v -0.1295357197523117 0.7929826378822327 -0.1071406677365303
v -0.12333454936742783 -0.9674409627914429 0.15688253939151764
v -0.12337009608745575 -0.9091764688491821 0.3113473653793335
v -0.1202082484960556 -0.8036455512046814 0.3410070240497589
v -0.09734955430030823 -0.17115996778011322 0.09482517838478088
v -0.12468786537647247 -0.06781212240457535 0.15459047257900238
v -0.0854429230093956 0.019857672974467278 0.6244787573814392
v -0.10027535259723663 0.15527525544166565 -0.12465672940015793
v -0.11765387654304504 0.6139700412750244 -0.09525087475776672
v -0.1007155254483223 0.7258479595184326 0.40616658329963684
v -0.08354134857654572 -0.7438062429428101 -0.2643466293811798
v -0.1199898049235344 -0.47447600960731506 0.5024133324623108
v -0.1009233295917511 -0.4797564744949341 0.5674309730529785
v -0.11631965637207031 -0.34259697794914246 0.5161178708076477
v -0.04951537773013115 -0.172835111618042 0.05400202050805092
v -0.11621905863285065 -0.13562022149562836 0.3786347210407257
v -0.11903873085975647 -0.012271302752196789 0.07454776018857956
v -0.11742125451564789 0.11277879029512405 0.6646148562431335
v -0.09987322241067886 0.19447985291481018 0.685340166091919
v -0.11204277724027634 0.5046256184577942 -0.15441323816776276
v -0.115470290184021 0.8134270906448364 0.12132535874843597
v -0.07802711427211761 0.8151871562004089 0.11079787462949753
v -0.11207376420497894 -0.9659150242805481 0.21892325580120087
v -0.11298216879367828 -0.9470961689949036 0.2877713143825531
v -0.08496467024087906 -0.6769065856933594 0.49021682143211365
v -0.10397451370954514 -0.4439958333969116 0.5392687320709229
v -0.08121226727962494 -0.2774128019809723 0.08789722621440887
v -0.07610517740249634 -0.4093540906906128 0.5677319169044495
v -0.09147851914167404 -0.19163112342357635 0.48151347041130066
v -0.10482316464185715 -0.04302096739411354 0.1491652876138687
v -0.11013713479042053 -0.0349048413336277 0.1360660344362259
v -0.07555733621120453 -0.031674522906541824 0.07153871655464172
v -0.08850323408842087 -0.021933982148766518 0.09053139388561249
v -0.08646778762340546 0.09063776582479477 -0.06814301759004593
v -0.10018817335367203 0.210902139544487 -0.13160811364650726
v -0.10206957906484604 0.5872248411178589 0.6183295249938965
v -0.06674592196941376 0.6977028250694275 0.47124072909355164
v -0.09049826115369797 0.7727170586585999 0.2011093646287918
v -0.12665332853794098 0.8780074119567871 0.2056695520877838
v -0.11996634304523468 0.853149950504303 0.16709136962890625
v -0.1262405514717102 0.9200312495231628 0.0756407380104065
v -0.11693382263183594 0.9326418042182922 0.10316624492406845
v -0.11540921777486801 0.9215946793556213 0.20070037245750427
v -0.1066976934671402 -0.8549575209617615 0.20725995302200317
v -0.10611369460821152 -0.8510425686836243 0.24772003293037415
v -0.07469656318426132 -0.5967995524406433 -0.029583178460597992
v -0.08338570594787598 0.022603539749979973 -0.07186910510063171
v -0.09563129395246506 0.29877549409866333 -0.18895955383777618
v -0.0952691063284874 0.3286871910095215 -0.17186535894870758
v -0.09736418724060059 0.5369071364402771 -0.14179427921772003
v -0.10145415365695953 0.6676687598228455 -0.09270714223384857
v -0.09135925024747849 0.6858988404273987 0.5651329159736633
v -0.0992797315120697 0.6924939155578613 0.540486752986908
v -0.11609992384910583 0.7962010502815247 0.3434070646762848
v -0.11126380413770676 0.8666433691978455 0.30027392506599426
v -0.0777508094906807 -0.751091718673706 0.4414309561252594
v -0.06804939359426498 -0.624795138835907 0.5145415663719177
v -0.09153065830469131 -0.35889968276023865 0.490411639213562
v -0.07414964586496353 -0.2569521963596344 0.4726938009262085
v -0.04970838874578476 -0.12282075732946396 0.48751315474510193
v -0.08975003659725189 -0.13020966947078705 0.055979225784540176
v -0.0778731256723404 -0.09363899379968643 0.3891926407814026
v -0.08538735657930374 -0.05784879997372627 0.12179721146821976
v -0.07354333251714706 -0.005660434253513813 0.05419323220849037
v -0.06379489600658417 0.3429373800754547 0.6363368034362793
v -0.07010846585035324 0.4609808623790741 -0.2869289815425873
v -0.08108018338680267 0.711997926235199 -0.04366925731301308
v -0.04715314134955406 -0.8445588946342468 0.07355839759111404
v -0.030800960958003998 -0.8082002997398376 -0.15459363162517548
v -0.0726044774055481 -0.820880651473999 0.35126447677612305
v -0.09542655199766159 -0.42936787009239197 0.5018658638000488
v -0.04192323610186577 -0.36408811807632446 0.06870065629482269
v -0.07815743237733841 -0.24402205646038055 0.4874318838119507
v -0.059564393013715744 -0.03145439177751541 0.10364510864019394
v -0.08023570477962494 0.0049280025996267796 -0.05189843848347664
v -0.08450482785701752 0.11442259699106216 -0.0842953622341156
v -0.06459254026412964 0.1815790832042694 0.7050732374191284
v -0.09439671784639359 0.1886177659034729 -0.14041586220264435
v -0.08602636307477951 0.400557279586792 -0.17429785430431366
v -0.0639105886220932 0.4370773732662201 -0.3112908601760864
v -0.07608196139335632 0.6042208671569824 0.6311148405075073
v -0.03171803802251816 0.7210476994514465 -0.3345514237880707
v -0.08005991578102112 0.7992204427719116 0.17345452308654785
v -0.09104923158884048 0.8367164731025696 0.3694923222064972
v -0.11121395230293274 0.9108899235725403 0.0737648755311966
v -0.055409472435712814 0.8628138899803162 0.1155027449131012
v -0.07559330016374588 0.9215313792228699 0.09988212585449219
v -0.08560103923082352 0.9420191645622253 0.1507204920053482
v -0.011487581767141819 -0.6267345547676086 -0.05478062480688095
v -0.0844535157084465 -0.37791308760643005 0.5032088160514832
v -0.050261542201042175 -0.13811519742012024 0.41980403661727905
v -0.04186100512742996 -0.03625289723277092 0.11561655253171921
v -0.040199533104896545 -0.027752215042710304 0.581854522228241
v -0.05767777934670448 0.08214912563562393 0.6656391024589539
v -0.04188846796751022 0.1207953616976738 0.6981195211410522
v -0.07716497033834457 0.10364243388175964 -0.19323962926864624
v -0.06190628930926323 0.21576839685440063 0.6814261674880981
v -0.09422630816698074 0.2613820433616638 -0.17596043646335602
v -0.061836086213588715 0.22063814103603363 -0.15325026214122772
v -0.06115511432290077 0.24729080498218536 0.622192919254303
v -0.08677151799201965 0.5600283741950989 -0.12686708569526672
v -0.07677120715379715 0.6781129240989685 0.5033066272735596
v -0.07475026696920395 0.7780646681785583 0.5148531794548035
v -0.08356869220733643 0.7842471599578857 0.4160415530204773
v -0.06586530059576035 0.9172983765602112 0.3092476725578308
v -0.04363283887505531 -0.8670061826705933 0.12803080677986145
v -0.03162536025047302 -0.7676619291305542 -0.18128220736980438
v -0.06920240074396133 -0.440102756023407 0.5457814931869507
v -0.055668238550424576 -0.10931400209665298 0.4477759003639221
v -0.07034510374069214 0.005860439036041498 0.0038970685563981533
v -0.0667080208659172 0.08823542296886444 -0.059698108583688736
v -0.07180141657590866 0.6072419285774231 -0.18335451185703278
v -0.0678645670413971 0.7044475078582764 -0.11673655360937119
v -0.0713166818022728 0.7570196390151978 0.5015876293182373
v -0.06733064353466034 0.7692229151725769 0.5428903102874756
v -0.03258483484387398 -0.5233654379844666 0.5316801071166992
v -0.033631060272455215 -0.27053287625312805 0.07911200076341629
v -0.044307056814432144 -0.24292276799678802 0.5002980828285217
v -0.07109367102384567 0.04722466319799423 -0.06799540668725967
v -0.05761951208114624 0.09270143508911133 -0.24853795766830444
v -0.03114953450858593 0.18737788498401642 -0.3794226050376892
v -0.05639731511473656 0.2236323356628418 -0.3131713569164276
v -0.0558537021279335 0.3252570629119873 -0.2587025463581085
v -0.04941242188215256 0.3810518980026245 -0.19005076587200165
v -0.06381165236234665 0.4108295738697052 -0.27679282426834106
v -0.04150063171982765 0.4076368510723114 -0.3824003040790558
v -0.04287102818489075 0.6875067949295044 -0.3149574100971222
v -0.07429654151201248 0.6526206135749817 0.5976405143737793
v -0.05303545296192169 0.7639256119728088 -0.002582584274932742
v -0.05198446661233902 0.8000563979148865 0.15317228436470032
v -0.033642083406448364 0.9297833442687988 0.21508970856666565
v -0.019865985959768295 -0.3688409626483917 0.5110800862312317
v -0.04388231411576271 -0.15038664638996124 0.4823743999004364
v 0.005080128088593483 -0.08572560548782349 0.045474473387002945
v -0.024207446724176407 -0.0474976971745491 0.10384726524353027
v -0.06356263905763626 -0.021848516538739204 -0.028354281559586525
v -0.03387971222400665 -0.07441961020231247 -0.1454288810491562
v -0.0396069698035717 0.07956390082836151 -0.07917987555265427
v -0.02686459943652153 0.4354034960269928 0.6430884003639221
v -0.03469456359744072 0.45246678590774536 -0.3514947295188904
v -0.051891300827264786 0.5528308749198914 -0.16488435864448547
v -0.03443519026041031 0.7661448121070862 0.04291864484548569
v -0.021066078916192055 -0.8715682625770569 0.2561788856983185
v -0.006783402990549803 -0.8357489705085754 -0.025026757270097733
v -0.010374794714152813 -0.7953401803970337 0.4050467610359192
v 0.05133265629410744 -0.7189647555351257 -0.03872353211045265
v -0.013028868474066257 -0.7424488663673401 0.46152305603027344
v 0.043965861201286316 -0.6758876442909241 -0.04472042992711067
v -0.005570147652179003 -0.6035690903663635 0.5262819528579712
v 0.013349819928407669 -0.04490678757429123 0.5327350497245789
v -0.021816326305270195 -0.0734621062874794 -0.15747064352035522
v -0.04526237025856972 0.005371952895075083 0.036659665405750275
v -0.03483477607369423 0.04763411730527878 -0.29131263494491577
v -0.04569550231099129 0.06489899009466171 -0.16127356886863708
v -0.03927689790725708 0.13762973248958588 -0.24287091195583344
v -0.041067540645599365 0.2659458816051483 -0.30645203590393066
v -0.04187489300966263 0.5720059871673584 -0.17550626397132874
v -0.03829548880457878 0.5662194490432739 0.6284797191619873
v -0.02966787852346897 0.7357645034790039 -0.3036189079284668
v -0.025085842236876488 0.7316550016403198 -0.10113861411809921
v -0.04399717599153519 0.7349939942359924 -0.002640435704961419
v -0.01751682534813881 0.7339174747467041 -0.05778222158551216
v -0.032948657870292664 0.7387414574623108 0.4836735129356384
v -0.04754938185214996 0.8037045001983643 0.480233371257782
v -0.04269029200077057 0.8154778480529785 0.4973949193954468
v -0.021760545670986176 0.9089124202728271 0.3077811896800995
v -0.00783632230013609 -0.87481290102005 0.15358874201774597
v 0.0023248321376740932 -0.6509490609169006 0.5128538012504578
v -0.02567863278090954 -0.5616996884346008 0.004752047825604677
v -0.003359616734087467 -0.27203041315078735 0.4855169951915741
v -0.007997412234544754 -0.18631573021411896 0.07901915162801743
v 0.003260764991864562 -0.11769603192806244 0.05172145366668701
v -0.008507277816534042 -0.10549493879079819 0.4073798954486847
v -0.02897217683494091 0.027166713029146194 0.6420964002609253
v -0.024265186861157417 0.20406724512577057 -0.19190087914466858
v -0.03847045823931694 0.286241739988327 -0.34056925773620605
v -0.02238534577190876 0.2635153532028198 0.6276974678039551
v -0.03229781985282898 0.3892131745815277 -0.26662519574165344
v -0.024259941652417183 0.3891541063785553 -0.385811448097229
v -0.04433860629796982 0.5360897183418274 -0.21038596332073212
v -0.019240086898207664 0.6950773000717163 -0.35153624415397644
v -0.0028615728951990604 0.7614921927452087 0.4935466945171356
v 0.001920916372910142 -0.0627259686589241 0.41133448481559753
v -0.028416506946086884 -0.06110590323805809 -0.06294950097799301
v 0.022268926724791527 -0.01973472535610199 0.08688962459564209
v -0.02185448259115219 -0.0032875933684408665 0.048592451959848404
v -0.01856415532529354 0.18008556962013245 -0.35042479634284973
v -0.024500122293829918 0.2587621808052063 -0.36770930886268616
v -0.026727968826889992 0.5227625966072083 -0.23869721591472626
v -0.037333205342292786 0.5630672574043274 -0.2955241799354553
v -0.03533024340867996 0.5232172608375549 -0.2827286124229431
v -0.026600243523716927 0.5883303284645081 -0.19437071681022644
v -0.01776106096804142 0.641115128993988 0.6418034434318542
v -0.03235107660293579 0.7379853129386902 0.0034950922708958387
v -0.054053474217653275 0.7848642468452454 -0.06605283915996552
v -0.02935206890106201 0.8087896704673767 -0.0012512844987213612
v -0.03848595544695854 0.83180171251297 -0.10256291925907135
v -0.03806031122803688 0.7995645999908447 -0.12134972959756851
v 0.013372717425227165 0.8541199564933777 0.15697205066680908
v -0.02237379364669323 0.8868388533592224 0.38538727164268494
v -0.03362235054373741 0.9159607291221619 0.14171896874904633
v 0.012149171903729439 -0.8281645178794861 0.05314032733440399
v -0.0008751278510317206 -0.1763327419757843 0.4817190170288086
v -0.016406206414103508 0.037284042686223984 -0.290862500667572
v -0.0177399143576622 0.0588587261736393 -0.3053387999534607
v -0.02612973377108574 0.246326744556427 0.6345158219337463
v -0.019762126728892326 0.3079117238521576 -0.3202905058860779
v -0.020585324615240097 0.5075831413269043 0.6300252079963684
v -0.04489675536751747 0.5297077298164368 -0.338653564453125
v -0.022145479917526245 0.7045242190361023 0.6178929209709167
v -0.018504779785871506 0.7412248849868774 0.046003926545381546
v -0.024084659293293953 0.756374716758728 0.5810983180999756
v -0.028986100107431412 0.8200096487998962 -0.14107200503349304
v -0.0026596884708851576 0.8341057300567627 0.45142078399658203
v 0.0252287108451128 -0.8264248371124268 0.34725236892700195
v 0.028161626309156418 -0.4846428334712982 0.5211812853813171
v 0.05255730450153351 -0.413408100605011 0.06757399439811707
v -0.020011531189084053 -0.08233067393302917 -0.13140510022640228
v 0.03405079245567322 -0.03305789455771446 0.07424209266901016
v -0.00858581718057394 0.05169287696480751 -0.19257649779319763
v -0.01678125374019146 0.07265005260705948 -0.09695787727832794
v -0.01720443181693554 0.19723919034004211 -0.3832084834575653
v -0.01473232265561819 0.25589218735694885 -0.32552093267440796
v -0.012749985791742802 0.2682395279407501 -0.3663347363471985
v 0.014418518170714378 0.34638744592666626 0.6394984722137451
v -0.013617676682770252 0.37914803624153137 -0.2098608911037445
v -0.022959856316447258 0.40343403816223145 -0.4033820331096649
v -0.008219718933105469 0.5202442407608032 -0.3600951135158539
v -0.01314567495137453 0.5290305018424988 -0.25304001569747925
v -0.02543381229043007 0.5369842052459717 -0.3643663227558136
v -0.018233446404337883 0.5789530873298645 -0.1980159878730774
v -0.017982907593250275 0.5761770606040955 -0.29435133934020996
v -0.0244559608399868 0.7734220623970032 0.1636386513710022
v -0.01463238149881363 0.7623687982559204 0.06989870965480804
v 0.0042726448737084866 0.799233078956604 0.15952718257904053
v -0.00197338848374784 0.7949246764183044 0.5093839764595032
v 0.0049149589613080025 -0.24999332427978516 0.4990974962711334
v 0.024534499272704124 -0.10577874630689621 0.46554863452911377
v 0.001977866981178522 -0.041770923882722855 -0.03445887193083763
v -0.014353159815073013 0.06628963351249695 -0.09090765565633774
v 0.027009768411517143 0.1028660386800766 0.682058572769165
v 0.024459149688482285 0.17652878165245056 0.7056899666786194
v 0.0008554576779715717 0.45400476455688477 -0.3456462025642395
v 0.0066325305961072445 0.624138593673706 -0.23328614234924316
v -0.004566747695207596 0.7526103854179382 -0.07767420262098312
v -0.002712075598537922 0.8224673867225647 -0.05244574323296547
v 0.022892042994499207 -0.1445009708404541 0.4694068133831024
v -0.002704183105379343 -0.03657577559351921 -0.1341441422700882
v 0.029183877632021904 0.08037766069173813 0.6621975898742676
v 0.01475856639444828 0.12446216493844986 -0.24271050095558167
v -0.006660607643425465 0.1896183043718338 -0.3713347017765045
v -0.002890423871576786 0.39635100960731506 -0.3686709403991699
v -0.0004325366753619164 0.4131949543952942 -0.3826455771923065
v 0.01134415902197361 0.5171988010406494 0.6514983773231506
v -0.002425954444333911 0.5386208295822144 -0.22598320245742798
v 0.01961928978562355 0.5195713639259338 -0.22304852306842804
v 0.013831243850290775 0.5740084052085876 0.6156089901924133
v 0.00007194726640591398 0.570606529712677 -0.1757887601852417
v -0.006987445056438446 0.7048850059509277 -0.3427158296108246
v 0.0021988272201269865 0.7752849459648132 0.040604367852211
v 7.09924108832638e-7 0.8125939965248108 -0.11204568296670914
v 0.03134514018893242 0.8705153465270996 0.17921365797519684
v 0.028397629037499428 -0.8608953952789307 0.12871119379997253
v 0.030189458280801773 -0.8647232055664062 0.24538467824459076
v 0.05007994547486305 -0.170026957988739 0.061366818845272064
v 0.04633047431707382 -0.1399817317724228 0.41114741563796997
v 0.009042941965162754 -0.05267973244190216 -0.10799328982830048
v 0.009803029708564281 -0.030123014003038406 0.09972511231899261
v 0.03276414796710014 -0.007332546636462212 -0.02305271476507187
v 0.013654584996402264 0.08070650696754456 -0.06894727796316147
v 0.016957011073827744 0.21882186830043793 -0.15952228009700775
v 0.019128844141960144 0.39520329236984253 -0.23413318395614624
v 0.00002662943552422803 0.5571684837341309 -0.2954978942871094
v 0.014899235218763351 0.7143329381942749 -0.2554384469985962
v 0.02043091133236885 0.7117659449577332 -0.12052150815725327
v 0.014236132614314556 0.7360776662826538 -0.007885868661105633
v 0.01730438694357872 0.803396463394165 0.08651503920555115
v 0.06037895753979683 0.8685445785522461 0.224894180893898
v 0.04547273367643356 -0.2721262276172638 0.08922676742076874
v 0.0006255344487726688 -0.20037974417209625 0.5188156366348267
v 0.03343263268470764 -0.10987959057092667 0.43446141481399536
v 0.033337876200675964 -0.035792283713817596 0.12764820456504822
v 0.0265186857432127 0.011141162365674973 0.021514251828193665
v 0.042287398129701614 0.02413221262395382 0.6300691962242126
v 0.029097631573677063 0.10549508035182953 -0.21757616102695465
v 0.03970500826835632 0.2054777592420578 0.6859782338142395
v 0.02932455949485302 0.24559837579727173 0.6200680732727051
v 0.02487769164144993 0.2857942283153534 -0.2649437189102173
v 0.04123879224061966 0.4701097905635834 0.6311988234519958
v 0.03932489827275276 0.5053088665008545 0.6464518904685974
v 0.04473051801323891 0.7465091347694397 0.5364497303962708
v 0.04986649751663208 -0.36034703254699707 0.49269402027130127
v 0.02752346359193325 -0.24394944310188293 0.5259252190589905
v 0.02363830991089344 -0.15858431160449982 0.5108175277709961
v 0.04202168807387352 -0.01908187009394169 0.5796721577644348
v 0.03824373334646225 0.021630149334669113 -0.06205923110246658
v 0.02456546202301979 0.08012916147708893 -0.17721004784107208
v 0.03254576399922371 0.10160071402788162 -0.07228098064661026
v 0.012669403105974197 0.3824754059314728 -0.18851134181022644
v 0.030022503808140755 0.555972158908844 -0.13814863562583923
v 0.051833342760801315 0.6199426651000977 0.5834966897964478
v 0.017940644174814224 0.7761186361312866 0.010809785686433315
v 0.05855103209614754 -0.597725510597229 -0.00008226059435401112
v 0.05329189449548721 -0.4274080991744995 0.5022164583206177
v 0.026945462450385094 -0.21749413013458252 0.5085615515708923
v 0.0754421055316925 -0.1455908864736557 0.05966808646917343
v 0.0742543488740921 -0.06038723140954971 0.36027541756629944
v 0.0463181771337986 -0.05890612676739693 0.12088097631931305
v 0.0411091111600399 0.43794646859169006 -0.2579096257686615
v 0.07392953336238861 0.5004648566246033 -0.15226754546165466
v 0.055400338023900986 0.5833911895751953 0.634559154510498
v 0.03817407786846161 0.6530928015708923 -0.20969782769680023
v 0.03898106887936592 0.7105509638786316 -0.044287506490945816
v 0.03573381155729294 0.8143799304962158 0.12180721014738083
v 0.03800433129072189 0.7968438863754272 0.1864818036556244
v 0.05067639797925949 -0.7868196368217468 0.02377067692577839
v 0.07981114834547043 -0.6932076811790466 0.4669692814350128
v 0.03897492587566376 -0.4302641451358795 0.5698860287666321
v 0.03503728657960892 -0.3993605673313141 0.5579071640968323
v 0.027929624542593956 -0.43834957480430603 0.5447430610656738
v 0.043845273554325104 -0.3863261044025421 0.5050144791603088
v 0.06420426815748215 -0.2761048674583435 0.5003613829612732
v 0.03707628324627876 -0.17840270698070526 0.4904945194721222
v 0.0652209222316742 -0.17508921027183533 0.09959857910871506
v 0.05047516152262688 -0.11064040660858154 0.4888031780719757
v 0.036228813230991364 0.07728100568056107 -0.059019722044467926
v 0.033325228840112686 0.242289736866951 -0.2646275460720062
v 0.042938586324453354 0.3611348271369934 -0.17082983255386353
v 0.06826554238796234 0.41966527700424194 -0.1729533076286316
v 0.06225718557834625 0.529471218585968 -0.14967988431453705
v 0.06413789093494415 0.689225971698761 0.558193564414978
v 0.04589196667075157 0.6761749982833862 0.5103005170822144
v 0.07608086615800858 0.7324331402778625 0.4591742753982544
v 0.10735113173723221 0.8114522695541382 0.3496039807796478
v 0.07210807502269745 -0.5810952186584473 0.5068254470825195
v 0.06532222032546997 -0.2695413827896118 0.46116602420806885
v 0.0781608447432518 -0.13174472749233246 0.3800087869167328
v 0.05720140412449837 -0.0329306498169899 0.11738543212413788
v 0.05209873989224434 0.25428664684295654 -0.16445432603359222
v 0.06761982291936874 0.593044638633728 -0.11679593473672867
v 0.11838659644126892 0.7763689756393433 0.38534414768218994
v 0.10340763628482819 0.8329026699066162 0.3044349253177643
v 0.06849300116300583 -0.8421047925949097 0.2596806585788727
v 0.10537746548652649 -0.8227071166038513 0.13335485756397247
v 0.11189578473567963 -0.7318630218505859 0.41561752557754517
v 0.08657100051641464 -0.48315614461898804 0.4970652759075165
v 0.05552460998296738 -0.4452710449695587 0.5560213923454285
v 0.08264650404453278 -0.3306474983692169 0.46164414286613464
v 0.04311912879347801 -0.00818493403494358 0.052633918821811676
v 0.06185190752148628 -0.03570044785737991 -0.006514211185276508
v 0.055718809366226196 0.13300654292106628 -0.10016782581806183
v 0.08017877489328384 0.10254328697919846 0.6569119095802307
v 0.06992368400096893 0.16995559632778168 0.6809918284416199
v 0.0876404196023941 0.21774740517139435 0.5956168174743652
v 0.05700647458434105 0.29164788126945496 -0.18684668838977814
v 0.08021979033946991 0.2659536600112915 0.5997799038887024
v 0.0954398512840271 0.8037153482437134 -0.11221327632665634
v 0.072506383061409 0.8246197700500488 0.22327443957328796
v 0.05057000368833542 0.7731404304504395 0.20728136599063873
v 0.0673784390091896 -0.8515664339065552 0.200184166431427
v 0.0691094845533371 -0.3454301953315735 0.510459303855896
v 0.05739038065075874 -0.24315302073955536 0.49658775329589844
v 0.0769168958067894 -0.09737973660230637 0.40848177671432495
v 0.0922122672200203 -0.045145925134420395 0.088985376060009
v 0.1497909277677536 -0.05209257826209068 0.34863901138305664
v 0.0680328905582428 -0.025276213884353638 -0.09594079107046127
v 0.1147809848189354 -0.07382465153932571 -0.1917629987001419
v 0.06324245780706406 0.09340277314186096 -0.07574151456356049
v 0.0623958483338356 0.16409504413604736 -0.1331881880760193
v 0.0610804408788681 0.19470751285552979 -0.13205423951148987
v 0.0807841569185257 0.2301781177520752 -0.14216890931129456
v 0.0774235650897026 0.6180537939071655 0.6072534322738647
v 0.06086346507072449 0.6573016047477722 -0.12094294279813766
v 0.06344986706972122 0.6833730340003967 -0.05832447484135628
v 0.08629361540079117 0.8173772692680359 -0.061735786497592926
v 0.10988833010196686 -0.6122831702232361 0.4794558882713318
v 0.09260435402393341 -0.5171908736228943 0.034361351281404495
v 0.06365787237882614 -0.4765377342700958 0.5562285780906677
v 0.06848227977752686 -0.4723786413669586 0.5811152458190918
v 0.0703929141163826 -0.3801236152648926 0.560200572013855
v 0.09369432181119919 -0.2606838345527649 0.5051498413085938
v 0.08496396988630295 -0.12927304208278656 0.48145592212677
v 0.09503072500228882 -0.1030627191066742 0.08064611256122589
v 0.26795467734336853 -0.007630393840372562 0.42325809597969055
v 0.08296564221382141 -0.011360163800418377 0.07349683344364166
v 0.14446453750133514 0.009855757467448711 0.5523054599761963
v 0.10038632154464722 0.09876362979412079 -0.0866691842675209
v 0.06978822499513626 0.35806164145469666 -0.16268785297870636
v 0.07008743286132812 0.43598902225494385 -0.17325295507907867
v 0.05402030050754547 0.5595135688781738 -0.12522031366825104
v 0.06039073318243027 0.6298930644989014 0.5558502078056335
v 0.11170972883701324 0.7149375081062317 0.42054876685142517
v 0.09559638798236847 0.8260375261306763 -0.012606343254446983
v 0.0800858587026596 -0.8023890256881714 0.343360960483551
v 0.08838561922311783 -0.7289283871650696 0.011883762665092945
v 0.0710146427154541 -0.4513510763645172 0.532940149307251
v 0.10242006182670593 -0.34287387132644653 0.5407139658927917
v 0.1014123186469078 -0.2668149471282959 0.4620891809463501
v 0.09861508011817932 -0.27500638365745544 0.11400142312049866
v 0.10355912894010544 -0.17930375039577484 0.46636319160461426
v 0.08753082156181335 -0.09469220042228699 0.4360426664352417
v 0.07897059619426727 -0.11153529584407806 0.46591952443122864
v 0.07895612716674805 -0.06099822372198105 0.15804067254066467
v 0.08499164879322052 -0.06267765164375305 0.14576689898967743
v 0.10324493050575256 -0.044236406683921814 0.18786272406578064
v 0.09386896342039108 -0.039223432540893555 0.15205000340938568
v 0.07515072822570801 0.12207227945327759 -0.10339776426553726
v 0.07178378850221634 0.2530997693538666 -0.1635395884513855
v 0.0817393809556961 0.35505133867263794 -0.1689572036266327
v 0.13505364954471588 0.43596166372299194 0.6005598306655884
v 0.09782388806343079 0.5378485321998596 0.6214799284934998
v 0.11697766184806824 0.6365008354187012 0.5305619239807129
v 0.1112520694732666 0.7465792298316956 -0.10845786333084106
v 0.09054172784090042 0.820403516292572 0.0857117548584938
v 0.07122904062271118 -0.9564859867095947 0.2683933973312378
v 0.07753094285726547 -0.9651714563369751 0.18050038814544678
v 0.09658531099557877 -0.47809818387031555 0.552974283695221
v 0.09900497645139694 -0.41571351885795593 0.0810604840517044
v 0.11167038232088089 -0.11574573069810867 0.33075955510139465
v 0.09129805862903595 -0.06075724586844444 -0.06736379116773605
v 0.09483252465724945 0.0960061177611351 0.6261612772941589
v 0.09511911123991013 0.27058643102645874 -0.2704625725746155
v 0.08294092863798141 0.6179436445236206 -0.09387902915477753
v 0.09550900012254715 0.667788565158844 -0.04660298675298691
v 0.0842093974351883 -0.9879552721977234 0.2804696559906006
v 0.09360303729772568 -0.953828752040863 0.347125381231308
v 0.12340693175792694 -0.7640318274497986 0.07234317809343338
v 0.10557790100574493 -0.671859622001648 0.011255273595452309
v 0.10916360467672348 -0.42414048314094543 0.5821470618247986
v 0.12571975588798523 -0.2471562772989273 0.48177504539489746
v 0.13072450459003448 -0.07029087096452713 0.39046576619148254
v 0.10626827925443649 -0.05851449817419052 0.31231606006622314
v 0.11682871729135513 0.12959711253643036 -0.2275877147912979
v 0.13822488486766815 0.227045938372612 -0.17638108134269714
v 0.11177065223455429 0.23624613881111145 -0.24465429782867432
v 0.08853732794523239 0.4652446210384369 -0.1439419388771057
v 0.1254398673772812 0.6057634949684143 0.5913748145103455
v 0.11211536824703217 0.7789170145988464 0.12798118591308594
v 0.10490617901086807 -0.9939567446708679 0.1633702516555786
v 0.10072585940361023 -0.9742975831031799 0.13426920771598816
v 0.09777336567640305 -0.8699837327003479 0.314107209444046
v 0.1259480118751526 -0.5099045038223267 0.47245144844055176
v 0.09536360204219818 -0.2332291156053543 0.43008941411972046
v 0.12882237136363983 -0.1738560050725937 0.14911524951457977
v 0.14171887934207916 -0.09461120516061783 0.4101356565952301
v 0.11001584678888321 -0.07145071029663086 0.18522103130817413
v 0.11051618307828903 -0.04533280059695244 -0.012899307534098625
v 0.1268981546163559 -0.0319109708070755 0.13311100006103516
v 0.10791898518800735 0.1457725316286087 0.6345426440238953
v 0.14882902801036835 0.06774748861789703 -0.25956615805625916
v 0.14274248480796814 0.38896024227142334 -0.25311747193336487
v 0.14457358419895172 0.4172440767288208 -0.2310747653245926
v 0.125618577003479 0.46530961990356445 -0.16247348487377167
v 0.16606563329696655 0.6068018674850464 -0.2611510753631592
v 0.12026564031839371 0.6461212038993835 0.5607315897941589
v 0.11307619512081146 0.8134920597076416 0.29710909724235535
v 0.11780597269535065 -0.9817771911621094 0.42166629433631897
v 0.11885492503643036 -0.3206484019756317 0.4232517182826996
v 0.1622525304555893 0.07569801062345505 0.5863301753997803
v 0.11711768805980682 0.2766375243663788 -0.3005226254463196
v 0.15117694437503815 0.5378220081329346 -0.2690659463405609
v 0.1675572395324707 0.5797768831253052 -0.3006953299045563
v 0.1145813837647438 0.6451765298843384 -0.07186724990606308
v 0.11658817529678345 0.7479131817817688 0.13007915019989014
v 0.1036461889743805 0.7566325664520264 0.2960648238658905
v 0.14429780840873718 -0.9997186660766602 0.37795427441596985
v 0.12233081459999084 -0.9143760800361633 0.3714725375175476
v 0.13020092248916626 -0.8172446489334106 0.4028787314891815
v 0.14869262278079987 -0.6154874563217163 0.030180735513567924
v 0.12295687198638916 -0.5023855566978455 0.5177058577537537
v 0.15522149205207825 -0.14437200129032135 0.11074058711528778
v 0.11718248575925827 -0.1627091020345688 0.47377991676330566
v 0.09267625212669373 -0.13988570868968964 0.44315624237060547
v 0.154387965798378 -0.12466777116060257 0.3873351216316223
v 0.12471260875463486 -0.10101514309644699 0.2902185618877411
v 0.14625054597854614 -0.056846149265766144 0.1276344507932663
v 0.13183031976222992 -0.06202021613717079 -0.19102045893669128
v 0.1147102564573288 0.1443532556295395 0.5967186689376831
v 0.14043106138706207 0.27204567193984985 0.5357296466827393
v 0.1244538351893425 0.5282772183418274 0.5835769176483154
v 0.1407640129327774 0.7538111209869385 0.19072648882865906
v 0.12285488843917847 -0.9601778984069824 0.4429762065410614
v 0.13725051283836365 -0.9071288704872131 0.09512542933225632
v 0.1651313304901123 -0.7008246183395386 0.044620294123888016
v 0.1654144674539566 -0.553898811340332 0.05248136445879936
v 0.16911910474300385 -0.4579527974128723 0.09552040696144104
v 0.1370440572500229 -0.31382128596305847 0.4667096436023712
v 0.1234665960073471 -0.2441573590040207 0.1365431249141693
v 0.1203947365283966 -0.07948078215122223 0.33853641152381897
v 0.13132864236831665 -0.08781523257493973 -0.18931828439235687
v 0.12019525468349457 -0.050748515874147415 0.24647672474384308
v 0.12964533269405365 -0.050050362944602966 0.21736541390419006
v 0.13279002904891968 0.1504947543144226 -0.23517370223999023
v 0.14891834557056427 0.3188380300998688 -0.22612378001213074
v 0.13860896229743958 0.36040759086608887 -0.25460484623908997
v 0.17175889015197754 0.6222225427627563 -0.2107888162136078
v 0.15578693151474 0.6699097752571106 0.47389301657676697
v 0.14813834428787231 0.7082694172859192 -0.05513305962085724
v 0.11504347622394562 0.7377369403839111 0.35844722390174866
v 0.1511233001947403 0.8059470653533936 -0.1812131553888321
v 0.14310190081596375 0.822496235370636 -0.14444169402122498
v 0.13903068006038666 -0.28286463022232056 0.15401118993759155
v 0.12797249853610992 -0.20017270743846893 0.3683256208896637
v 0.1428176909685135 -0.20326876640319824 0.4595136344432831
v 0.13732759654521942 -0.2322632521390915 0.3624531924724579
v 0.11920338124036789 -0.19605833292007446 0.4325871765613556
v 0.15852780640125275 -0.17800427973270416 0.38373619318008423
v 0.15653873980045319 -0.1707393229007721 0.14055320620536804
v 0.14337638020515442 -0.043894048780202866 -0.0415378212928772
v 0.12576165795326233 0.08203501254320145 -0.0898701548576355
v 0.1372000277042389 0.2158026248216629 -0.3369988203048706
v 0.1479862481355667 0.6388559341430664 0.53696209192276
v 0.16963471472263336 0.7453359365463257 0.24231509864330292
v 0.1309879869222641 0.8107584714889526 0.034491512924432755
v 0.14182926714420319 0.82291179895401 -0.06105325371026993
v 0.146396666765213 -0.9912900328636169 0.45134609937667847
v 0.1426677107810974 -0.9119518399238586 0.387474000453949
v 0.14223666489124298 -0.9360019564628601 0.44728970527648926
v 0.14862363040447235 -0.869800865650177 0.3557317852973938
v 0.15809743106365204 -0.6440885663032532 0.43345290422439575
v 0.15533752739429474 -0.49220332503318787 0.5286940932273865
v 0.1471782773733139 -0.433061420917511 0.5735569000244141
v 0.1653977483510971 -0.39109736680984497 0.5626734495162964
v 0.15231770277023315 -0.3371555209159851 0.5256506204605103
v 0.15079495310783386 -0.33877161145210266 0.15320593118667603
v 0.14415499567985535 -0.05765266343951225 0.27339547872543335
v 0.14048586785793304 0.0033059651032090187 0.059854768216609955
v 0.1691606491804123 0.04776685684919357 -0.24301940202713013
v 0.13677027821540833 0.09035680443048477 -0.08991627395153046
v 0.13914862275123596 0.17878158390522003 0.5248867273330688
v 0.1420385241508484 0.22888843715190887 -0.3784060478210449
v 0.1449388861656189 0.3186168968677521 0.5630264282226562
v 0.1475079357624054 0.2612050175666809 -0.33800482749938965
v 0.16833192110061646 0.6269407868385315 -0.11551851779222488
v 0.12988632917404175 0.6798089742660522 -0.0664813295006752
v 0.143116757273674 0.7419941425323486 0.09547653049230576
v 0.1385805606842041 0.7395002245903015 0.07538473606109619
v 0.18208026885986328 -0.9966859221458435 0.12917460501194
v 0.1643725484609604 -0.8254789710044861 0.09848103672266006
v 0.1646227240562439 -0.7478795647621155 0.45328015089035034
v 0.15075992047786713 -0.5214540362358093 0.4375947117805481
v 0.16224262118339539 -0.4036972224712372 0.13335411250591278
v 0.14540180563926697 -0.33278998732566833 0.34272924065589905
v 0.16553851962089539 -0.1928100436925888 0.10841064900159836
v 0.14946264028549194 -0.18749196827411652 0.3573351800441742
v 0.14727526903152466 -0.09896740317344666 0.12747550010681152
v 0.16473807394504547 0.018573028966784477 -0.09620853513479233
v 0.14986072480678558 0.09814699739217758 -0.038484103977680206
v 0.16906306147575378 0.1568489670753479 -0.2417658418416977
v 0.1594143956899643 0.2299354076385498 -0.26636120676994324
v 0.164076566696167 0.23670049011707306 -0.17104671895503998
v 0.1506814956665039 0.6124866604804993 0.5343083143234253
v 0.17129173874855042 0.713863730430603 0.3761093318462372
v 0.16409476101398468 -0.979857861995697 0.4753795564174652
v 0.16847184300422668 -0.9669979810714722 0.09084802120923996
v 0.18100620806217194 -0.9010576009750366 0.08075632899999619
v 0.18374212086200714 -0.31554022431373596 0.3835561275482178
v 0.14259451627731323 -0.2740510106086731 0.17126451432704926
v 0.1638132929801941 -0.028492696583271027 -0.11057423055171967
v 0.16572758555412292 0.07356222718954086 -0.29201969504356384
v 0.19493447244167328 0.12813852727413177 0.5640643239021301
v 0.15844088792800903 0.48256000876426697 0.5937145352363586
v 0.1674880087375641 0.8158156871795654 -0.16509702801704407
v 0.168227419257164 0.8113172054290771 0.13059252500534058
v 0.16563712060451508 0.8003576993942261 -0.06310450285673141
v 0.1928429901599884 -0.8760585188865662 0.36611273884773254
v 0.16228953003883362 -0.3276294767856598 0.18924763798713684
v 0.20779776573181152 -0.25902870297431946 0.0978882759809494
v 0.17787306010723114 -0.24179595708847046 0.3644833266735077
v 0.18090569972991943 -0.04260575771331787 0.2032306045293808
v 0.2082267701625824 0.0009209758136421442 0.08694826811552048
v 0.159268319606781 0.22382262349128723 -0.37281888723373413
v 0.17975164949893951 0.25114861130714417 0.5370086431503296
v 0.1808122843503952 0.37850770354270935 0.5586877465248108
v 0.2348475605249405 0.31895166635513306 -0.36479008197784424
v 0.15261679887771606 0.7123959064483643 0.0010614017955958843
v 0.16782259941101074 0.7215988636016846 0.05681547150015831
v 0.16021038591861725 0.7230565547943115 -0.035341206938028336
v 0.17053812742233276 0.8147364854812622 0.09805211424827576
v 0.25544315576553345 -1.0011001825332642 0.35718271136283875
v 0.17856207489967346 -0.9472944736480713 0.45485344529151917
v 0.18981492519378662 -0.8250421285629272 0.42630520462989807
v 0.22964295744895935 -0.773861289024353 0.0574612133204937
v 0.1988428682088852 -0.45340877771377563 0.5231369137763977
v 0.16893988847732544 -0.31017380952835083 0.36993131041526794
v 0.22657963633537292 -0.3274232745170593 0.4377228021621704
v 0.18343986570835114 -0.26466619968414307 0.1476820856332779
v 0.17470058798789978 -0.07799223810434341 0.3578324615955353
v 0.17821703851222992 0.026579853147268295 -0.005041184835135937
v 0.17043502628803253 0.01667061075568199 0.04931207373738289
v 0.17002564668655396 0.09679631888866425 -0.06088454648852348
v 0.17536838352680206 0.3092237412929535 -0.22284334897994995
v 0.19993437826633453 0.3410843014717102 0.5185927748680115
v 0.20372776687145233 0.3057236075401306 -0.30545106530189514
v 0.1753585934638977 0.45935946702957153 -0.14996054768562317
v 0.25804591178894043 0.7356497645378113 -0.21929532289505005
v 0.2001575082540512 0.7906948328018188 0.03762984648346901
v 0.18925921618938446 -1.0005567073822021 0.3855348527431488
v 0.18401318788528442 -0.9189954996109009 0.40471214056015015
v 0.21694761514663696 -0.6968993544578552 0.46084046363830566
v 0.17152658104896545 -0.58173006772995 0.4089277386665344
v 0.16567358374595642 -0.5208956003189087 0.4088307321071625
v 0.19464023411273956 -0.3692949116230011 0.19845156371593475
v 0.168617382645607 -0.26358461380004883 0.16447703540325165
v 0.18388685584068298 -0.29214173555374146 0.1339150220155716
v 0.1972798854112625 -0.0778336375951767 0.22296972572803497
v 0.23980237543582916 0.02705281600356102 0.5174731016159058
v 0.1700071543455124 0.07379748672246933 -0.02895885892212391
v 0.20385576784610748 0.10802983492612839 -0.07781846076250076
v 0.19782979786396027 0.36976221203804016 0.5548617839813232
v 0.21181119978427887 0.4618850648403168 0.562575101852417
v 0.23567508161067963 0.7418786883354187 -0.18146862089633942
v 0.20498012006282806 0.6802327632904053 0.41446197032928467
v 0.20933379232883453 0.7291293740272522 -0.05127055197954178
v 0.1930689513683319 -0.9353965520858765 0.4131937325000763
v 0.22213947772979736 -0.7780699729919434 0.4564148783683777
v 0.22103537619113922 -0.5132806301116943 0.382225900888443
v 0.20959912240505219 -0.34789779782295227 0.4942152798175812
v 0.18939916789531708 -0.3114660680294037 0.11310762912034988
v 0.17675431072711945 -0.1669483780860901 0.326787531375885
v 0.188429594039917 -0.14103227853775024 0.1741185188293457
v 0.16837306320667267 -0.17864073812961578 0.1742091327905655
v 0.17065395414829254 -0.16990378499031067 0.14876994490623474
v 0.19449567794799805 -0.13496463000774384 0.3183862268924713
v 0.18772469460964203 -0.04953658580780029 0.28764548897743225
v 0.1863129585981369 0.025383325293660164 -0.3176943361759186
v 0.19873440265655518 0.030114924535155296 -0.2975732088088989
v 0.1985701322555542 0.04837286099791527 -0.3141665458679199
v 0.18592415750026703 0.26353541016578674 -0.21827973425388336
v 0.21809399127960205 0.6048502922058105 -0.28198641538619995
v 0.20539294183254242 0.7010916471481323 0.03633730486035347
v 0.2077857255935669 -0.5473002791404724 0.08600273728370667
v 0.21984441578388214 -0.5599961280822754 0.3889945149421692
v 0.2294500172138214 -0.4925641417503357 0.4390067458152771
v 0.22438761591911316 -0.4641621708869934 0.14707276225090027
v 0.21254943311214447 -0.22224365174770355 0.071656733751297
v 0.22574631869792938 -0.17497703433036804 0.10887496918439865
v 0.208438441157341 -0.15427732467651367 0.1804567277431488
v 0.19187849760055542 -0.15549354255199432 0.2921094596385956
v 0.19259104132652283 -0.10672411322593689 0.324148029088974
v 0.20253702998161316 0.06509488821029663 -0.22425347566604614
v 0.21304361522197723 0.03934287652373314 -0.10025453567504883
v 0.27738022804260254 0.09404496848583221 0.54048752784729
v 0.19842834770679474 0.2634643614292145 -0.12470901012420654
v 0.24178536236286163 0.33526575565338135 -0.3642238676548004
v 0.2177606225013733 0.39445677399635315 -0.27242183685302734
v 0.20898489654064178 0.44864314794540405 -0.12383168935775757
v 0.2241080105304718 0.5625521540641785 -0.35654908418655396
v 0.20122130215168 0.7254024147987366 0.2796555459499359
v 0.19880035519599915 -0.9737315773963928 0.428652286529541
v 0.23797014355659485 -0.8303870558738708 0.10093256086111069
v 0.23348134756088257 -0.635427713394165 0.08658619970083237
v 0.21681922674179077 -0.3952930271625519 0.5192132592201233
v 0.1928367167711258 -0.3128938674926758 0.1270401030778885
v 0.19543108344078064 -0.3053438067436218 0.13739149272441864
v 0.19519101083278656 -0.31556275486946106 0.09660246968269348
v 0.23081208765506744 -0.3188367486000061 0.3884236812591553
v 0.1857091337442398 -0.26875486969947815 0.13260164856910706
v 0.26994526386260986 -0.1715935915708542 0.051741406321525574
v 0.1970411092042923 -0.147490456700325 0.20727171003818512
v 0.20795737206935883 -0.04032080993056297 0.2423122078180313
v 0.24335774779319763 0.17050711810588837 0.5077692270278931
v 0.21361888945102692 0.14105670154094696 -0.23740719258785248
v 0.22332294285297394 0.4227830469608307 -0.15576262772083282
v 0.22160765528678894 0.5784258246421814 -0.35640111565589905
v 0.2103460431098938 0.5979915261268616 -0.10633711516857147
v 0.2285742163658142 0.6160897016525269 0.4792661964893341
v 0.22529400885105133 0.6908352971076965 0.010424736887216568
v 0.24383153021335602 0.7559564709663391 -0.152708500623703
v 0.2288850098848343 0.8435226678848267 0.1858794093132019
v 0.23753264546394348 0.8567097783088684 0.054519057273864746
v 0.24736861884593964 -0.9661672711372375 0.09357188642024994
v 0.20209194719791412 -0.32471439242362976 0.13129572570323944
v 0.25433167815208435 -0.3297371566295624 0.19449447095394135
v 0.2609313428401947 -0.23530492186546326 0.0778418779373169
v 0.21577446162700653 -0.24649502336978912 0.17388106882572174
v 0.20960325002670288 -0.2071225941181183 0.16000176966190338
v 0.2131752073764801 -0.09513343870639801 0.22260764241218567
v 0.26687875390052795 -0.01243576593697071 0.1734246015548706
v 0.23056356608867645 -0.053437259048223495 -0.001613863743841648
v 0.21434003114700317 0.06544646620750427 -0.04682521894574165
v 0.22424151003360748 0.038050249218940735 -0.13161543011665344
v 0.2134513407945633 0.3108946979045868 -0.15486042201519012
v 0.23312167823314667 0.5228550434112549 0.5306929349899292
v 0.2690753638744354 0.8921906352043152 0.10182978212833405
v 0.24726887047290802 -0.9922961592674255 0.45815765857696533
v 0.22106079757213593 -0.9358060956001282 0.43995386362075806
v 0.2505069077014923 -0.9150032997131348 0.39772942662239075
v 0.25319111347198486 -0.6563742756843567 0.4340943396091461
v 0.26067259907722473 -0.3649614155292511 0.04455876722931862
v 0.21023747324943542 -0.3138028085231781 0.12514254450798035
v 0.2064913660287857 -0.3259296417236328 0.12055955827236176
v 0.23175862431526184 -0.3126045763492584 0.14239759743213654
v 0.2239571064710617 -0.24396920204162598 0.1657169908285141
v 0.22380104660987854 -0.14656119048595428 0.32759514451026917
v 0.22421234846115112 -0.1195996105670929 0.30676108598709106
v 0.2186717689037323 -0.09363830089569092 0.2800014019012451
v 0.2347109317779541 0.0593017116189003 -0.1187785416841507
v 0.26860329508781433 0.2592470347881317 0.5075669288635254
v 0.21161311864852905 0.28011852502822876 -0.1239783763885498
v 0.23346124589443207 0.3119603395462036 -0.2541487216949463
v 0.239360511302948 0.3992724120616913 0.5301355719566345
v 0.22539685666561127 0.5292372703552246 -0.2457180917263031
v 0.25820228457450867 0.6670679450035095 -0.1729126125574112
v 0.3109324276447296 0.7353466153144836 -0.25971293449401855
v 0.24557222425937653 0.6840701699256897 0.31143108010292053
v 0.2382306605577469 0.7924045920372009 0.243270605802536
v 0.23040035367012024 -0.9683589339256287 0.46750161051750183
v 0.250826358795166 -0.8779832124710083 0.348489373922348
v 0.25981375575065613 -0.729132890701294 0.06563389301300049
v 0.2611423432826996 -0.4905625879764557 0.37630724906921387
v 0.23495692014694214 -0.41373464465141296 0.22199022769927979
v 0.24943390488624573 -0.37562692165374756 0.12175282835960388
v 0.20663751661777496 -0.16583433747291565 0.26162344217300415
v 0.23021502792835236 -0.20302975177764893 0.2349359691143036
v 0.2201065719127655 -0.15939444303512573 0.23390281200408936
v 0.23360031843185425 -0.15717628598213196 0.3138115704059601
v 0.20929346978664398 -0.1576041728258133 0.27581164240837097
v 0.216216579079628 -0.13228265941143036 0.2996281385421753
v 0.22955234348773956 -0.1473250389099121 0.2599910497665405
v 0.22338461875915527 -0.13083049654960632 0.22641009092330933
v 0.25155842304229736 -0.06855682283639908 -0.06675032526254654
v 0.22423100471496582 -0.012736408039927483 -0.05358273163437843
v 0.2249857485294342 0.09267988801002502 -0.24062861502170563
v 0.2154095470905304 0.12213343381881714 -0.05180102586746216
v 0.23954199254512787 0.14324605464935303 -0.09352073818445206
v 0.22786641120910645 0.3131660521030426 -0.14834800362586975
v 0.2369774729013443 0.49158963561058044 -0.1284693032503128
v 0.2547396719455719 0.6671676635742188 0.031911082565784454
v 0.26324382424354553 -0.9924155473709106 0.13712452352046967
v 0.25885525345802307 -0.9258328080177307 0.4345780611038208
v 0.24440783262252808 -0.30604100227355957 0.13632498681545258
v 0.22719931602478027 -0.20646227896213531 0.18888555467128754
v 0.2186734825372696 -0.19698616862297058 0.20898452401161194
v 0.2465447634458542 -0.22005827724933624 0.2990611493587494
v 0.2543008029460907 -0.18276770412921906 0.12061606347560883
v 0.22172024846076965 -0.16357974708080292 0.21952173113822937
v 0.27726519107818604 -0.020785393193364143 0.3162475526332855
v 0.2652272880077362 0.00653855362907052 0.11184646934270859
v 0.2774571180343628 -0.015181665308773518 -0.09319037944078445
v 0.25626862049102783 0.02358611859381199 -0.13426323235034943
v 0.22578656673431396 0.08876839280128479 -0.05440434440970421
v 0.24110910296440125 0.17141523957252502 -0.16539721190929413
v 0.24412429332733154 0.29516562819480896 -0.3395485579967499
v 0.269843190908432 0.38665223121643066 0.518275260925293
v 0.27472543716430664 0.4688153862953186 0.5074659585952759
v 0.23564010858535767 0.5693541169166565 -0.3442988395690918
v 0.22737346589565277 0.5950509905815125 -0.09699957817792892
v 0.2669316828250885 0.754228413105011 0.0012831155909225345
v 0.25059381127357483 -0.5541515946388245 0.1361110508441925
v 0.30562683939933777 -0.42955729365348816 0.39375126361846924
v 0.2588115632534027 -0.37300053238868713 0.11433897912502289
v 0.20890051126480103 -0.24642649292945862 0.1456993818283081
v 0.280002623796463 -0.21586984395980835 0.10475960373878479
v 0.24558787047863007 -0.22898799180984497 0.20783184468746185
v 0.2480519413948059 -0.2224668711423874 0.28806746006011963
v 0.2522290349006653 -0.16553381085395813 0.2405334711074829
v 0.24589353799819946 -0.15502159297466278 0.2721726596355438
v 0.2560715675354004 -0.17735473811626434 0.22393937408924103
v 0.23236143589019775 0.0796768069267273 -0.04643864557147026
v 0.2385571449995041 0.11737830936908722 -0.02682996727526188
v 0.23540644347667694 0.12990538775920868 -0.04300340265035629
v 0.23325395584106445 0.246581569314003 -0.11665027588605881
v 0.25991854071617126 0.32671454548835754 -0.3698664605617523
v 0.24641382694244385 0.364288866519928 -0.2979535758495331
v 0.23972664773464203 0.3894987106323242 -0.1677711009979248
v 0.24739386141300201 0.45710572600364685 -0.1691986322402954
v 0.23545938730239868 0.574007511138916 -0.2689630389213562
v 0.2484121471643448 0.5533941388130188 -0.08909085392951965
v 0.26903608441352844 -0.9809180498123169 0.472000390291214
v 0.25953739881515503 -0.8438966870307922 0.39446786046028137
v 0.2580808103084564 -0.5560470223426819 0.3225524127483368
v 0.2532200217247009 -0.48795124888420105 0.19509828090667725
v 0.27412232756614685 -0.3797633945941925 0.22152478992938995
v 0.2629154622554779 -0.3616286516189575 0.12244955450296402
v 0.25759410858154297 -0.34638702869415283 0.1366281360387802
v 0.24966365098953247 -0.2631707787513733 0.34319350123405457
v 0.2902359366416931 -0.26160287857055664 0.20298008620738983
v 0.247797429561615 -0.2157852202653885 0.2468385398387909
v 0.2453150898218155 -0.21313084661960602 0.22794243693351746
v 0.24471932649612427 -0.20610208809375763 0.23908013105392456
v 0.3087226152420044 -0.19037918746471405 0.2524445652961731
v 0.2708454728126526 -0.15337815880775452 0.2639218270778656
v 0.28967994451522827 -0.07389001548290253 -0.13031908869743347
v 0.2449439913034439 0.050816860049963 -0.11042839288711548
v 0.2418811023235321 0.3495394289493561 -0.15353937447071075
v 0.24113117158412933 0.4047095775604248 -0.16436102986335754
v 0.25127679109573364 0.5309263467788696 -0.12095031142234802
v 0.26777172088623047 0.6261216402053833 0.41458791494369507
v 0.2805270850658417 0.7472732663154602 -0.12220538407564163
v 0.28383785486221313 0.907528281211853 0.04516369849443436
v 0.25796806812286377 -0.48131880164146423 0.29423975944519043
v 0.2924758493900299 -0.37754523754119873 0.4202011823654175
v 0.2749466598033905 -0.3619406521320343 0.13717615604400635
v 0.278817743062973 -0.3349374532699585 0.36656567454338074
v 0.25552836060523987 -0.2909604012966156 0.14482583105564117
v 0.2636091113090515 -0.3244302272796631 0.14711228013038635
v 0.28237512707710266 -0.3080137372016907 0.21921750903129578
v 0.31749433279037476 -0.15927435457706451 0.02753407694399357
v 0.27039530873298645 -0.2144048810005188 0.29584020376205444
v 0.25829023122787476 -0.1684553325176239 0.3220103085041046
v 0.26362189650535583 -0.0749434158205986 -0.05334542319178581
v 0.27057141065597534 0.10047482699155807 -0.10863273590803146
v 0.29303643107414246 0.0883215069770813 -0.029857464134693146
v 0.24719062447547913 0.16745519638061523 -0.10725370049476624
v 0.2775498628616333 0.2646568715572357 -0.19455932080745697
v 0.25490662455558777 0.3625332713127136 -0.13518431782722473
v 0.26370567083358765 0.4180064797401428 -0.20702224969863892
v 0.2778608202934265 0.6477174758911133 -0.11381390690803528
v 0.30066949129104614 0.7292161583900452 0.0026053052861243486
v 0.27563416957855225 0.7930472493171692 0.2457679957151413
v 0.2963367700576782 -0.7179152965545654 0.43177229166030884
v 0.2544630765914917 -0.44977912306785583 0.25012558698654175
v 0.318444162607193 -0.3455147445201874 -0.004036668222397566
v 0.30614733695983887 -0.34947994351387024 0.13910165429115295
v 0.2881891429424286 -0.26038700342178345 0.049813155084848404
v 0.26710572838783264 -0.2948228418827057 0.16258715093135834
v 0.2804335951805115 -0.21463631093502045 0.0579824224114418
v 0.2688138782978058 -0.2639895975589752 0.1969439685344696
v 0.27264684438705444 -0.2568761110305786 0.3133030831813812
v 0.2817171812057495 -0.23266242444515228 0.3051214814186096
v 0.2761543393135071 -0.13831380009651184 0.07567992806434631
v 0.28029531240463257 -0.039623964577913284 0.028269557282328606
v 0.28441181778907776 0.03960670158267021 0.49262070655822754
v 0.25849512219429016 0.5014234185218811 -0.11136078089475632
v 0.27259770035743713 0.536598265171051 -0.07229851186275482
v 0.333975613117218 0.6276305913925171 -0.17477084696292877
v 0.29315391182899475 0.6637462973594666 -0.025432687252759933
v 0.28059449791908264 0.865624725818634 0.007922804914414883
v 0.3323594331741333 -0.9889428019523621 0.3648231327533722
v 0.29472416639328003 -0.7734609842300415 0.42632240056991577
v 0.3196243345737457 -0.6506741046905518 0.15574075281620026
v 0.2677398920059204 -0.5349000096321106 0.21078035235404968
v 0.26709428429603577 -0.3881494700908661 0.11737477034330368
v 0.2902209460735321 -0.3984934091567993 0.13160192966461182
v 0.263251394033432 -0.3742723762989044 0.12936550378799438
v 0.2883847951889038 -0.2963477671146393 0.32719892263412476
v 0.27614089846611023 -0.2604215741157532 0.2976364493370056
v 0.2765554189682007 -0.1851986050605774 0.24598805606365204
v 0.31496044993400574 -0.20191504061222076 0.2928050756454468
v 0.29280978441238403 0.19910986721515656 -0.11997976899147034
v 0.3131467401981354 0.29537466168403625 -0.23124344646930695
v 0.27788570523262024 0.3348429799079895 0.475742369890213
v 0.30883514881134033 0.5453346371650696 0.4533199071884155
v 0.2687215507030487 0.682913601398468 -0.027364129200577736
v 0.27972057461738586 0.6524616479873657 0.3134799301624298
v 0.3083983063697815 0.7496153116226196 0.26419156789779663
v 0.28486838936805725 -0.9811193346977234 0.4003147482872009
v 0.3012513220310211 -0.9387933015823364 0.12925028800964355
v 0.28697317838668823 -0.9527251124382019 0.4027688205242157
v 0.30846020579338074 -0.9246566295623779 0.36975395679473877
v 0.32036083936691284 -0.7044327855110168 0.11900694668292999
v 0.31421875953674316 -0.6726366877555847 0.39281174540519714
v 0.2723524272441864 -0.3721209764480591 0.12154034525156021
v 0.27556857466697693 -0.3780347406864166 0.12509042024612427
v 0.3194435238838196 -0.37871143221855164 0.3524917662143707
v 0.27218812704086304 -0.27354899048805237 0.22219784557819366
v 0.2897091805934906 -0.28736981749534607 0.2651456892490387
v 0.32481497526168823 -0.21855148673057556 0.27098318934440613
v 0.29157471656799316 -0.0836680606007576 -0.11982138454914093
v 0.3147048354148865 0.15538354218006134 0.5101355910301208
v 0.27994486689567566 0.25615623593330383 -0.12041018903255463
v 0.27542543411254883 0.37226471304893494 -0.15356607735157013
v 0.2985299229621887 0.3739985525608063 -0.21899157762527466
v 0.323637992143631 0.6507861614227295 -0.16666100919246674
v 0.28176751732826233 0.6437954306602478 0.053991179913282394
v 0.29283326864242554 0.7577530741691589 -0.22387297451496124
v 0.295566588640213 -0.9867469668388367 0.16206644475460052
v 0.30827024579048157 -0.8299151659011841 0.3679831922054291
v 0.30905237793922424 -0.770466148853302 0.10799787938594818
v 0.30547022819519043 -0.5917800664901733 0.18980321288108826
v 0.292544424533844 -0.4576018154621124 0.29929783940315247
v 0.31680652499198914 -0.4170944392681122 0.12561778724193573
v 0.301306813955307 -0.39509522914886475 0.2538835406303406
v 0.3013891577720642 -0.3632037341594696 0.39200541377067566
v 0.3052990436553955 -0.3312886655330658 0.16175051033496857
v 0.3025111258029938 -0.3151283264160156 0.1552070528268814
v 0.3291086256504059 -0.317596971988678 0.18611551821231842
v 0.30196577310562134 -0.13826316595077515 0.10270699113607407
v 0.29537686705589294 0.09617612510919571 -0.1565987467765808
v 0.34961289167404175 0.09650809317827225 -0.19457921385765076
v 0.2925269901752472 0.2550373077392578 -0.18953292071819305
v 0.304882287979126 0.4159407615661621 -0.24478064477443695
v 0.3040396273136139 0.4512355327606201 -0.20298102498054504
v 0.29212772846221924 0.4848604202270508 -0.12847362458705902
v 0.3151492774486542 0.7262423634529114 -0.24021786451339722
v 0.29260849952697754 0.6766265630722046 -0.08038337528705597
v 0.2936434745788574 -0.8360679745674133 0.14498984813690186
v 0.3309585750102997 -0.34433436393737793 0.19732093811035156
v 0.2966260313987732 -0.3084617555141449 0.3173834979534149
v 0.3133199214935303 -0.21947072446346283 0.22220642864704132
v 0.35459306836128235 0.02376558817923069 0.34987273812294006
v 0.2956535220146179 0.24815447628498077 -0.11911700665950775
v 0.32017743587493896 0.29545894265174866 0.4416072368621826
v 0.30128955841064453 0.3641945421695709 -0.11350419372320175
v 0.3106108605861664 0.38809749484062195 -0.2578688859939575
v 0.33516138792037964 0.5238404273986816 -0.15530599653720856
v 0.3141252398490906 0.5587834119796753 -0.09009785950183868
v 0.36506423354148865 0.5443589091300964 0.3720152676105499
v 0.2979520559310913 -0.8795234560966492 0.2870248258113861
v 0.31814706325531006 -0.9118200540542603 0.3003818988800049
v 0.3228106200695038 -0.42880064249038696 0.32704755663871765
v 0.3067975640296936 -0.3506132960319519 0.015224924311041832
v 0.31118831038475037 -0.34435972571372986 0.281331330537796
v 0.3111251890659332 -0.32259002327919006 0.2162533849477768
v 0.2967507839202881 -0.2717810273170471 0.30475494265556335
v 0.3296074867248535 -0.2951472997665405 0.27175942063331604
v 0.3087782859802246 -0.19211602210998535 0.04643913730978966
v 0.33203670382499695 -0.19341720640659332 0.24260520935058594
v 0.3053875267505646 -0.09924748539924622 0.04369248449802399
v 0.3115483224391937 -0.0659257024526596 0.08524652570486069
v 0.30495402216911316 -0.07756342738866806 -0.12924179434776306
v 0.2995830178260803 -0.057290155440568924 -0.05033455789089203
v 0.32436469197273254 -0.009372767060995102 0.04798528924584389
v 0.3699522912502289 0.024519309401512146 0.2599303424358368
v 0.3438188433647156 0.03277850151062012 0.13733984529972076
v 0.3249799609184265 0.045720409601926804 -0.025295544415712357
v 0.30941444635391235 -0.04030028358101845 -0.0843355730175972
v 0.32362401485443115 0.24167543649673462 -0.25033870339393616
v 0.3227538466453552 0.25638216733932495 -0.2639932334423065
v 0.3416012227535248 0.3790361285209656 0.454868346452713
v 0.3153234124183655 0.4494101107120514 -0.128567636013031
v 0.3104553520679474 0.7180137038230896 -0.14792142808437347
v 0.3404088318347931 0.8701770305633545 -0.023224912583827972
v 0.31265780329704285 0.9170544743537903 -0.011070589534938335
v 0.31466060876846313 -0.9852933287620544 0.25265470147132874
v 0.32261061668395996 -0.9781383275985718 0.4203598201274872
v 0.3207300007343292 -0.9662078619003296 0.1807485818862915
v 0.3363262116909027 -0.6335880756378174 0.29881444573402405
v 0.3367530405521393 -0.42590364813804626 0.14687779545783997
v 0.33450549840927124 -0.23209717869758606 0.2014816850423813
v 0.30715423822402954 -0.18594494462013245 0.23234720528125763
v 0.31532517075538635 0.0564059279859066 -0.12063173204660416
v 0.3741593360900879 0.09740795195102692 0.45007893443107605
v 0.3188338279724121 0.2082754522562027 0.4407804310321808
v 0.3235912322998047 0.2700924575328827 -0.1795247346162796
v 0.3072333037853241 0.28018027544021606 -0.09759051352739334
v 0.3113642632961273 0.636816680431366 0.011904184706509113
v 0.29917043447494507 0.6391811966896057 0.06385144591331482
v 0.3291606307029724 0.7064875960350037 0.028994357213377953
v 0.3157396614551544 0.746703028678894 -0.22826464474201202
v 0.3499573767185211 0.897963285446167 0.12479043006896973
v 0.31888091564178467 0.961513876914978 0.024097135290503502
v 0.31449124217033386 -0.8710017800331116 0.23880471289157867
v 0.3151133060455322 -0.8342322707176208 0.18668363988399506
v 0.34061533212661743 -0.7643952965736389 0.1740288883447647
v 0.3359890282154083 -0.6272253394126892 0.25092822313308716
v 0.37100285291671753 -0.3413028120994568 0.2802836000919342
v 0.318784236907959 -0.1999182403087616 0.05152856558561325
v 0.31953462958335876 0.03719339519739151 0.10240190476179123
v 0.31356215476989746 0.108528271317482 0.031017538160085678
v 0.3376697897911072 0.11045747250318527 0.002777204615995288
v 0.32688233256340027 0.08983904868364334 -0.18612107634544373
v 0.4041348695755005 0.16324253380298615 -0.2389293760061264
v 0.3370036482810974 0.27577781677246094 -0.25434252619743347
v 0.3214985132217407 0.37992069125175476 -0.24003024399280548
v 0.31158357858657837 0.39416056871414185 -0.11588717252016068
v 0.3751237094402313 0.4589066803455353 0.42185676097869873
v 0.3363187909126282 0.6252588629722595 -0.008028626441955566
v 0.3356437385082245 0.6766719222068787 -0.1386791467666626
v 0.38518354296684265 0.685462236404419 -0.1630365401506424
v 0.34957167506217957 0.7272472977638245 0.23677563667297363
v 0.35199642181396484 -0.7972426414489746 0.3252827227115631
v 0.3432789742946625 -0.7587408423423767 0.37548866868019104
v 0.3267803490161896 -0.3721163272857666 0.14226208627223969
v 0.34309375286102295 -0.25272268056869507 0.2057720124721527
v 0.3431910574436188 -0.13787977397441864 0.09145122021436691
v 0.34886229038238525 -0.0908052921295166 0.09669636189937592
v 0.3217301666736603 0.01827550120651722 -0.18118880689144135
v 0.35040342807769775 0.05301377922296524 -0.11773871630430222
v 0.3351157009601593 0.07694898545742035 0.029533246532082558
v 0.33640533685684204 0.17003338038921356 -0.14153321087360382
v 0.32430920004844666 0.3031870126724243 -0.09322568774223328
v 0.32936787605285645 0.38501259684562683 -0.11153291165828705
v 0.3230549097061157 0.3366204798221588 -0.11758873611688614
v 0.32558900117874146 0.41021081805229187 -0.09144388884305954
v 0.3291017413139343 0.3960531949996948 -0.2512151896953583
v 0.349160373210907 0.9322108030319214 -0.010967832058668137
v 0.33069175481796265 -0.9556142091751099 0.2601558566093445
v 0.3401953876018524 -0.8263716101646423 0.2655318081378937
v 0.3645452558994293 -0.3965417742729187 -0.03566401079297066
v 0.3679921627044678 -0.3335326910018921 -0.02908041886985302
v 0.34139350056648254 -0.33930152654647827 0.18160365521907806
v 0.35369884967803955 -0.34931400418281555 0.19754323363304138
v 0.35194700956344604 -0.29972541332244873 0.27048060297966003
v 0.35574257373809814 -0.2544185221195221 -0.010938002727925777
v 0.34733572602272034 -0.23235923051834106 0.22138111293315887
v 0.3462233245372772 -0.216277077794075 0.21637901663780212
v 0.3359130024909973 -0.1816285103559494 0.06916897743940353
v 0.3608243763446808 -0.07690751552581787 0.021914644166827202
v 0.34048089385032654 0.003508838824927807 0.004002660512924194
v 0.3402499854564667 -0.0035296583082526922 -0.17707020044326782
v 0.3516232967376709 0.19844375550746918 0.4303300082683563
v 0.3321071267127991 0.2936285734176636 -0.19770890474319458
v 0.36976316571235657 0.48929667472839355 -0.19037142395973206
v 0.36059460043907166 0.6063969731330872 -0.15732605755329132
v 0.3750286102294922 0.6624075174331665 -0.09434517472982407
v 0.33709707856178284 0.6098096966743469 0.24518682062625885
v 0.3413862884044647 0.6814393401145935 0.04890124872326851
v 0.36338716745376587 0.9311631917953491 0.09127162396907806
v 0.3440471887588501 -0.9554669260978699 0.362526535987854
v 0.3470606505870819 -0.42523348331451416 0.14067596197128296
v 0.36246457695961 -0.3860211670398712 0.16961002349853516
v 0.36421656608581543 -0.3723483085632324 0.16112495958805084
v 0.3455680012702942 -0.005007099825888872 -0.20904108881950378
v 0.3463825285434723 0.05716755986213684 0.04916540905833244
v 0.34957849979400635 0.24808937311172485 -0.2654775083065033
v 0.34192386269569397 0.256803959608078 0.4235706329345703
v 0.3520832657814026 0.2853197157382965 -0.085537850856781
v 0.40168148279190063 0.530394434928894 -0.21104998886585236
v 0.3555350601673126 -0.6933029890060425 0.3259301483631134
v 0.3612842559814453 -0.7136321663856506 0.22046561539173126
v 0.33849993348121643 -0.3943144679069519 0.14913256466388702
v 0.386120468378067 -0.3931531012058258 -0.04095783457159996
v 0.3655828833580017 -0.26102256774902344 0.2243698686361313
v 0.3576556444168091 -0.24369874596595764 0.2517455220222473
v 0.35993698239326477 -0.14446496963500977 0.02100430801510811
v 0.4373212158679962 -0.1351320743560791 -0.04867071658372879
v 0.36499863862991333 0.06788652390241623 -0.18892310559749603
v 0.33891117572784424 0.06901538372039795 0.0786743313074112
v 0.3584662973880768 0.10259675979614258 0.000688022468239069
v 0.36816367506980896 0.23808081448078156 -0.15735065937042236
v 0.40014392137527466 0.3113551437854767 -0.20093312859535217
v 0.37733808159828186 0.3488847613334656 0.43639591336250305
v 0.3454058766365051 0.5904386043548584 -0.008863291703164577
v 0.33777448534965515 0.5461276769638062 0.02281203307211399
v 0.3444071412086487 0.5619309544563293 -0.02783440612256527
v 0.3553714454174042 0.6269823908805847 -0.1880710870027542
v 0.3871649503707886 0.7212305665016174 -0.016288280487060547
v 0.3627023994922638 0.7052434086799622 0.059489235281944275
v 0.3843629062175751 0.7821130156517029 0.022615496069192886
v 0.36743900179862976 0.9401527643203735 0.016154779121279716
v 0.3528859615325928 -0.33347243070602417 0.18468989431858063
v 0.3693493604660034 -0.21277710795402527 0.0397578664124012
v 0.3758114278316498 0.1387099325656891 0.4579787254333496
v 0.40284618735313416 0.1459752470254898 -0.22620633244514465
v 0.44044896960258484 0.480413019657135 -0.23066045343875885
v 0.37150055170059204 0.53257817029953 -0.005128550808876753
v 0.3433774709701538 0.5680629014968872 -0.07995583117008209
v 0.36810705065727234 0.6109395027160645 -0.0699789822101593
v 0.3796369135379791 0.6099046468734741 -0.11790060251951218
v 0.3631548285484314 0.6498764157295227 0.19609801471233368
v 0.34304550290107727 0.5977895259857178 0.1898794323205948
v 0.3726544976234436 0.6612827777862549 -0.21201561391353607
v 0.38942399621009827 -0.4356594979763031 0.1596483588218689
v 0.39555439352989197 -0.38284939527511597 0.1627768725156784
v 0.38120031356811523 -0.3175729811191559 -0.00825140718370676
v 0.36256900429725647 -0.14161932468414307 0.06429243832826614
v 0.3854151964187622 -0.0719500333070755 0.04484390467405319
v 0.36620989441871643 0.01098435465246439 -0.19577717781066895
v 0.3742366433143616 0.0558648481965065 -0.15463216602802277
v 0.3758847415447235 0.04580741003155708 0.012809432111680508
v 0.3818662166595459 0.0917305126786232 0.3971339762210846
v 0.3835736811161041 0.08740697056055069 0.11001132428646088
v 0.37162935733795166 0.12975355982780457 -0.007369366940110922
v 0.36931008100509644 0.16686946153640747 -0.11574941128492355
v 0.388588547706604 0.24475446343421936 -0.1199161484837532
v 0.36484915018081665 0.3144775629043579 0.4250468611717224
v 0.4617263972759247 0.2945697605609894 -0.258766233921051
v 0.4016006886959076 0.5620968341827393 -0.1041846051812172
v 0.3874373733997345 0.5378739237785339 0.2037525624036789
v 0.3945388197898865 0.6261887550354004 -0.021685337647795677
v 0.3654478192329407 0.6984681487083435 0.059265587478876114
v 0.3838599622249603 0.7478337287902832 0.17954488098621368
v 0.3924044072628021 0.8785289525985718 0.11503759026527405
v 0.4100499153137207 -0.33624139428138733 0.23128773272037506
v 0.38830530643463135 -0.2918764352798462 0.206088125705719
v 0.39549410343170166 -0.27696850895881653 0.20580270886421204
v 0.393145352602005 -0.1671408712863922 -0.003594412002712488
v 0.3963753283023834 0.06081893667578697 0.18563178181648254
v 0.3900184631347656 0.24302586913108826 0.377414345741272
v 0.3735613524913788 0.28078922629356384 -0.019249659031629562
v 0.3847021460533142 0.35002419352531433 0.40893101692199707
v 0.42228084802627563 0.5682080388069153 0.0399354062974453
v 0.42154523730278015 0.6472287774085999 0.13378459215164185
v 0.3962012529373169 0.5845125913619995 0.1829506754875183
v 0.392287939786911 0.861551821231842 0.0012734509073197842
v 0.3854646682739258 -0.3344871699810028 0.19216904044151306
v 0.39743173122406006 -0.3061320185661316 0.19035010039806366
v 0.38870421051979065 -0.26769185066223145 0.21845954656600952
v 0.3858424425125122 -0.28417354822158813 -0.023176666349172592
v 0.36786848306655884 -0.14764446020126343 0.03153214603662491
v 0.39176297187805176 0.004795445594936609 -0.18961365520954132
v 0.3925112187862396 0.0020326520316302776 -0.24294669926166534
v 0.39289265871047974 0.04224981740117073 0.03660428524017334
v 0.37951067090034485 0.07922586053609848 -0.17152376472949982
v 0.3942450284957886 0.10690443217754364 -0.09315135329961777
v 0.3936217725276947 0.13537171483039856 -0.1044754609465599
v 0.4157083332538605 0.28334811329841614 -0.17465539276599884
v 0.39903706312179565 0.29248517751693726 -0.06197754293680191
v 0.45552924275398254 0.33395442366600037 -0.20658762753009796
v 0.37450042366981506 0.4127568304538727 -0.09659497439861298
v 0.3878789246082306 0.6403182148933411 -0.20879168808460236
v 0.4010807275772095 0.6662053465843201 -0.21629421412944794
v 0.36749497056007385 0.6676984429359436 0.11551117151975632
v 0.3998717665672302 0.7247574329376221 0.035098038613796234
v 0.3873957097530365 -0.3859263062477112 -0.05621293932199478
v 0.41554421186447144 -0.34285208582878113 -0.07674029469490051
v 0.4072364270687103 -0.14722484350204468 -0.02521687000989914
v 0.42864030599594116 -0.13474328815937042 0.030720490962266922
v 0.38602879643440247 0.06585203111171722 -0.20780006051063538
v 0.4014040231704712 0.0434245765209198 -0.1702544391155243
v 0.3961084187030792 0.1729089766740799 -0.14733904600143433
v 0.3871840536594391 0.15180553495883942 0.4037298560142517
v 0.4251605272293091 0.7255437970161438 -0.0692342147231102
v 0.41529661417007446 0.8582456111907959 0.06931538134813309
v 0.43428194522857666 -0.1574476659297943 0.012609481811523438
v 0.38838261365890503 0.11715377867221832 0.4272385239601135
v 0.3840622007846832 0.15568746626377106 -0.0015983096091076732
v 0.38724711537361145 0.19584248960018158 -0.030721772462129593
v 0.36744052171707153 0.2115733027458191 0.029888706281781197
v 0.41327089071273804 0.19010280072689056 0.03075382113456726
v 0.45750778913497925 0.09275098890066147 -0.0435945950448513
v 0.4110981822013855 0.19100143015384674 -0.19439637660980225
v 0.3850623071193695 0.2426598072052002 0.004498809576034546
v 0.40742671489715576 0.3094800114631653 -0.009211907163262367
v 0.42801591753959656 0.5461086630821228 -0.026983967050909996
v 0.41746771335601807 0.4894789457321167 0.2694086730480194
v 0.4342794120311737 0.5542793273925781 -0.1930462270975113
v 0.41501113772392273 0.6477343440055847 -0.19671975076198578
v 0.4127066135406494 0.6553611755371094 -0.1469220370054245
v 0.4129745066165924 0.7545359134674072 0.09367594867944717
v 0.41206657886505127 0.8181228637695312 0.1132357120513916
v 0.41455137729644775 -0.35724082589149475 -0.06499262899160385
v 0.4150433838367462 -0.3262472152709961 0.19147463142871857
v 0.4013351500034332 -0.32267624139785767 0.19951076805591583
v 0.4204438030719757 -0.3271293342113495 0.23031653463840485
v 0.4301908612251282 -0.1784081757068634 -0.018396200612187386
v 0.4240317940711975 0.09722162783145905 0.22263453900814056
v 0.4167064428329468 0.10550591349601746 0.30931055545806885
v 0.4634409546852112 0.16037461161613464 0.020466266199946404
v 0.40680545568466187 0.21349266171455383 -0.0999315083026886
v 0.42824339866638184 0.28932517766952515 -0.23308071494102478
v 0.4241879880428314 0.3681223392486572 0.35162535309791565
v 0.4241546094417572 0.4450039267539978 0.33034875988960266
v 0.4121016561985016 0.5194924473762512 -0.04343065246939659
v 0.42834407091140747 0.7195973992347717 0.049207258969545364
v 0.4583168625831604 -0.3201194405555725 -0.1004292443394661
v 0.4338352382183075 -0.17876312136650085 -0.03493601083755493
v 0.4290989637374878 -0.10030501335859299 -0.014900634065270424
v 0.4099714159965515 0.005157370585948229 -0.23156459629535675
v 0.4223923087120056 0.005047311075031757 -0.030666813254356384
v 0.4382012188434601 0.015155768021941185 -0.06697030365467072
v 0.4523018002510071 0.07906503975391388 0.06920703500509262
v 0.4320080876350403 0.2120993286371231 0.3071558177471161
v 0.39181792736053467 0.3529570996761322 0.020901843905448914
v 0.4304218888282776 0.3655470013618469 -0.021495578810572624
v 0.40498924255371094 0.38912954926490784 0.014773945324122906
v 0.39561912417411804 0.4191184341907501 -0.016923170536756516
v 0.40143701434135437 0.42104780673980713 0.004778637550771236
v 0.3956621587276459 0.4145945906639099 -0.06969998776912689
v 0.42001375555992126 0.4513989984989166 -0.030011015012860298
v 0.4462420344352722 0.46596914529800415 -0.19423435628414154
v 0.4485923945903778 0.7033423781394958 0.06093556061387062
v 0.41419440507888794 0.7953488826751709 0.060626301914453506
v 0.4152092933654785 -0.3303486704826355 0.2021237164735794
v 0.4442109763622284 -0.10861930251121521 0.008889389224350452
v 0.4174020290374756 0.13390104472637177 0.14349128305912018
v 0.46461552381515503 0.19183218479156494 -0.010840448550879955
v 0.4475135803222656 0.3444058895111084 0.05490120127797127
v 0.44719424843788147 0.36047443747520447 -0.15041494369506836
v 0.4387510120868683 0.37657010555267334 -0.07711397111415863
v 0.4039207100868225 0.487855464220047 0.15348130464553833
v 0.40154072642326355 0.4882309138774872 0.11769794672727585
v 0.4381055533885956 0.5402477979660034 0.07743735611438751
v 0.4463483989238739 0.5454226732254028 0.12971000373363495
v 0.4335530996322632 0.5401508808135986 -0.10892337560653687
v 0.4655648171901703 0.5650238990783691 -0.0169114638119936
v 0.44041135907173157 0.7696601748466492 -0.04341113194823265
v 0.4371592402458191 0.7622041702270508 -0.06794632971286774
v 0.4616589844226837 -0.3257431983947754 -0.0908951535820961
v 0.4674116373062134 0.0010096270125359297 -0.02329242415726185
v 0.43692073225975037 0.15837347507476807 0.2651030421257019
v 0.46210452914237976 0.233195960521698 -0.01634017564356327
v 0.4583456814289093 0.2919785678386688 0.007967935875058174
v 0.4400830566883087 0.42045170068740845 0.2570732533931732
v 0.45302271842956543 0.6158223152160645 0.13058292865753174
v 0.44672438502311707 0.32161521911621094 0.273445188999176
v 0.4272218942642212 0.1945294290781021 0.14684157073497772
v 0.4216989278793335 0.21669341623783112 0.10581905394792557
v 0.43409889936447144 0.29075491428375244 0.1376866102218628
v 0.4751964807510376 0.27687177062034607 -0.2563594877719879
v 0.46026933193206787 0.3231452405452728 -0.12751169502735138
v 0.4523795545101166 0.3885408043861389 0.0013383019249886274
v 0.4228488504886627 0.456584095954895 0.18102221190929413
v 0.43305009603500366 0.49843472242355347 -0.05868137627840042
v 0.4716244637966156 -0.19090864062309265 -0.08089768886566162
v 0.45560282468795776 0.1790810078382492 0.10584459453821182
v 0.48336127400398254 0.27469173073768616 0.10528869181871414
v 0.42575591802597046 0.35147616267204285 0.11691321432590485
v 0.4506472051143646 0.32810142636299133 0.2118590623140335
v 0.4376622438430786 0.37867990136146545 0.1558361053466797
v 0.43555036187171936 0.42321687936782837 0.1807347983121872
v 0.5168051719665527 0.48353108763694763 -0.07453484833240509
v 0.4591207802295685 0.47171682119369507 -0.15611445903778076
v 0.5326194763183594 0.41902145743370056 0.0832941085100174
v 0.44422411918640137 0.47034087777137756 0.09654469788074493
v 0.5046429634094238 0.5372158288955688 -0.08355333656072617
v 0.4588259756565094 0.5687805414199829 0.09150918573141098
v 0.4349152147769928 0.562721312046051 0.05252745375037193
v 0.4573633372783661 0.010738297365605831 -0.07099289447069168
v 0.527100682258606 0.360369473695755 0.0925133004784584
v 0.4812563359737396 0.5158198475837708 -0.2546314001083374
v 0.47450777888298035 0.5382958650588989 -0.2127343714237213
v 0.47010934352874756 0.7216336727142334 -0.06531442701816559
v 0.4706750512123108 0.7268515229225159 0.01555545162409544
v 0.5000474452972412 -0.20552347600460052 -0.04791439324617386
v 0.48067614436149597 -0.14246469736099243 -0.03937394544482231
v 0.4674762487411499 0.11709320545196533 0.09917275607585907
v 0.4602349102497101 0.3388378322124481 0.06697123497724533
v 0.48320746421813965 0.41682788729667664 0.1538282036781311
v 0.5232577919960022 0.508526086807251 -0.10381963104009628
v 0.48928016424179077 0.5160919427871704 -0.21261650323867798
v 0.4655439853668213 0.597484290599823 0.10610002279281616
v 0.4636338949203491 0.6322954297065735 0.03324485197663307
v 0.48608407378196716 -0.16762883961200714 -0.02618441730737686
v 0.4678209125995636 0.16936738789081573 0.045313067734241486
v 0.49659469723701477 0.44068872928619385 -0.009830065071582794
v 0.4839594066143036 0.4990691840648651 -0.23916935920715332
v 0.5036141872406006 0.5535085201263428 0.003859363030642271
v 0.48299896717071533 0.7391415238380432 -0.04385414347052574
v 0.491276353597641 -0.18192242085933685 -0.08390120416879654
v 0.4854690134525299 0.13371704518795013 0.06514550000429153
v 0.48324018716812134 0.16066651046276093 0.01556104701012373
v 0.48195478320121765 0.4453164339065552 0.021685699000954628
v 0.4933426082134247 0.49009910225868225 0.0435832217335701
v 0.4776419401168823 0.6801984310150146 0.02606363408267498
v 0.49302130937576294 -0.3259415328502655 -0.1158631294965744
v 0.4907240569591522 0.07365532219409943 -0.033486850559711456
v 0.515261709690094 0.14685292541980743 -0.03283580765128136
v 0.5409300327301025 0.21865533292293549 -0.026387134566903114
v 0.5300002098083496 0.2416515052318573 0.0512252151966095
v 0.5290522575378418 0.433500200510025 0.02917790785431862
v 0.5008909702301025 0.5304936170578003 0.029141521081328392
v 0.5136286616325378 -0.26565831899642944 -0.1003485918045044
v 0.5058498382568359 -0.2625458538532257 -0.10785549134016037
v 0.491966187953949 0.03128141537308693 -0.010613189078867435
v 0.5151074528694153 0.18612343072891235 0.05780448019504547
v 0.5109569430351257 0.2778953015804291 0.019676022231578827
v 0.5627033710479736 0.34251639246940613 -0.02387113869190216
v 0.5407443642616272 0.3445751667022705 -0.020606650039553642
v 0.5288867354393005 0.40108251571655273 0.11261031776666641
v 0.5385493636131287 -0.26892974972724915 -0.13994969427585602
v 0.5139971375465393 -0.18943092226982117 -0.06878983229398727
v 0.5762209892272949 0.4305960237979889 -0.06346624344587326
v 0.5369839072227478 0.47805434465408325 -0.06552266329526901
v 0.5527263283729553 0.5361037254333496 -0.09701318293809891
v 0.5425279140472412 -0.2970356047153473 -0.15740659832954407
v 0.5593442916870117 -0.29572445154190063 -0.13172940909862518
v 0.5534456372261047 0.14387714862823486 -0.016588659957051277
v 0.5396785736083984 0.14855095744132996 -0.06488297134637833
v 0.5427283644676208 -0.34782540798187256 -0.15992550551891327
v 0.553555965423584 0.44755566120147705 -0.0558224581182003
v 0.5740742087364197 0.5064059495925903 -0.10632011294364929
v 0.5484472513198853 0.446088969707489 -0.0652235746383667
v 0.5628710389137268 0.5044966340065002 -0.12552744150161743
v 0.5644350647926331 0.1564510315656662 -0.01588362641632557
v 0.5569424033164978 0.2090257704257965 -0.02149452641606331
v 0.5773840546607971 0.28873419761657715 -0.06330560892820358
v 0.5562365651130676 0.13067962229251862 -0.056318409740924835
v 0.5749906897544861 0.41202211380004883 -0.06951399892568588
v 0.5662782788276672 0.14232590794563293 -0.08585342019796371
v 0.5712825655937195 -0.34834375977516174 -0.17401139438152313
v 0.5763222575187683 0.13719385862350464 -0.07790585607290268
v 0.575319230556488 0.19673463702201843 -0.05019739270210266
v 0.5868719816207886 0.29239222407341003 -0.05973317474126816
v 0.6287050247192383 0.41001594066619873 -0.026795990765094757
v 0.593063235282898 0.31740108132362366 -0.0821797251701355
v 0.606922447681427 0.3731077313423157 -0.00034888091613538563
v 0.6580376029014587 0.427542507648468 -0.09296865016222
v 0.6051180958747864 0.3257473409175873 -0.08368498831987381
v 0.6178489327430725 0.42722758650779724 -0.10221492499113083
v 0.6185439825057983 0.3564247488975525 -0.09883566945791245
v 0.627032458782196 0.3586033582687378 -0.09248941391706467
v 0.6282109022140503 0.3550589084625244 -0.10239459574222565
v 0.6766058802604675 0.40509480237960815 -0.11688338220119476
v 0.6692736148834229 0.41604724526405334 -0.14758527278900146
vn -0.912450134143035 -0.357475846766412 -0.19911245988384163
vn -0.6916350274678491 -0.6967621595168022 0.19016698410878222
vn -0.8845632981687694 -0.30171175813405837 0.35569338837887304
vn -0.11147468253578982 0.9835298407276446 -0.14227595563481102
vn 0.5069570534720366 0.20832958790107264 -0.8364169586635124
vn 0.49923843392773276 -0.3327532427111576 -0.800022665650539
vn -0.7436590592792615 0.40380450008288615 0.5328349925302339
vn -0.3529131978526113 0.8964500350974643 0.268010465010601
vn 0.5391647957973759 -0.061419250201602354 -0.8399577362447751
vn -0.6789299777454432 -0.64151518892168 0.357088711248834
vn -0.28125578063380446 0.9463074769143371 0.15936544479933692
vn 0.6552630107780343 -0.0635717589651715 -0.7527210759425962
vn -0.5827267878060168 -0.6634034642003048 0.46938825556283
vn -0.8141433057116334 -0.24080524015800986 0.5283781922802804
vn 0.5820724965587168 -0.016309157017942794 -0.8129733206860278
vn -0.7390861595297555 -0.03859841494952478 0.6725041346749782
vn -0.7166625058353576 0.5010344840258191 0.48513843235386667
vn -0.9099290469419338 -0.06552346866710917 0.4095556184270638
vn 0.61482906728509 -0.16986490892983827 -0.7701500702691678
vn -0.36332892710319165 0.9089944197202341 0.20425776765528003
vn -0.579549499503478 -0.6590172144467281 0.4793940849532284
vn -0.9502142294754101 0.07590327590046908 0.3022112023238543
vn -0.3746345334906568 -0.05356141170794326 -0.9256241902046911
vn 0.5024540942058591 0.19985752986219196 -0.8411877620205568
vn 0.6447677105924858 -0.025817849101052125 -0.7639424311066375
vn 0.5665392269827415 -0.16446712584663425 -0.8074551806791167
vn -0.010273923234246656 -0.624119524327376 0.7812613300648807
vn -0.9586984833189846 -0.06307136829558822 0.2773431459099019
vn -0.19870244326267736 0.46462161189943557 -0.8629276312631392
vn 0.17793427808763898 -0.9833884460829591 -0.03586860454455685
vn -0.9068206158824459 0.1886120481459698 0.37696401141854874
vn -0.8363851712012581 0.2498421611396904 0.48789213962892564
vn -0.4212171474990845 -0.8089078740894383 0.41017577438073993
vn -0.9134927306774479 -0.26396962754006453 0.3095982343874386
vn 0.2217186634785895 0.6554788785715271 -0.7219337047207873
vn 0.14211971998926698 -0.6782084675341308 -0.7209960192367073
vn -0.8600944334644879 0.3980603839126288 0.31903839311708565
vn -0.9161912677360748 -0.39232068733559455 -0.08171927075476582
vn -0.9242165760242188 0.35679558211134277 0.1360905330575842
vn -0.5885960447143279 -0.318398445164904 -0.7430862172475147
vn -0.49557935210482945 -0.39817377136672627 0.7719188775790858
vn -0.48408293680319664 0.5980452889760718 -0.6387531155536692
vn -0.5762788740204832 -0.2725825946871387 0.7704553124168276
vn -0.750669955316332 -0.27745529976339534 0.5995941751039453
vn 0.38708587911045605 -0.528539411392546 -0.7555200942384697
vn -0.8277736154829385 -0.10183135978940097 0.5517437953196626
vn -0.30390313735332647 -0.7405486220822984 -0.5993585082726486
vn -0.8879780859514573 -0.43362248384183977 0.15318766391853947
vn -0.9075556385251529 0.24181683329059503 0.34331819368992217
vn -0.998953062279075 -0.044479803046306776 0.010692356345536998
vn -0.8849706144058619 0.4614853310002946 -0.06211522284963336
vn 0.24539644874897878 0.3362396936129946 -0.9092433400253364
vn 0.3080674664433919 -0.40744402429910503 -0.8596998331872001
vn -0.880962815664849 -0.2847666826420531 0.37790535041581697
vn -0.23066903992248436 0.9672083997863062 -0.10630007245553444
vn -0.837458549873421 -0.03420341010546695 0.5454294674667515
vn -0.8797689623585468 0.4042131578551228 -0.25023647992919684
vn 0.056833230970628104 0.6429539437297251 -0.7637933032567336
vn -0.8154995546651784 0.41718897761726054 0.40114066522301184
vn -0.9873401772683461 0.11235819296477356 -0.11195986256423238
vn 0.6308542417040344 0.2250001404487763 -0.742561689371367
vn 0.44768687854775047 -0.8559641794496103 -0.258653788441861
vn -0.11868645750736648 -0.8610045136015115 0.4945551054859072
vn 0.4156169784199788 0.2043737716433641 -0.8862809310333336
vn -0.602348925988033 -0.3022697281482777 0.7387887267725661
vn 0.4005093200648263 -0.5267886419663595 -0.7497239566910272
vn 0.1590568236342349 -0.744765919574022 -0.6480930889127343
vn -0.6827908331227058 0.5368240015565101 0.4955972856629233
vn -0.7551900298012446 -0.655258847344233 -0.01799616253267807
vn -0.7865853306939642 0.4011231361447023 0.4694504736247538
vn -0.6004377603264025 0.7996050715091095 0.010306579991717036
vn 0.843180960213698 -0.3123028597698571 -0.437621745475102
vn -0.380887482866896 -0.4501778831963311 0.8076289982883171
vn 0.3369953031765823 0.7293803085986018 -0.595347403677493
vn 0.30714084988485174 -0.2773734863090859 -0.9103452352952446
vn -0.18307418116710483 0.31387470004956514 -0.9316472062206754
vn -0.008226954198984601 0.5091554411607915 -0.8606352618624035
vn -0.8205626731394801 0.37136531439404175 0.4344706005188448
vn 0.18148219940091562 -0.4814132546094284 -0.85749955661036
vn -0.7913379594417798 0.40954759330015755 0.4539328174615368
vn -0.8433558095581428 -0.5125691143176799 0.16131919145631365
vn 0.08691029926761816 0.38210588390616845 -0.920022659158729
vn -0.5716862532921735 0.5854924768098584 0.5747811647886647
vn -0.6274716840895391 -0.44763368273980486 0.6371054635950294
vn 0.4903812986212289 0.17053656216464677 -0.8546598521795796
vn -0.36518573232305274 -0.41054388286383414 0.8355196593442682
vn 0.4243567518196552 -0.2494280894512594 -0.8704636554031226
vn -0.5278869148637848 -0.337578795458109 0.7793432889123043
vn 0.5909746932624392 0.17819886052257353 -0.7867617670119859
vn -0.8834623867994978 0.24520987754029921 0.3992071230166192
vn 0.33942844726427635 -0.05030099193263712 -0.9392859731723641
vn -0.32810598789350454 -0.7498098056353001 0.5745708973499971
vn -0.6412838842713177 0.6429324295738623 0.4187993204103149
vn -0.2818927719585043 -0.8778527833988514 -0.3871833619829757
vn -0.9529051895034308 -0.10732456425454943 0.2836426232515164
vn -0.5908783740210999 0.5858403509698558 0.5546655120788541
vn 0.5013514233222691 0.4137836158188256 -0.7598880638703527
vn 0.4910008453337749 0.8581569443092651 -0.14994942085684476
vn -0.41546123659842804 0.7493095892986955 -0.5156812002285183
vn -0.92259456111749 0.10962516233931287 -0.36986700255430377
vn 0.27280328133321496 -0.06245720118282662 -0.9600403469199816
vn -0.6853871236171061 -0.7260696772130381 -0.05538334236595499
vn -0.9623803865776841 0.12794257399152062 0.23969707818622119
vn -0.9512669293091259 -0.18167751739138105 0.24916763208187934
vn 0.46717276295740756 0.2512761307464564 -0.8477086266328966
vn 0.06238176480130115 0.9118225887674376 0.4058177941314595
vn 0.5316227065283589 0.25541987951975 -0.8075506071136216
vn 0.503112312871018 0.17729765061869884 -0.845838958503724
vn -0.35275263150132774 -0.5172841034393041 0.7797324780319748
vn -0.9832221192274457 0.17917527117469936 0.034212372927989114
vn -0.4974330452713373 0.4494900484072033 -0.7419697176131743
vn -0.8271404553604518 -0.45969242128898546 0.32329791975138705
vn -0.583443298253272 -0.4340685115739078 0.6864243913085808
vn -0.9244413542541147 -0.011826629032354768 0.381140805202683
vn -0.8808116696809384 0.34317832343499066 0.3261892715559881
vn 0.12157165866852217 -0.7174445309657965 -0.685925416350679
vn -0.8193858245036131 0.1904644961281126 0.5406756387310216
vn -0.8625335819583584 -0.35566983147406517 -0.3599094205120142
vn -0.5343211260321161 -0.5341413584245804 0.6551289518072875
vn -0.9587324058067833 -0.03616242033934288 0.28200080391931187
vn -0.6922715310153956 0.7078822259093807 -0.14022439726089286
vn -0.5159614184444351 -0.20892897646288267 -0.8307421365688507
vn -0.4831302483897094 0.6348914530187443 0.6029079581284736
vn -0.24165842485659406 0.7827156959836338 0.5735480319525867
vn -0.7315726196044257 0.648862235233446 0.2092350399263333
vn 0.2560625674394216 0.07647443568879897 -0.9636304386238593
vn -0.8548596441509987 0.4651431706770139 0.22990611034629346
vn -0.8083190915910451 0.4950759111574272 0.31862217179768093
vn -0.648235917523934 -0.7577903871824578 -0.07445753370723593
vn -0.5560992846015859 0.7699204530806997 -0.3130113122454438
vn -0.7422751787690774 0.21181762228081014 0.6357364657424004
vn 0.10920966582535488 0.9637980607564456 -0.24324174594922898
vn -0.8149322080063338 -0.3302844685276611 -0.4762327857291242
vn -0.9868225709349987 -0.1554642806739698 0.04485611360522007
vn -0.9601392024610876 0.2241441131185859 0.16700936635910268
vn -0.8142963934516987 -0.5704943917013245 0.10703986476491836
vn -0.6813426140134599 -0.07944775515436713 0.7276402246510545
vn 0.339446487025988 -0.9387698228376105 0.059053384112659
vn -0.8850523060091762 0.38260247554153703 0.26513724999955607
vn -0.9315521599852802 -0.35819994952560946 0.06247695084276573
vn 0.006277847907615984 0.764868959153855 -0.6441553104248597
vn 0.1218839910151032 -0.9891442274286166 -0.0820852610331201
vn -0.6697136186852565 0.6563975237639088 -0.3473124814113476
vn -0.9716532956767739 -0.10536026350930149 0.2116343258399128
vn 0.48115024199557865 0.4457662722818407 -0.7548422849334475
vn -0.7061105419201669 0.6516311809641352 0.27710053515735894
vn -0.6991660631978115 0.4983448710615085 0.512658956382469
vn -0.475216200428506 -0.8623753018370742 -0.1745806450661385
vn -0.8559386530133135 -0.3424565414017183 0.3874177842187006
vn 0.043286125239877904 0.9209406787450345 0.3872913342618873
vn 0.599331495983544 0.1316069955845522 -0.7896083564877812
vn -0.2120588773579321 -0.7811657388265794 0.5872061997435124
vn -0.8534321616499186 -0.10661987749862897 0.510182072581666
vn -0.9881644965858963 -0.005548485622611363 0.15329756030164884
vn -0.6561817557036619 -0.7537749444389378 -0.035338882519629106
vn -0.2102033682025591 0.9446183013793392 -0.25201350895440316
vn -0.9723544396666977 0.03348839750532502 -0.2310960209371589
vn -0.7141423655025296 0.304995321080321 0.6300623270070693
vn -0.15354593429573674 0.9556632248199339 0.25125971978813844
vn 0.27655171868940187 -0.6997872469791563 -0.6586478238446335
vn -0.07974792178517938 0.8341625235204477 -0.5457225974109403
vn 0.15041847097119965 0.07001833417569625 -0.9861398057425462
vn -0.37854689593223295 -0.29776877348560055 -0.8763766342828592
vn -0.5949029143591404 -0.7620831493750074 0.25557737757022125
vn -0.9933699576497382 0.04594246393841267 -0.10538224350537002
vn -0.9577554659627612 0.21024360191357647 0.19621950788048464
vn -0.44481831533273214 0.8221629214701146 -0.3552249947628631
vn -0.6610471469094125 -0.7016826722465347 -0.2658159081618101
vn -0.875101332891293 -0.4826712337865584 0.03501624261458948
vn -0.8122489448351388 -0.1494595407701644 0.5638381836014437
vn 0.43066633078897903 0.1018596671905637 -0.8967447349857066
vn -0.13832318619697903 -0.49972724325280393 -0.8550668854021121
vn -0.1050158950346737 0.7983049061079207 0.5930269291306173
vn -0.2721439299617855 -0.8763257257524505 -0.39748069609654724
vn 0.44700559618090147 -0.21724799102561132 -0.8677495648966312
vn -0.03127650457784756 0.7674006608071027 0.6404045643608531
vn -0.26256978697866257 0.652547781322995 0.7108013084233993
vn 0.6016226307510936 0.028427497926746606 -0.7982744437408467
vn -0.660426235276438 0.11466586177206246 0.7420841784478776
vn 0.27430701075388936 0.27156314075202287 -0.9225015579586641
vn -0.9768250912468123 -0.0044844535810905145 0.21399212786160218
vn -0.9622891788600916 -0.2068917654611159 0.1766220077825902
vn -0.9981515253062861 -0.019848214155177884 -0.057441978757564134
vn -0.9898503365360922 -0.12792842015976758 -0.06189208814389097
vn -0.9405553902518631 -0.05049302783001138 0.33586606260341856
vn -0.9844292653073058 0.08321932915276654 0.15483399129997807
vn -0.9227233022029497 0.3394577833964006 0.18262015459221942
vn -0.944279515054263 0.27638769827457493 0.17873454532173774
vn -0.9396114925078025 -0.13497360021469298 0.3145033710349448
vn -0.3432910403526639 -0.4476219365039363 -0.825703253944207
vn -0.2866690492826319 0.6173526722146014 0.7325957509383212
vn -0.6249042261848656 -0.7571436894258164 0.19033691617486379
vn -0.8157267026921794 -0.13698098151583657 0.5619841254145019
vn -0.5537773990055411 0.6835127501594314 0.4755427559327851
vn -0.7203761967421046 0.46145311204143835 0.5178022407779367
vn 0.4701729714045485 -0.12868526575691605 -0.8731423018830834
vn 0.4248661148422394 0.8981206517616134 -0.11343755700012205
vn -0.2901045407491836 -0.6515827236159101 0.7009131969951612
vn -0.3066881582684329 -0.8930343943749718 0.32929006064751476
vn -0.7518581877999202 -0.12522076286805714 0.6473245136598501
vn 0.7485991189164205 -0.11288880660611132 -0.6533417761789052
vn -0.8701515660168103 0.058491799082122764 0.48930048191129877
vn -0.9229551555625403 -0.07238847018777778 -0.3780392707172104
vn -0.8910250266947696 -0.23393437789436572 -0.3890361276832284
vn 0.1722873304034481 -0.7370212094010398 -0.6535417451666589
vn -0.1749390480779718 0.9764247358468675 -0.12645578153626613
vn 0.6557243438372984 0.7549938527288349 -0.003141216454650662
vn -0.771952078303915 -0.4480295694072511 0.45095398184185
vn -0.25367080897142086 0.9147187374689002 0.31454848910634736
vn 0.547518541966891 0.3261143509292156 -0.7706314789317047
vn 0.034888542764328866 -0.6621255794119625 -0.7485803274680376
vn -0.42435595189594283 0.8478927571626673 0.3178048118603277
vn -0.873995367103083 -0.4856945295103491 0.015261791705690553
vn -0.9561842406912134 -0.1489244656948583 0.2520579325696149
vn -0.8886735306605397 -0.45829229862637444 0.015083929298595115
vn 0.5495553092347824 -0.7691601024699222 -0.32616207452786633
vn -0.1964704851782493 0.9794295482064296 0.04601204792196037
vn 0.21503336679822688 0.7009644492781147 -0.6800069793845124
vn -0.7494120621162503 0.48129552752556387 0.4546825005853629
vn -0.42302737643164756 0.8933034751065166 0.15184446039279315
vn 0.6862438982757898 0.5567747407729389 -0.46805042475835223
vn 0.5968976678200383 0.16530105641484752 -0.7851042828179797
vn -0.6769691599108953 -0.3433994000723039 -0.6509912507549687
vn -0.8292441396611525 -0.16986349283441443 0.532447697562613
vn -0.9861033006578012 0.1650501645978444 0.01893999994759119
vn -0.889883658269068 0.4511445568360285 0.0676436514603099
vn 0.6471596320646736 0.7039998130679264 -0.2925212365388893
vn -0.6836612865371465 -0.20377874507764412 0.700772051629454
vn 0.7263736172349515 -0.32785976129610395 -0.6040607130975113
vn -0.16505603808236047 -0.9841713497693487 0.06452331815500983
vn -0.2844163151629116 -0.08605240946438938 -0.9548310544250875
vn -0.9589007952350699 0.24292525293057096 0.14661714219752262
vn -0.5504677331759555 0.7595211317246308 0.34657311666639834
vn 0.42605742889242276 0.775655807467982 -0.4656534501394474
vn -0.9375508567870103 -0.31541833753357834 -0.14666173081447229
vn -0.9745668649068702 0.21713344485842906 0.05543007260960145
vn -0.8810578070310399 -0.12105084322864532 -0.45725685781985664
vn -0.9285620628569888 -0.0053896383481877325 0.37113804334943823
vn -0.6401183564905577 -0.6607955652608687 0.3919154380927041
vn -0.21389884661150785 0.9591430759100372 0.1851805695857402
vn -0.766799989428971 -0.13764847870083846 0.6269534851351215
vn 0.3996863991674864 0.31033331392242985 -0.8625218933977566
vn 0.23204688640897572 -0.7553613157575879 -0.6128486967962531
vn 0.5600241347537935 0.06623355210396244 -0.8258244880535794
vn -0.7090371837479764 -0.643468379096522 0.2884696122048783
vn -0.9153513823377616 -0.31968402565658516 0.2448141552123747
vn -0.8007772772004031 -0.5975694214883214 0.04082326324072648
vn -0.7210094586462614 -0.6496356954339535 0.24107845976086034
vn -0.955822146388859 0.2883431542878951 -0.05711610848002006
vn -0.8957397476928891 0.079795168054498 0.43735916082578374
vn -0.491222910058065 0.641838420937397 -0.5888492965459626
vn -0.9919816173669636 0.07051172794300398 0.10488358798456006
vn -0.9339753857501272 0.32476841958656233 -0.1490484902712798
vn -0.37625677071131075 -0.5109960528849162 -0.7728608389806874
vn -0.3354661416904057 -0.8533103344479998 -0.39915403155122375
vn -0.9546334722371962 -0.292440920420966 0.05615373315900279
vn -0.6923101481559883 0.19041926986045882 -0.6960223850035596
vn -0.22725973868598734 0.9736236863598496 0.02024669186395789
vn -0.7059282593108503 -0.42862948366195214 -0.5638635104722074
vn -0.7526668992692462 0.34000376257550585 0.5638173287323808
vn -0.8845879896343278 0.4150358971084483 -0.21271881135923096
vn -0.059865800177325144 -0.8615345020780295 -0.5041571061666097
vn 0.5692837818986743 -0.5068544135713013 -0.6473133546516979
vn 0.5964836483076967 0.09028486169755495 -0.7975311285773072
vn -0.7239190542929917 -0.3744949803405308 0.5793916745443329
vn -0.6742493451996326 -0.7068210779161322 -0.21399015003346156
vn 0.7207667187130111 -0.358132181344183 -0.5934953056944395
vn 0.016094131326625162 -0.9915900784191111 0.12841376607522467
vn -0.7970908997926143 0.3577756636517076 -0.4864593220058389
vn -0.5870082790271887 0.06275104534452582 -0.8071453318094006
vn -0.7775119477182195 0.033268570618015546 0.6279875582879447
vn -0.5418983775293859 0.7664607276722181 -0.344795738615188
vn 0.7397266642870954 -0.13055412500438007 -0.6601212635471059
vn -0.8335785424589018 0.4127066510097187 0.3671784767172981
vn -0.9313984262379342 -0.003934045216262685 0.36398007485264383
vn 0.7650415949883501 0.5608550944679647 -0.3164694628980994
vn -0.30873402449218995 0.786956059008604 0.5342129381721323
vn 0.009689598538442177 -0.9332828112708291 -0.35901156787293337
vn -0.5151094076138155 -0.3295151215177639 0.791253488383386
vn -0.5272266194894963 -0.8493667125962038 0.024663317603183535
vn -0.7320204431924345 -0.5847144170624605 0.34964999818054987
vn -0.9967789379679639 0.034555709915143354 -0.07237162244774412
vn -0.9899904016354493 -0.132238550431033 -0.04931501241590738
vn -0.9866605195779555 -0.1060629017938065 -0.12349769216157884
vn -0.9922139669826344 -0.04827475560052951 0.11480850010470854
vn 0.591766046263566 -0.1610402131098259 -0.7898601118243209
vn 0.41455528013114235 0.7953721856555225 -0.4421843574810706
vn 0.5885787536765754 -0.03999100578311144 -0.8074501657545092
vn 0.42890781690991936 -0.08709315317556361 -0.8991400709920034
vn -0.7011806941083393 0.3930948661341198 0.5948294380986419
vn -0.9315839252412489 -0.3582933782592709 0.06145929813841429
vn -0.4594492502546277 -0.3099500163525744 -0.8323685324443129
vn -0.8093626413595523 0.13864591571118415 0.5707095801089166
vn -0.5325294130605186 0.1340472398578495 -0.8357294787859956
vn 0.5527016418649019 0.8234948960185872 0.1279728538057109
vn -0.8564871665344612 -0.10269180824050607 0.5058499046971
vn -0.4573734741709798 -0.050534099793769695 0.8878377159609752
vn 0.3495388266835282 0.7152470819047305 -0.6051811468209087
vn -0.06110283473140877 -0.9906557385959738 0.12193297820791572
vn -0.0874196492190792 -0.9819578277954847 -0.16768014003329773
vn -0.7003913257853608 0.4127516590992869 -0.5823126811906217
vn -0.7218281049714284 -0.4483855080522936 0.5271760835262191
vn -0.9585069893615348 0.054672408162337656 0.27977719551603436
vn -0.5544571307500832 -0.8121740261558436 -0.181523115327476
vn 0.24589336705484194 0.659254532084429 -0.7105771696055068
vn -0.643089900487323 0.37623695124541784 0.6669941052278935
vn -0.7188543525291781 -0.10476755874302056 0.6872206184951699
vn 0.2636316662352461 0.4222457917952177 -0.8672985851880871
vn -0.7012275241103612 0.3048038686679023 0.6444955865443401
vn -0.7478134027434564 0.6384948484682096 0.18193252363668058
vn -0.6784552395893796 -0.725769824264109 -0.11382728170944674
vn -0.5082138249993091 0.7546403510894386 0.415014034205086
vn -0.03531290541339415 0.0537051252954815 -0.9979322413011122
vn -0.6072407163836665 0.7092314723802833 -0.35811929709406437
vn 0.8395127190554282 0.539144643711414 -0.06739026414441666
vn 0.8884447186979505 0.320249407401831 0.3287952233176383
vn -0.5947597531224126 -0.6676935450664988 0.44771214629748246
vn -0.958472342719445 -0.27351315999737014 -0.08075468748098644
vn -0.40360248944618493 0.3787747105803611 -0.8328473744556116
vn -0.7144442330322681 0.3265143096100282 0.6188358776822985
vn -0.5134793610426851 -0.340935325667916 0.7874655862289525
vn -0.22250485533978126 0.4111070653951582 -0.8840150282276903
vn -0.9463797773614737 -0.2824513305983524 0.15680102947515326
vn -0.860270370070913 0.3178029318109255 0.3986680159110263
vn -0.11534137754314608 -0.11725439602308793 -0.9863811500833288
vn -0.3168762897313383 -0.9484508558864426 -0.005512800955538367
vn 0.7274455351330789 -0.18872669139950926 -0.6597008635497932
vn 0.752610328406812 -0.09667670760091217 -0.6513304136786784
vn 0.7337263752441376 0.5952539983134292 -0.3275946943449709
vn -0.5062596217908868 -0.4145512295959966 0.7562066340522249
vn -0.4960306318382032 0.020791376141911587 -0.8680560644084682
vn 0.13662117677115174 0.70143770953187 -0.6995139696277335
vn -0.47483009642974605 0.40199140173957193 -0.782904395473657
vn -0.6775337497485172 0.08990096353687983 0.7299765987392022
vn 0.29166671678170925 -0.683653892128479 -0.6689901958170689
vn -0.7705290405987557 0.61405033578047 0.17095959382805412
vn -0.7256480486024516 0.6740557579832477 -0.13814392744193804
vn -0.5767892498962756 0.5331827309542823 0.6188944470717325
vn -0.9666604601110643 0.040988334377375 0.25275978972699376
vn 0.15688307971917298 0.9874521738494739 0.018052801936981635
vn -0.3938210321419616 0.9059488206900745 0.15544043532139024
vn -0.34411275599825175 -0.4731708496297207 -0.8109844377175037
vn 0.40958318061188237 -0.6958066216032445 -0.5899955622654577
vn -0.9843016473220324 0.04480783362766545 0.1707118189368522
vn -0.9778761144631853 0.08383013202578472 -0.19165284690534196
vn -0.9503262703179597 -0.28035074661625353 -0.13521626682934715
vn -0.41887589113571183 0.827799296989362 0.3732175126239139
vn 0.0965181961394341 0.9420498606992708 -0.32128849616890154
vn -0.42197210447758415 -0.3620970024188348 0.8311590123929676
vn 0.5557510892636293 0.12312804250730193 -0.8221801578307577
vn 0.49798577824165996 0.10175114084200472 -0.8611950243739213
vn 0.2968281505261364 -0.5854203696619779 -0.7544375652365585
vn 0.23122468799043905 0.09663232502969425 -0.968089529652645
vn 0.7068828307239655 0.06387646462766126 -0.704440530417114
vn 0.11228596665594769 -0.698820725523239 -0.7064286625493852
vn 0.1181227038002767 0.8608832320918389 -0.49490108865309745
vn -0.7827394617966883 0.4149805314430987 0.4637996264222667
vn -0.3055015843334618 0.5508236362859932 0.776699493805951
vn 0.05037445183599667 -0.18589124013884534 -0.9812781774002034
vn -0.891274806299261 -0.31952363125798955 0.32176679245056194
vn 0.5054544147310218 -0.4406725113194704 -0.7418379690985837
vn -0.5232228528612123 0.7742237884737267 0.3561114595251946
vn -0.8260226764219746 0.47083389294390066 0.3098418682037167
vn -0.2946475155141228 -0.3827350446656231 0.8756122013689384
vn 0.4918124341101326 0.7905932605994272 0.364805189038523
vn 0.43805598962676967 -0.8092966033530721 0.3913386739811077
vn -0.5664321631394968 -0.8233462951839415 0.03543279226914605
vn -0.09374699140192512 -0.8978183407073544 0.43027169171650187
vn -0.49066324190288035 -0.2663631799573144 0.8296386197666925
vn -0.6872409032265743 0.6155495684973077 0.3857443060566164
vn -0.6568975465920938 0.14950490037265796 0.7390087266371417
vn 0.2643926458766104 0.33038836931247345 -0.9060574232516446
vn -0.7878608710849818 -0.575634778074652 0.21890603025992691
vn -0.8195697611566017 -0.28595226815914976 -0.49652462872686226
vn -0.788156139808559 0.23909511799299296 -0.5671361598716732
vn -0.740662106136337 0.30340174176646534 0.5994722909582733
vn -0.8434508905649148 0.5353728448195384 0.04434537444972852
vn 0.523546860495127 0.1739980680812713 -0.8340403810186178
vn 0.607924456331917 0.1913445874108939 -0.7705939944368226
vn -0.37458119342599133 -0.9112583531707485 -0.1711640829966831
vn -0.4125268432187574 -0.8546513262803834 0.3152661004788626
vn -0.4870501158863037 -0.6550783512611191 0.5776283738911655
vn 0.12635733019090137 0.36485605946548727 -0.9224499341310316
vn -0.29881299125697025 0.6385421877656754 0.7092070718058915
vn -0.6225652618802309 -0.07100573840597664 0.779339900052231
vn -0.028390926598846535 0.3896421404072064 -0.9205286294872908
vn -0.2580122071263654 -0.9470616047760527 0.1910602463433696
vn -0.990706972770102 0.129575460173735 0.04135086728794787
vn 0.4267353089910632 0.8813943806001252 0.2025855915577993
vn -0.5354720345703532 -0.75149190308313 0.3853954070738026
vn -0.9993674559289722 0.03248836036446816 0.014463556647037381
vn -0.676236861237669 -0.7308562325902005 -0.09248175380843686
vn -0.9038340384671814 0.4278229146391171 0.007182243228730108
vn -0.9365049189738441 -0.2786311264298097 -0.21289253655835189
vn -0.4419277525335652 -0.8513104755617693 0.28279026811300656
vn -0.9855430651313618 -0.16641215860297126 -0.03180975071546226
vn -0.4278562350795164 0.8412870732942911 0.3304165589245
vn -0.8197622284308514 0.41164013668652055 -0.39817368911919226
vn 0.6085360757017082 0.7889253044681969 -0.08532706803428555
vn -0.4716374176400488 0.8542007023735552 0.2188591015844467
vn 0.9012477730877506 0.23993196383076085 -0.36081172962735686
vn -0.5741547171983666 -0.34651722453138145 0.7418033255667783
vn 0.8337867202207258 -0.2485235018199596 -0.4929865862543418
vn -0.9840568500005964 -0.16967523435846985 -0.05331445218983459
vn -0.8667733206795548 0.25044635324152514 -0.4312547213726002
vn -0.3821894167204443 -0.7052196151240565 -0.5971570515292977
vn -0.17521469102601792 0.7871189627035647 -0.5913911992929227
vn -0.4435759777385704 0.4534594411092473 -0.7730555524942307
vn 0.5498656098515938 0.5482520524940852 -0.6301329209290352
vn 0.2359010847674809 0.043188273402323445 -0.9708168989289647
vn -0.06319181601566808 -0.11154974217549164 -0.9917476742645901
vn -0.6139193778246068 0.4194153252663533 0.6687254911121355
vn -0.4915270730359988 0.7539476041194811 0.4358487658754563
vn -0.9758779326024687 0.21352934661151307 0.04546953700217356
vn 0.22798861134726806 -0.9202850288048959 -0.3179570078697999
vn -0.6596391177574437 -0.5654304007460883 0.49514108720272776
vn -0.6995030520540917 -0.30050700383058115 0.6483756787663908
vn -0.5429533246684631 -0.643447950123978 0.5396076562769592
vn -0.552003636277466 -0.36585704434797844 0.7492934062417848
vn -0.6659872029407675 -0.6995840170915042 0.2589271104949167
vn -0.8727517132142053 -0.2736987174859157 -0.4042195679679974
vn 0.6470882977849869 -0.7565884689814658 0.09407775227974906
vn 0.5385910068909842 0.23505545263641195 -0.8091159752977614
vn -0.7573914498392549 -0.6336641883010635 0.15756867764611704
vn -0.5148032324892788 -0.09079313308652853 0.8524870901092412
vn -0.6410760229375644 0.20048296282399466 0.7408293423129704
vn 0.4954160606062458 -0.8148758664996745 -0.30089906794437404
vn -0.690059662372651 -0.6639197473639583 0.28814619800774843
vn -0.9771984547527418 -0.2097040357283089 0.03327758146430759
vn -0.7492642625942421 0.19422995132881107 -0.633149106297967
vn 0.5784986586774579 0.23837444069160102 -0.7800749502024459
vn -0.4321249319667231 -0.8947455664075624 0.112687242253794
vn -0.9708258077798069 -0.23675111336613283 0.03802842711159736
vn -0.5625365435273543 -0.037820127256661756 0.8259069409870502
vn -0.6593048525867843 0.22088014923136398 0.7186995693828185
vn -0.7169461953393882 0.08931878342469748 -0.691382895301806
vn -0.3878258239542321 0.858459965175078 0.33561528342109964
vn 0.42976515969593465 0.05475724050271475 -0.90127884260314
vn 0.41257649724105 0.8421880019853295 0.34713110381563966
vn -0.13742156431629732 -0.988536603841205 0.06253556209836411
vn -0.9010766824321731 0.1013612532641251 -0.4216476120100224
vn -0.8997486174844135 -0.18749576684350794 -0.3940783713306927
vn 0.5475814848232967 0.7483141298852763 -0.37440683820244997
vn -0.7818965364443751 -0.618453387291808 0.07844242502357293
vn -0.9884170908671029 0.0519576483463927 0.14259052303756434
vn -0.8711222035528831 -0.3011786716227195 -0.38786275180370605
vn -0.9618385921449479 0.11030521864155118 -0.2503982456030071
vn 0.5250319196586938 0.10651646461369216 -0.8443907425509278
vn 0.31766168245278814 0.344738791894571 0.8833154707488914
vn 0.14086870534574172 -0.5927817093088693 -0.7929475726446672
vn 0.3781335751838221 0.07122352907594008 -0.923007155023551
vn 0.27330508642482315 -0.3656046663717844 -0.8897401630035008
vn 0.6553463482845379 -0.6569306993818935 -0.3727777085606614
vn -0.6296802689499864 0.044785346340326375 0.7755623970050701
vn 0.630239797208982 0.23383772836668418 -0.7403497246614535
vn -0.906887872542874 0.3790807357567669 -0.18398962582919795
vn -0.8882336661753635 -0.44651255238966275 0.10801617856201796
vn -0.9994413043221516 0.03224820574799623 -0.00878250766417556
vn -0.7909242568875092 0.5827980084300187 -0.18650818008051262
vn -0.5156059778523915 0.8363357648286919 0.18626047372238175
vn -0.27828111851500303 -0.9449639186885961 -0.17205467577119518
vn -0.47400002980335604 0.7194880142181574 0.5076031610843552
vn -0.8655090879797157 -0.17771835526035346 0.46830567456318056
vn -0.7904568298381773 -0.22750866366574551 0.56869834545144
vn 0.7416480887998831 0.4796982179628125 -0.4688792297199595
vn -0.24481030189974282 0.9679184110777872 0.05658502964926965
vn 0.09652276532363871 0.877732592691853 0.46932808513950586
vn -0.7960909585253929 0.48004239678365207 0.3685084572222568
vn -0.9132264580641704 0.40262206190207694 0.06255326978895727
vn -0.26794171750095785 0.4859515504132756 -0.8319004307449124
vn 0.8057400522660567 -0.460343536197687 -0.37264835549791603
vn 0.18290582186566898 -0.9815449654199836 -0.05581165815783867
vn -0.6735831498394094 -0.5272094606800912 -0.5180115103178956
vn 0.6360714528765772 0.35657346771028764 -0.6843014459728552
vn -0.019482777119889525 0.8053660043603278 -0.5924576106493842
vn -0.6156048373220289 0.04511701830752208 0.7867624412265476
vn -0.11794718932781104 0.7482465995565194 -0.6528518107363838
vn -0.9894240333376709 -0.13066117247381356 0.0629900012826161
vn -0.5302861299516051 -0.5869725905666409 -0.6117677650092688
vn -0.5382609343245603 -0.7705200876033317 -0.3414292916253748
vn -0.7874055280673753 0.6151141945276766 -0.04033685733303055
vn -0.640922617549019 0.7315540445640678 0.23247984470931607
vn -0.6603391796061011 0.04800907543896882 0.7494313154336671
vn -0.5644956867857682 -0.08868213806901576 -0.8206583320650389
vn -0.8187707731164676 0.11877404252835111 0.5617002295813448
vn -0.6456835264518745 0.47380173166636463 0.5988361234416522
vn -0.624818143543415 0.29341786973731626 -0.7235386936562381
vn -0.8258504636303723 0.4733064936189157 0.3065158638956008
vn -0.866140852882694 -0.21847822035565398 0.44951895421424204
vn -0.695372283785607 -0.5035441520197076 0.5127384068992129
vn -0.6197903822060802 -0.2502089468974103 -0.7438113773110291
vn -0.6944270713313521 0.5582064376754314 0.4540667522951509
vn -0.4432759844965813 -0.856689982598929 0.2637966551782515
vn -0.5876047577625668 -0.8074039770672998 -0.05309864848282133
vn -0.3384634299481503 -0.9385132313127372 0.06808392790268772
vn 0.6440354723697729 -0.7431745688475592 -0.18141077847715711
vn -0.5899852608626963 0.6257715921349699 0.5102228007857363
vn -0.27392700863640207 -0.3434604475207437 -0.8983311833218098
vn -0.8606728383683923 0.3653175561821128 0.35466230197192355
vn 0.5386885974270614 0.4365491249654912 -0.7205827200911282
vn 0.02395837592417219 0.9968813760412158 -0.07518988180099515
vn -0.23207179846778347 -0.9548066708326053 0.18570649339612608
vn 0.7352491835067062 -0.08433705073157657 -0.6725294789275942
vn -0.876220178102598 0.2583495412163848 -0.4068091862767296
vn 0.8618700423737498 0.4443334299514004 -0.2444336987534548
vn 0.5527478270336138 -0.7964725822185608 -0.2451555944369131
vn -0.10870462560973278 -0.8788133782793774 0.46461849998491855
vn 0.6891791865302586 -0.46987802095520526 -0.551585618264935
vn -0.5571979806645275 -0.10168519481651557 0.8241301665990027
vn -0.022962102286749653 -0.9989766909374053 -0.03896553377440878
vn 0.8280781536126751 -0.3621580911285064 -0.42793467788855255
vn -0.5277168761369576 0.7392805233555471 0.4183051594558682
vn -0.1267966897398046 0.05705465992294674 -0.9902865066495175
vn 0.3770699475719286 -0.5343942606330082 -0.7564661452045316
vn 0.5543687558238095 0.30296100358949046 -0.775170892687806
vn 0.7440735732092163 0.6610477597232531 0.09680070772746074
vn 0.7910134290567695 0.3713598593630901 -0.4861991463440439
vn -0.05653371244213796 -0.9983170548802951 0.012922743232140476
vn -0.594743470855689 -0.09951217148565385 -0.7977327444706894
vn -0.4019852046565448 -0.3961536649328518 0.8255120647195325
vn -0.4132865090604115 0.2679662120939849 0.8702806275016467
vn -0.7471636629474943 0.4502348361485668 0.48891211182497446
vn -0.5210480741288391 0.7867142635532899 0.3310431572596422
vn -0.5770189306723892 -0.7733525226278887 0.2626309756878907
vn -0.7700395491330766 0.048887278295647 0.636120371307013
vn -0.10063695977939059 0.6918813634598276 0.7149632027057974
vn 0.5934723664327388 0.613221769594616 -0.5212960882032135
vn 0.3095670664082409 0.3260450388029933 -0.8932316967435439
vn -0.24914420900664902 0.13150489203358623 -0.9594965484511584
vn -0.19871327778264655 0.3276972554671697 -0.9236490361561371
vn 0.3348335941956349 -0.09724717645877021 -0.9372456726327573
vn 0.1753884246223802 0.7441766817103657 0.6445463264242756
vn -0.031319685716020104 -0.994790567885446 -0.09700929508455126
vn -0.7508493616639541 -0.4394108924615927 0.49309563339674706
vn -0.431328391777495 0.7405871250903435 0.515253848696989
vn 0.4601333963602189 -0.7425194862859039 -0.48676695660215796
vn 0.6828590668102477 -0.3691628595120924 -0.6304143701026277
vn -0.43406909469131777 0.11289317844763877 -0.8937780212635851
vn -0.927503644292809 -0.3638323839057226 0.08580784489216356
vn -0.9045290582574977 -0.22581095081732225 -0.36171341868775203
vn -0.5742930197790381 -0.30129709965296286 0.7611882718314739
vn -0.6059679733736814 0.021532184482698696 -0.7951975731079645
vn -0.3900532552215109 0.6440600963797748 0.6580615855240131
vn -0.8498723713936658 0.5268040427732816 -0.013944635507376861
vn 0.5025878080954607 0.02832122405690345 -0.8640621525224438
vn -0.1217910182511253 0.36686685143768677 -0.9222665890020912
vn -0.4091383274168522 0.164804669466115 0.8974660160477973
vn -0.45587246813482096 -0.4494759063855589 0.7682133182752998
vn -0.7739875954440543 0.41714504586297213 -0.47637507576563004
vn 0.34614360346071776 -0.3302835823401449 -0.8781214955914644
vn -0.5402106073448224 0.7460137642637831 0.38940462663034553
vn -0.2804945073980186 0.8556887989712776 0.4348787309522452
vn -0.4092354974894196 0.7520071088725288 0.5167316671153102
vn 0.651027664993877 0.5576054926136358 -0.5150136833325155
vn 0.6730480603509567 0.5347345323106254 -0.5109454847753837
vn -0.8153087021861899 0.3671755845270924 -0.44772068331344556
vn -0.9192322228899316 0.3904843814411484 -0.05033952970935025
vn -0.487381563159325 0.6085085689891264 0.6262399966140605
vn -0.6670414543214981 0.5263935716664208 0.5272243411726447
vn 0.4478717844031707 -0.8923438986066221 0.05597527449735583
vn -0.14001694298472742 -0.989760397227623 0.027741877316245344
vn -0.3066073033086802 0.46531697698734303 0.8303445504639261
vn -0.25461080349513177 0.7169222741384306 0.6489959873433303
vn 0.13679329819604755 -0.4806871034869054 -0.8661567422297285
vn -0.7550423175332064 0.18420943691104844 -0.6292678142786259
vn -0.4682900070050772 -0.17172745084753716 0.8667261112742545
vn 0.5742129204634895 0.5199970113065009 -0.6323627362559381
vn -0.6013970826920131 0.3516798531138979 0.7173861093186311
vn -0.5614767721343442 0.5015440628528034 0.6581773221334055
vn -0.14274819211986584 -0.7795502552578062 -0.6098560101974887
vn 0.6647802569014758 0.7143104648460686 -0.2186956100277306
vn -0.29064351725575505 -0.515416569744818 0.806146454132057
vn -0.3086070177747627 -0.34167805949719143 -0.8877036736650363
vn 0.4732858779305666 0.7725457455490466 -0.42328896605694827
vn -0.8016796145289605 0.0480152854823471 -0.5958223963638376
vn 0.6280622033426307 0.035698030980483256 -0.7773438874246817
vn -0.2972234460408241 0.9140435969858239 0.2760118220888987
vn -0.5744453568736985 -0.6873226642338792 0.4445223134969622
vn -0.5380175176393971 0.030451057833749476 0.8423834541287873
vn -0.8313567747155141 -0.5525457931323234 -0.05948999601941207
vn -0.9344125882175898 -0.29970508480532526 0.19248370612168145
vn -0.9176290844001473 0.3812390058197279 -0.11231065801842899
vn -0.8724521471024924 0.04406191817768487 -0.486709151735155
vn -0.5395793246704014 -0.3192704277325032 -0.7790510550430813
vn -0.4583057678362702 -0.03202025906985921 -0.8882176119494063
vn 0.2683198770212435 0.9623413754408351 0.0436293560569744
vn 0.23491288165491855 0.47985400613733586 0.845314184683146
vn 0.441607932481041 -0.8377474739274923 -0.3211878016019999
vn -0.062161634241509146 -0.12811040596779477 0.9898099085739603
vn 0.44772857104817526 0.7501598542491842 -0.4866203034605128
vn -0.7634902703808676 0.4039524850414381 -0.5038898658066029
vn 0.3972388428505363 -0.8118410548274978 -0.4279198563134721
vn 0.059039980912275136 -0.9913687830110273 0.11705646810455639
vn 0.20234566834945555 -0.7681320870756922 -0.6074778409991208
vn -0.3662795419845097 0.7242501964978018 -0.5842096798209641
vn -0.2502224117451937 0.37660634068132637 -0.8919396890031519
vn -0.03990298235005701 0.7065642649499339 0.7065229589300908
vn 0.2144923465798812 -0.8984997691058159 0.3830028696699959
vn 0.12019349235709836 0.7340607258468049 0.6683624579255377
vn -0.23171164109722064 0.05806717280161863 -0.971049905423434
vn -0.4761360843292104 -0.7776137524394289 0.4106230402896525
vn -0.6908164653717238 -0.5683299330465104 0.446960510979065
vn -0.12436976742696032 0.38718774023897634 0.9135741977304299
vn -0.8084136351320221 0.37798744924877026 -0.4512126801665021
vn 0.808261278780681 -0.18588580271381713 -0.5587129617014968
vn -0.43532187619368745 -0.790941135051512 -0.4300081220054266
vn 0.6784145969238861 -0.29188547128552533 -0.6742080586384503
vn -0.27242344252713074 -0.9354125135932937 0.2253639220788085
vn -0.2948259643850292 -0.002394643557449765 0.9555479665650858
vn 0.5100818278836131 0.19949179897278396 -0.8366717104130594
vn -0.9828351839459405 0.1827877332127239 0.024972901010958684
vn -0.813577666177425 0.5590350725471099 -0.1599098769918292
vn 0.014195854692460989 0.7496905878979553 -0.6616362294545007
vn 0.713934066101627 0.5156482473933551 -0.47371408488639943
vn 0.620944678547057 0.21572837225331798 -0.7535840866081408
vn 0.5992725513416891 0.7546522048863255 0.26715624430027834
vn -0.19845505028554572 -0.5256400696382024 -0.8272352206034916
vn 0.13237737347813286 -0.9900978378577879 -0.046717260839698314
vn -0.016151811966959945 -0.5554477585991459 0.8313945552127276
vn -0.15502947287527263 -0.3123361709651816 -0.9372363516460638
vn -0.6127436124197714 0.7198119716278192 0.32621463937113643
vn 0.6253892663519459 0.5906006584452541 -0.5099795366245661
vn -0.4937769738956536 0.11602466479043483 -0.8618135397002754
vn -0.5009396592667019 0.8237217533858002 0.26559730942308796
vn -0.3293300006401517 0.8608911124730116 0.3878250161391575
vn -0.6175808961928232 0.21069795082179124 -0.7577599951021214
vn -0.18092575242201395 -0.2822936706662877 -0.9421126024060401
vn -0.49706285558255703 -0.3300218540080217 0.8025048868868163
vn -0.43631726937270776 0.7078707884611292 0.5554693396494202
vn -0.3295320314730446 -0.9204355596394846 0.21025465698622972
vn 0.4419364010151599 -0.8489792895017055 0.289700506480308
vn -0.9672188774354431 0.05655232453470785 -0.24756711761104824
vn -0.7986431829785642 0.36208397657424113 -0.48069143968875905
vn -0.37020099706142795 0.278171722201373 -0.8863248359051249
vn -0.858927619187514 -0.4707999889340769 -0.201471376171758
vn -0.9522027370791161 0.30321255318237816 -0.03704180194946243
vn 0.0447091713690859 -0.9989362791823636 0.011287166552538495
vn -0.0237958003635762 -0.9675766262168999 0.2514542349688675
vn 0.7609847352992458 0.14272609662523908 -0.632875575436167
vn -0.6834205826316395 0.292717122192507 -0.6687697612861748
vn -0.5549129264267747 -0.7146943828984743 0.4257740987164929
vn -0.5916140669296056 -0.5734504455231615 0.5666986697887156
vn 0.4898863933083973 0.05598171688666657 -0.8699869935957155
vn -0.4449362105160466 -0.32226541250044144 0.8355697292731112
vn -0.6581755275864195 -0.751926421590134 0.03757168349960613
vn -0.528426293521655 0.5496069234107364 -0.6470686841858061
vn 0.013435601425493651 0.4649692236156986 -0.8852248899034356
vn -0.9416344622475121 0.32234367251125584 -0.09705202882884346
vn -0.7328837887287042 -0.6436049146599342 -0.220576667043998
vn -0.7443789231097815 0.6601845610887559 -0.10028142465067402
vn -0.6423243822727434 0.7664235761644745 -0.0037801901005550705
vn 0.5586961432298674 -0.25889718182705423 -0.7879282129623743
vn -0.5961451669354397 0.7904768174288139 0.14056080907255017
vn 0.10018373766144258 0.9224858640933606 0.37280430423495503
vn 0.7801898683238111 0.5279660201471704 -0.33549314588353646
vn 0.1457386279477972 0.24678252038103268 0.9580493932769222
vn -0.23430256308738012 -0.15147101726030662 -0.9602910183172663
vn -0.03741015905862794 0.33849349975034915 0.9402247766496948
vn -0.4896068903969434 0.2270641640207835 -0.8418592271237383
vn -0.7032160670230978 -0.10511389987144282 0.7031630188899172
vn -0.9818995397074393 0.18537689371795107 -0.03884200300965551
vn -0.8719258906588072 0.39481911072843623 0.28959128267690076
vn -0.9336020132793786 0.2583856820424102 -0.24824205952289696
vn 0.3093967064726314 0.8813531185142195 -0.357057920384282
vn 0.8007309594968125 -0.3393377132688644 -0.49363938949072145
vn 0.6189789068118545 -0.1040434148657536 -0.7784857614273202
vn -0.9667188541935878 -0.020433913951724923 -0.2550237481240725
vn -0.3346800194492781 0.5790988779379497 -0.743393418152487
vn -0.5003081125857296 -0.8655054849095598 0.024332037982311695
vn -0.9158245399615229 -0.40023643104095585 -0.03280565914385735
vn -0.42866320009692344 -0.8940062646299347 -0.13038657785637375
vn -0.24558504375969184 0.08343497816676557 0.9657777128821423
vn -0.658803888525333 -0.5026971761221269 -0.5597079466853583
vn -0.41759351264527605 0.8328593446822351 -0.3632643254877325
vn -0.528349762639301 0.30188387943469197 0.7935443602322774
vn 0.37020665962099153 -0.6624765495419567 -0.651207993255036
vn -0.2952918993405408 0.9248830039495965 0.23957070603274208
vn 0.48034378894713625 0.6830611826196731 -0.5501793027896656
vn 0.012978719789299282 0.16770582213657734 0.9857516472490043
vn 0.2998622098639495 -0.6670819607304633 0.6819709031648705
vn 0.030094214366846728 -0.4479885486143879 -0.8935326510945287
vn -0.45632704803981583 0.8456250375700705 0.27691861812071145
vn 0.9283358384200656 0.2739049771487677 -0.2513337116227088
vn -0.4250415653974572 0.3654484528534974 0.828122633425427
vn 0.1616274558976301 -0.9719497522475165 -0.1708515279593694
vn 0.18601253721988983 -0.9815110613440363 0.045115102308677484
vn -0.5880718041413371 -0.7747071135363185 0.23237995053398774
vn 0.7526368356911738 -0.47027864165632977 -0.4608424815082204
vn 0.17680751058636954 -0.9790852220132843 -0.10065402245041596
vn -0.822058792871855 -0.5110250686508441 -0.2511428284312905
vn -0.5082321293951866 -0.0850337988518567 0.8570118760573019
vn -0.3880739748645754 0.3717454614923765 0.843329059082295
vn -0.31683508250363634 0.756902055503252 -0.5715897207524518
vn 0.26393583472813703 -0.2554250364942537 -0.9301053305288981
vn 0.5022099005674054 0.7054465991689799 -0.5001302945163363
vn 0.5620181684359186 0.6138524548373535 -0.5543651702967008
vn -0.4515856857043074 0.8862204658807142 -0.10336176430934374
vn -0.5010968991889431 0.41261949716197854 -0.760688535594577
vn 0.5815106059980979 -0.15005183286230878 -0.7995810544068603
vn -0.5429369719391172 -0.3534447493583023 -0.7617717858076848
vn -0.9828091699572447 0.159580868860888 0.09284439531579591
vn -0.9145033241498168 0.1418249439770081 0.3789054702493139
vn -0.20929541013940506 -0.9579677728337234 0.19619678261014928
vn -0.29742371894733505 -0.8644353706315766 0.4053277950111308
vn -0.3575079074851677 0.4879270400910744 -0.7963135686609515
vn 0.6350093566975524 0.1675842426283298 -0.7541078427713438
vn -0.49515408262242055 -0.28128150096802235 0.8220116493551205
vn 0.1674295353143699 0.7417532745511595 -0.6494377802353714
vn 0.3632012611638661 0.8006450547030629 -0.47650009472035426
vn -0.40088498969845116 0.8778593622849815 0.26201939829538967
vn 0.38911288431929025 0.1518417128525034 -0.9085897080061719
vn 0.24816656720071578 -0.2547245087979924 -0.9346276154391299
vn 0.3532108926127283 0.10528023432452002 -0.9296010636828542
vn 0.12325902823203753 0.786302911075747 0.60542129463135
vn -0.24415539233091052 -0.9233177910909369 0.2964327934805669
vn 0.35318135988257776 0.06771606163379994 0.9331009924055919
vn -0.10198914969677116 0.8037649365456706 0.5861400345684158
vn -0.6021349370584711 0.3674864434645809 -0.7087927986678084
vn 0.14638112105204673 0.14170381058755754 0.9790263517722655
vn 0.1414707882141345 0.9634563807432202 0.2274594875736038
vn 0.2476054666097533 0.25303232036919865 -0.9352358941751249
vn -0.9256365130531986 0.25811063772922244 -0.27672358843027817
vn -0.7751106114191162 0.010663434987460302 -0.6317355706462573
vn -0.8767001242677077 0.3757296592525195 0.3003732931985991
vn -0.8117179794826658 0.25516918063366384 -0.5253595064708767
vn -0.9431847363204323 0.3107749531385305 -0.11756479776659601
vn 0.5299533571170147 -0.2317702010128205 -0.8157401627987203
vn -0.2778559577201476 0.13798831165140482 -0.9506604507430686
vn 0.8380996042549732 -0.3676411235048409 -0.4030248846606813
vn -0.4263727005242691 0.02449931726534532 0.9042157395783232
vn -0.7060288287046154 0.13155573785750782 -0.6958565806793491
vn -0.40291320590369584 -0.8144280771574993 -0.41757377269884244
vn 0.041250773854498185 0.9873620530253929 -0.15301813585940155
vn 0.7619874362830765 0.2969543591201643 -0.5754939231184609
vn 0.12126365299869238 -0.8933960196317778 -0.4325952826459261
vn -0.6730500966768024 -0.31179493253630974 0.6706619770107927
vn -0.8303690570465463 -0.09113352020198448 0.5497107517551609
vn 0.6704397704481182 0.5270562098744226 -0.5222281741100177
vn -0.7798312310298616 0.5471588375916733 0.3041059972374428
vn -0.41571660132135296 0.08097145956199156 0.905882624914632
vn -0.36515593949137337 -0.8291702365966945 0.4232468057721809
vn -0.5283648418088269 -0.4912972493393515 0.6924287737608252
vn -0.4700788913319765 -0.03531679554470383 -0.8819175470964128
vn -0.37834687722691096 -0.7089441175350708 -0.5951906238383337
vn -0.8841155839989344 0.33204403792098347 -0.32876494796640265
vn -0.7561088168262871 0.007712901998717957 -0.6544004647464048
vn -0.792737062811796 0.18933197761993303 0.5794146628236566
vn 0.08208753997899382 -0.9726034502679757 0.21749520525065874
vn -0.1106993699773809 -0.9569606735530977 0.2682758258945685
vn 0.7895259947857762 0.31217548609697315 -0.5283892215381092
vn -0.16413296634400015 0.7447892370846148 0.6467993210278109
vn -0.5954940899020819 0.04279391828539773 0.802219090678771
vn -0.6851160529199548 -0.3489316405354972 0.6394237282620877
vn -0.1994498035389558 0.17214332187246262 0.9646690896898197
vn -0.7875832913221357 0.3198158740150761 -0.5267165897882513
vn -0.7858176901503456 -0.5483339480588716 0.28604272277571735
vn -0.539012255121891 -0.3117913912434521 -0.7824652817696681
vn 0.7318300039398293 0.0010441229722383276 -0.681486430635745
vn -0.0210258476517636 0.6123833658684682 -0.7902812960826865
vn -0.7740748240272104 -0.6282055034837567 -0.0785239594007015
vn -0.3676131885386025 -0.06398674709330228 0.9277748863861857
vn -0.6228783718866447 -0.3322299118636276 0.7082695952099941
vn -0.345992855337738 0.8284823706759035 -0.44034748271617724
vn 0.5346166455833155 0.524172958214042 -0.6628934696784874
vn -0.22599982271608773 0.8775711867784464 0.42283908554977084
vn -0.8895442641299951 0.3999317656329269 -0.22082931189304336
vn 0.5249367442506006 -0.8228862420749238 0.21748482048039444
vn 0.6865244001994173 -0.541175074539102 -0.48560661715881465
vn 0.47194712834616626 -0.30170687701001186 0.8283953575501692
vn -0.03174132756870388 -0.6352232500752729 -0.7716760399856817
vn -0.9108822197966445 0.1347163595756669 0.3900577958726335
vn 0.4771529947010218 0.7700525980863056 -0.4234902783162532
vn 0.30129101823863735 0.700714050593643 -0.6467020501199718
vn 0.1517256640179889 -0.15575461016022366 -0.976073677696585
vn -0.601744542746451 -0.2478434634337299 0.7592609056892353
vn -0.5825259731788966 0.577193980033515 0.5722854182879811
vn -0.4221976440386986 -0.8967678633917749 0.13250112662133473
vn 0.8833445239935432 -0.31607469663520943 -0.34612026533790374
vn -0.5307356070250555 -0.23302820110170872 -0.814872734190467
vn -0.9611634160077859 0.15933121979593318 -0.2253407422695332
vn 0.592956605512726 0.7125977909126203 -0.37497580237300493
vn -0.5703265612837093 0.4812871172053018 0.6656503018150818
vn -0.3465878280694666 0.7600971866183874 0.5496627550861548
vn 0.5112772571056886 0.8558994510028629 0.07766399512954197
vn 0.09429985088971109 -0.9941765459545572 -0.05215873460931129
vn 0.37340042084851066 -0.6866391317668714 0.6237778678637068
vn -0.5524864212481363 0.8270252966546525 0.10386487871128966
vn -0.8483815812133072 -0.12835618888231332 -0.5135887279074732
vn 0.6637014785783228 0.18374343324714024 -0.7250784082232086
vn -0.7812892751573784 -0.11200317678746334 0.6140377487692221
vn -0.9819482892821929 -0.1702630324359863 -0.08238966538029673
vn -0.7389663625891667 -0.642637863465931 0.20234942896306735
vn -0.14394612530074433 -0.9436119742228909 -0.2981207056111348
vn 0.7045044809997496 -0.704749396482038 -0.08367630733652306
vn -0.7079716822654862 -0.6068882858022479 -0.36119621491121207
vn -0.13195773728929594 0.3066855019466904 -0.9426193072843331
vn -0.33907583776465666 -0.9407448289251599 -0.005171372619337778
vn 0.7117281108807759 0.12008010101901681 -0.6921155001308268
vn 0.7001796907049546 -0.358098086944408 -0.6176683259250626
vn -0.15230578082071122 0.4829070833749421 0.8623245896731114
vn -0.8083337259467573 -0.22841299262333417 0.5426085995428795
vn -0.09830783511416759 -0.9786809289752134 0.18033083157180596
vn -0.7983356855517896 0.34173805126282153 -0.4958580820089991
vn -0.9100305105546083 -0.29929024847858676 -0.2868271553136923
vn -0.3196305994407412 -0.9448775241606097 0.07101228229869168
vn 0.5727567720345215 0.3873107465517892 -0.7224541962602824
vn -0.6637733187727379 0.4094531364591409 0.6259018376144914
vn -0.6419757743433401 0.4215188415609584 0.6404599685892761
vn -0.7899684477441112 0.39709425814416177 -0.46718947089772606
vn 0.3160725006574145 -0.03945390593281965 -0.9479143229400077
vn 0.3444641775436001 0.9109379508736359 -0.22701647527735197
vn -0.9746316440437977 -0.20827303333317695 -0.08194816663404801
vn -0.8852855807844268 0.42775992741297036 0.18245789912971805
vn -0.4224921398656917 0.9058392501857857 -0.030913501493077124
vn -0.7352560821106966 -0.522646670017003 -0.43155411252746306
vn 0.5743055889684222 0.206666885007566 -0.7921249201489012
vn 0.6239532938418714 -0.017359897800606906 -0.7812687892474853
vn 0.3824633099816935 0.5783217606679554 0.7206009697854721
vn 0.49283457158584415 -0.6030989332875183 0.6272047207389744
vn -0.6411975690859749 0.5601110518370972 -0.5245391186634007
vn -0.7168127602438444 0.11516228594208021 -0.6876896935742134
vn 0.9162653712090698 0.23636081885639731 -0.32340583302197706
vn -0.8112823472305033 -0.01580927541487768 0.5844407753425677
vn -0.542252727458098 -0.11630031639261498 0.8321275238635188
vn -0.06403673582957348 0.8509231399427694 -0.5213723298893329
vn 0.3288901486954883 0.407431070831031 -0.8519572715885105
vn 0.8001814186393401 -0.2074914497297466 -0.5627228407958764
vn -0.6453859182119794 0.12590023820820537 0.7534096804480264
vn 0.655068453132893 0.548601743214509 0.5195396510874608
vn 0.7701987067569034 0.4196052274737129 0.48033884413685213
vn 0.3857327687251937 -0.49066763958435705 -0.7813165162700144
vn -0.23393118523715362 -0.3312166651357615 0.91409612257677
vn -0.09368121573207237 0.9915952628739578 -0.08923376303220258
vn -0.41075977360137206 -0.5337210851671027 0.7392010630667409
vn 0.6634358669369305 0.7434723271522964 -0.08427187680592009
vn -0.4417648931318604 -0.41065526193057333 -0.7976252472464297
vn -0.5329832356221157 0.47708689464398885 -0.6987967984362375
vn 0.8697476289917155 -0.25495204044838327 -0.42253818636248136
vn -0.6077790362185344 -0.269706998815704 0.7469021207113389
vn 0.5036857900546774 0.5746084652864799 -0.6450780855974818
vn 0.2678895052299841 -0.9634468755616347 0.002308886779012934
vn -0.30181417018143075 0.19831578531405 0.9325122283235572
vn 0.42777852803854316 -0.5382402141994324 -0.7261563211648897
vn -0.28311071693057677 -0.6905451634840148 -0.6655792207903501
vn -0.7497410005768133 0.5628031958853045 0.3480531493254535
vn 0.20502595717551234 0.976619368265443 0.06464492565601859
vn -0.2814032383848897 0.950745445948483 0.12998197734577288
vn 0.47137997824256445 -0.8714750047852259 0.1353965736148079
vn 0.5269975514799015 -0.5090192413978393 -0.6805681395870343
vn 0.18725974473510748 -0.9780741729286527 0.09113012812277983
vn 0.6621583779763205 -0.4578293020914331 0.5932441425098436
vn 0.5820222975225919 0.7541237320845949 -0.3042161105091668
vn -0.5012151134564347 -0.1277776841116675 0.855836592747653
vn -0.33952325612520434 0.34731793434330754 -0.8741248257735487
vn 0.3329144406749279 -0.8824216096939451 0.33241551999755753
vn 0.032356485009717655 0.6010679469851395 0.7985426607169371
vn 0.01468138222911915 0.9578540406303772 0.2868799293500719
vn -0.7114663717569996 0.6087322232916288 0.3510850070643312
vn -0.5546555485784223 0.14609891088457866 -0.8191534231568035
vn -0.3006584916871774 -0.8322472501826176 -0.46579929791688496
vn -0.5520654947557874 0.1266956932459318 0.8241188572123443
vn -0.14265747104526408 -0.9536286416133752 0.26503067718586504
vn -0.6065267783548092 0.2869802052551258 -0.7414631676153995
vn -0.7499457540813472 -0.6566820690859184 0.0796870508702426
vn 0.9553708371176131 -0.22227303537349996 0.19457970431430396
vn 0.473910012295189 -0.21880481034669585 -0.8529558928898494
vn 0.6380646765034282 -0.15072274066804345 -0.7550868321220342
vn 0.8073967119706349 -0.5549005880151184 -0.20048911920471785
vn -0.6800352825514767 0.7194485552744806 -0.14122956772077166
vn 0.3698091834340863 0.9212042166412577 -0.12092956251546111
vn -0.4685251159024504 -0.8539695816794043 0.22631873394595203
vn 0.8003904776136614 -0.18542823095023128 -0.570080217611559
vn -0.5825406241773065 -0.2962276005317365 0.7568986919438584
vn -0.448046085621415 0.22452710438748982 -0.865356738319346
vn -0.4830908699554526 -0.14745528764700233 -0.8630643947647382
vn 0.8251472312174071 0.5644579068243121 0.022788554973127755
vn -0.1679207380594472 0.9238614418001984 0.3439224652220748
vn 0.854030112536428 -0.3344402831908904 0.3984749224985345
vn 0.34486422531768646 0.3001106134654572 -0.8893830928128884
vn 0.37311699739900234 -0.9276463924143774 -0.01599615242937753
vn 0.4125258324773732 -0.8974424596779473 -0.15626730018160026
vn -0.16640880679520015 -0.6450699558333988 0.7457833875208637
vn -0.23731351924894734 0.2923436405724012 -0.9264002857288819
vn -0.5895826266903744 -0.15383125962659827 -0.7929238739416117
vn 0.7182301977685646 0.6588054985986624 -0.22387652406962308
vn -0.8847119781636927 0.2882223716666134 0.3663503516643028
vn 0.4295786292711538 0.8769216479395745 -0.21557046330250712
vn 0.7509233166122601 -0.6482302383003082 -0.12614170888793708
vn 0.525447547715553 0.32392746227346897 -0.7867501978295156
vn -0.555869175601522 -0.1827114566892916 0.8109414178660265
vn 0.5103265089248444 0.4119700525474951 -0.7548824611107312
vn -0.331558764925433 0.29827335561849483 -0.895042898820612
vn -0.2622218711304919 0.10155571187195728 0.9596489606554074
vn -0.3778546935374024 -0.09694369591928992 0.9207756243478994
vn -0.3372240131363136 0.12388588726285434 0.9332375109806371
vn -0.7760141446053405 0.431969550680694 0.459569749501815
vn -0.5404402622707815 0.7248685372117316 -0.42718839717063173
vn 0.9351331171236437 -0.07539817087436375 0.3461808329290031
vn 0.678330350374443 0.3065631933833119 0.6677476650827855
vn 0.08224718125241677 -0.6429182771821524 0.7615060669759401
vn 0.4993804514665468 -0.8639756051758528 0.06453927760741357
vn 0.2864530388116216 0.05514125160305378 0.9565061938781352
vn -0.4411644709986665 0.4834485133357564 0.756076348315376
vn -0.2742905966983518 0.703210903675876 0.6559413796325249
vn -0.9062511248008215 -0.17944224026576114 -0.3827654388860769
vn -0.1884266457169429 -0.9023592572976099 0.3876121385524034
vn 0.6924902375783133 -0.6538717912054888 -0.30480969722838
vn -0.7513972413274813 0.3943199756923797 0.5290689392653964
vn 0.8035493561953352 0.31648963961071275 -0.5041257186229872
vn -0.46299731951860484 0.32764175690247554 0.823580209361812
vn -0.1659145238261267 0.9482526962340554 0.27071977184608037
vn -0.3842111447742375 0.04795880143101491 -0.921998779606877
vn 0.4302485335435858 -0.4511180570644278 -0.7819070903720017
vn -0.5225277474439578 0.806898106467698 0.27546360726961167
vn 0.8519750892512528 -0.4748119148711252 0.22066284868943248
vn 0.6093018112730109 -0.73170203664232 -0.30555430344360873
vn 0.8812003469356734 -0.20297082654298265 0.4269529155924659
vn 0.4381967173362401 0.783444998223163 -0.44067853552771474
vn -0.439063019737001 0.8852768684285885 -0.1533249194511357
vn -0.15073645277752493 0.39354342647393226 -0.9068638780341876
vn -0.018213461911319975 -0.10102249585876232 0.9947174096876313
vn -0.7041283889928347 0.2256301506560541 0.6732713026182549
vn 0.20555230474831995 -0.9457487829800116 0.2516097961218531
vn -0.5143284680091207 -0.7615583364914249 0.3943287044025639
vn 0.6557988721266457 -0.4149473136034725 0.6306715200884537
vn -0.8770015617310605 0.1701963650509481 0.44933446122540543
vn 0.7073932121194686 -0.6355502453707444 -0.3093068525857242
vn -0.06260684237669266 0.4507265464625595 -0.8904639035927028
vn 0.040915042303492376 0.7700194743093366 -0.636707129297039
vn -0.7660850392714722 0.6227095809501628 0.1592058114432371
vn 0.6595334987265022 0.6882101873130503 -0.30229505807425144
vn 0.7812236509404049 0.048280611399001486 -0.6223813861084561
vn 0.9138152683634287 -0.19665806176881628 -0.35534105032659424
vn 0.8635244214727807 0.17084935001270568 0.4744850610086006
vn 0.3684217707970497 -0.7379569563815183 0.565406870608142
vn -0.3621499758116124 -0.20236832955875145 -0.90988705574442
vn -0.14656929603945398 0.9886488272697598 -0.03302934750532749
vn -0.34817534167186376 -0.6330066229113747 0.6914307968278658
vn 0.04552238753687265 -0.6602429074092673 -0.7496712715908889
vn -0.7651074108843494 0.40556291679701784 -0.5001293535965894
vn -0.6520969713373876 0.602047488745821 0.46076931458969417
vn 0.8091593926376937 0.18971605471351222 -0.556119497851081
vn -0.08156471109776121 -0.1894367820344107 0.978499311965004
vn 0.7084194139103714 -0.6950870474989831 0.12245787191533306
vn 0.5290091717008125 0.7604129434033107 0.3767246365200103
vn -0.12682401017713357 -0.514157548803426 -0.8482674610351636
vn -0.07792838743771648 0.9545039633669821 0.2878356307827089
vn 0.015405856247848213 -0.9998293632558516 0.01019332942020993
vn -0.5280092821839065 -0.315395079071389 0.788499931531505
vn -0.694977568257288 0.37753384585963856 0.611943114063405
vn -0.5376965933816152 -0.05081237045346455 -0.8416058914211008
vn -0.36921953451715017 0.8624552324054993 0.346190565191074
vn 0.3686710380460828 0.9292134254237496 -0.02537864689626824
vn 0.9798661510075004 -0.1953990020316419 -0.04100678132681357
vn 0.9771579475669057 -0.05713797716613905 0.2046890252851735
vn -0.3062109681696724 -0.42751706100478726 0.8505668730455125
vn 0.7291017262562586 -0.6786201678019899 -0.08879944044048352
vn -0.30190621986179 0.12187004503255933 -0.9455159049601053
vn 0.6391642023335106 0.4836505896284096 0.5979558759703418
vn -0.2063317059021682 0.1383978614476275 0.9686450635223537
vn -0.5635896463235553 -0.06521085064489021 -0.8234769307728417
vn 0.3479273531880979 -0.879216768621972 0.3254603365657054
vn -0.15978214185979334 0.49741459021307194 -0.8526713274092536
vn -0.11879430108795584 -0.6557243545081349 -0.7455960601652304
vn 0.5595354394396467 0.1822162405413798 -0.8085278805916638
vn 0.6125549081834272 0.015118389399902739 -0.7902834420398456
vn -0.5900787013337335 -0.12786143797674784 0.7971565585948679
vn -0.4586917313534715 0.694996260723777 0.5536985580330893
vn -0.5666885420583596 0.7559161841766845 0.3278030182892332
vn -0.9964655386950528 0.062423834868764155 0.05621116466908948
vn -0.9018960148431652 -0.3594029307275188 -0.23961033323812927
vn -0.7081034757090423 -0.42786133153636585 -0.5617153626746394
vn -0.6674945577615106 0.7437021384914647 -0.03685301292958221
vn -0.7272336304703616 0.6504890759249293 0.21907808839596166
vn 0.48239302687363733 -0.8464726814841562 -0.22534632707171523
vn 0.6041345604597711 -0.7177074561423946 0.346290976283951
vn 0.047350467645167475 0.9030465749483552 -0.42692483728149233
vn 0.8530709571635728 -0.04342128248950865 -0.5199851288940789
vn -0.705681786473321 0.044959380307270196 -0.7071010326411694
vn -0.20266139143748443 0.5225932504368335 -0.828145310328138
vn -0.05026821013248877 0.6844214750974378 -0.7273516009988039
vn -0.8552556015392828 0.4758882510057809 -0.20510540848631625
vn -0.30921687642375223 0.7382371774931795 0.599492112626715
vn -0.8430360672777616 0.3273744926637502 -0.42675066587176813
vn -0.9625244243913658 0.11662910258755121 0.2448354240703186
vn -0.8573745920658408 0.40436156808322676 0.3184345005447858
vn -0.27972891720100923 -0.6742896387828248 0.6834363290839012
vn -0.22296562635892778 -0.19851620357335667 0.9543991022529268
vn -0.1665881999280043 0.3491420401909293 0.9221432683786521
vn -0.4277064528966273 0.048624042725427245 0.9026089367049391
vn -0.056886277903057524 0.4130069897699784 0.9089494913291261
vn -0.16245366278412057 -0.020507398545239242 -0.9865030431037353
vn -0.5042512489057951 0.14820040974675588 0.8507451536904806
vn 0.031927258301880784 0.9195152672513786 0.39175543833998144
vn 0.5319355609103723 -0.8383527809540937 -0.11920223867656586
vn -0.17590151421481007 -0.07937123488522585 0.9812027641470091
vn -0.88181388964075 0.2747381049768513 -0.3833056713777916
vn 0.11968648111360627 0.695720117429354 -0.7082716035834901
vn -0.03281459140843547 -0.99831727953321 0.047810166033052014
vn 0.8119314167651089 -0.4354024749571125 -0.3888342310947227
vn -0.21290196257455557 -0.853715470515611 0.4752290497583366
vn 0.025191169230816247 0.03200916200709297 0.9991700648740374
vn -0.030490936793548033 0.118328899463807 -0.9925062087086087
vn -0.5047208691838254 -0.5031775261090005 0.7014764582144933
vn 0.29508283210388925 -0.3452891348089506 0.890899284756944
vn 0.3477079768398527 -0.8485353941267386 -0.3988569264236447
vn -0.7278819073269108 -0.6789939989413996 -0.0956821738240992
vn -0.23368461909976168 0.038389352007316774 0.9715542992795914
vn -0.8167801800281957 0.25025648800632744 -0.5198478890250946
vn -0.6227700801268241 -0.5407754857856187 -0.5654372655495541
vn -0.9209487560586025 -0.2799808122171172 -0.2710426783817558
vn 0.01247401649400043 0.15807301069079088 0.9873486325526849
vn -0.9227134082167769 0.2909415393536902 -0.2528892780951467
vn -0.8280601945029835 -0.31711553943336773 -0.4623354290226581
vn -0.6690911072232604 0.5009343637307758 0.5489825620804311
vn 0.4321409732836388 -0.09015937088876234 -0.8972878395756916
vn 0.30779657032627616 -0.3049636211403761 -0.9012538272186869
vn 0.5429859149413823 0.4602358927123517 -0.7023882254384214
vn 0.013759350799837597 0.9998351623060182 0.011846032334298203
vn 0.36005353840273013 0.679848013659252 -0.6388803704976725
vn 0.8154454850378036 0.3843015443229881 0.43285215023426604
vn 0.029601293385120016 0.9776342742511474 0.20821860925325722
vn -0.2138430456287295 -0.45398598486874686 -0.8649669805136975
vn -0.04344702085191326 -0.8578474414412546 0.5120645697485685
vn -0.2626522255656526 -0.48179073466734934 0.8359973064514653
vn -0.10218446632278029 -0.3534850156111546 0.9298422869394091
vn -0.9125802561165487 -0.3916136939431688 -0.1176264887788479
vn -0.19268333477720834 0.7723219220655915 0.6053032142621124
vn -0.8323490004568705 -0.5122025597297146 -0.21176326226420072
vn -0.803929569221139 -0.48144066446601996 -0.3491591819363068
vn -0.4047412932209798 0.11559090189328751 0.9070960417515364
vn -0.6625094412849176 -0.1792866736404706 -0.7272809146837843
vn -0.7887985133669055 0.1826760923317941 -0.5868784802670359
vn -0.9128456024575003 0.4038383920400605 0.060228391880423275
vn -0.7033176433691831 0.34757751283617067 0.6201081882189915
vn -0.36765522013267127 0.8590885458841094 0.35608497502692155
vn -0.26403836136980935 -0.9329096333668682 -0.24487417115008558
vn 0.8578704448251302 -0.14005531130135218 -0.49441157922505674
vn 0.8903111802623305 -0.45075198943035183 -0.06456505497927016
vn 0.00490607420270318 0.964225899800194 -0.265036496713988
vn -0.3439423501206445 -0.9284222882177996 0.14048385862408905
vn -0.28211673995450937 -0.27896219394313604 -0.9179271427449304
vn -0.5282305383650865 -0.6442696931831683 -0.553072382951994
vn -0.6980603375145455 0.7118722239000282 -0.07713431161750683
vn -0.6941805607396673 0.023350703020798103 -0.7194220553747259
vn -0.5962711468605277 0.48315035453807864 0.6411134488773107
vn -0.1523319075224657 0.050011211438928206 0.9870632546503683
vn -0.01081495833376988 0.08188635917816271 -0.9965829924581213
vn -0.11419505163821624 -0.01563361325849039 0.9933353312541687
vn -0.6295527940521828 0.18468809493641386 -0.7546877414466517
vn -0.822780152745593 0.2082876614846384 -0.5288185608705497
vn -0.7576719490728756 -0.6439115378101972 -0.10635388597985854
vn -0.9124584543440755 0.11308121370639511 -0.3932330202344529
vn -0.8101678434139523 0.39212676609283803 -0.43573462659233114
vn -0.6831379084656115 0.3264040719598537 -0.6532862923904468
vn -0.7363309377150687 -0.6585015159544536 -0.15553939581126794
vn -0.9200129568378914 -0.04478102206297356 -0.3893209720955134
vn -0.848992812496598 -0.2888326901899137 -0.44247811404268744
vn -0.3914765115636908 0.3845050331084447 0.8360036007148518
vn 0.5317919893409429 0.524476890042362 -0.6649220043616352
vn 0.39357134114060693 0.12230005678306842 -0.9111225469406637
vn 0.4281440080738991 0.9022896293043089 0.05065701531190136
vn -0.008182128127722668 0.16220362816898756 0.9867233836228461
vn -0.04468477478695077 0.03763393652652314 0.99829202026449
vn 0.07691864490308359 0.18756472627898718 -0.9792359243421179
vn 0.09433832949219301 0.9688458632264053 0.22899339051095796
vn -0.7156414435200306 -0.6635859054877571 0.21797034283259792
vn -0.8965210938708826 -0.3954485367436714 -0.19967569464470472
vn -0.7043663128047501 -0.1778434033809761 -0.6871970759976442
vn -0.04405797290379415 -0.0029456035816420472 0.9990246335517199
vn -0.4323170215494182 0.7367301039058246 -0.519933406195017
vn -0.8530692306679586 0.4033130037696847 -0.33107628830505464
vn 0.53694076209434 0.8368488684757722 -0.1066704707609801
vn -0.08475156323253454 -0.9644391162394261 0.2503484843112821
vn 0.5990963404174652 -0.7858320842371064 -0.1534650132178863
vn 0.1093506727177675 -0.7778145590045286 0.6189078624292653
vn 0.8518353524861794 -0.07729874391790459 -0.5180747402098085
vn 0.1102736053507529 -0.6120703124651719 0.783077048930521
vn 0.6488058048728962 0.45815241885698677 -0.6075750066113035
vn 0.12355904070214735 -0.10175378446923128 0.9871065448101104
vn 0.1601022020293725 -0.9621204050126133 0.2206617573656821
vn -0.2307228392386942 0.2866851322782679 -0.929827191678232
vn -0.3902966959178485 -0.8697950206092903 0.3018693612788399
vn -0.8128953050364379 -0.5662442494740308 -0.13626691816911357
vn -0.5675765952765329 -0.8168652173884073 0.10289812979490319
vn -0.40203553502078626 0.5469448575128882 -0.7343151581036282
vn -0.8313176670549819 0.1926624485860575 -0.5213368559262687
vn -0.82179708027163 0.16174623515506723 -0.5463402916408285
vn -0.28015523498767225 0.027566480741902138 0.9595588222972621
vn -0.10747726348467658 0.9923019489367172 -0.06152625431665659
vn -0.022912979514239703 0.9996042420971032 -0.01632037227688728
vn -0.8041408062188664 0.11937877536127997 -0.5823283195645842
vn -0.29209208936211034 0.7261394969669895 -0.6224175787014732
vn -0.9005965431448643 0.4154989347998378 -0.1276185788030917
vn -0.1052596463638403 0.2400587726654382 -0.9650348141459576
vn -0.14996555759766145 0.8873266762438048 0.4360753388584873
vn 0.4422809415057033 0.8761547672016553 0.1916778356791471
vn -0.014422549617248297 -0.9995170659192493 -0.02752498862330859
vn 0.16353414814909606 -0.38438546333558027 0.9085727257437574
vn 0.07157037534999568 0.4991569906226143 -0.8635507976285102
vn -0.006493527598304601 0.03890777845327706 0.9992217065672467
vn 0.06007828882495757 -0.28169587003742874 -0.9576210294347766
vn 0.10209692368907285 -0.03509389270716898 -0.9941552378114221
vn 0.19226509740954056 0.1982811582472519 0.9611028636947392
vn -0.005130080540558266 -0.5809958616061461 0.8138903433941083
vn 0.04956381017066696 -0.7902638306805578 -0.6107589595245058
vn -0.8217209175070908 0.34107393829753946 -0.45655591371212234
vn -0.002960625806976676 -0.09893221421089439 0.9950897706670293
vn -0.3240758229694944 -0.9387747191495697 -0.11694822637514375
vn -0.37618980592489026 -0.9204135728188825 -0.10639588755667607
vn -0.9666231422682464 0.0680626194174805 -0.246996317117265
vn -0.19528136802031437 -0.7602894171710078 -0.6195362696742489
vn 0.3869493221497706 0.7331556518311562 0.559243249647115
vn 0.08694169457510573 -0.935953832602424 0.34122069834821334
vn -0.3252504437532318 -0.870212427580263 0.3700574005788714
vn 0.11001397626353132 -0.6030618524842726 -0.7900717227599813
vn 0.1468272916546416 -0.9718757022361904 0.18411780421315713
vn 0.062498155628988236 -0.9943156782365582 0.08619926076219005
vn -0.6541855469750262 -0.677939190499341 -0.33532033060058286
vn -0.20198193323394706 0.7878933599993881 -0.58174509187096
vn -0.8811514381642414 0.4568446280671039 -0.1219226345980053
vn -0.6525862413553988 -0.7575090755749091 0.01764080540338096
vn -0.17634555631795495 -0.7717736930727696 -0.6109563089515726
vn 0.14314435538590561 0.1099285939316478 0.9835778554630865
vn -0.26545288431377767 -0.9641157720528656 -0.003942624557753629
vn -0.9893633418842585 -0.07759796311705411 -0.12303956215663414
vn -0.5075166845828213 0.7821893133496153 0.36139547998241256
vn -0.5156157657846264 0.8567663506017158 0.009581364774963016
vn -0.7004356502290503 -0.4731510361281832 -0.534338840904378
vn 0.6358655218227554 0.04232566513122928 -0.7706384211991212
vn 0.2128079112351839 0.8554767473977689 0.4720935580766297
vn 0.5823967377632748 0.7336466808705498 -0.3501093936048001
vn 0.41074802850198994 -0.8860280379727988 -0.21503574820899188
vn -0.2803691955074351 0.28722849810514506 0.9159109695198416
vn 0.510551999316528 -0.8558494024237279 -0.08281579779754619
vn 0.22686594131930715 0.37228452186677974 -0.8999644878814541
vn 0.04854131913263245 0.8062325800297213 0.5896039070727761
vn 0.3460100007782568 0.7403633621572453 -0.5763151666724122
vn -0.15733979212488378 0.12234487795330298 0.9799366921657183
vn -0.915769085702458 -0.36291801355365955 -0.17221352185571856
vn 0.1738199621891834 0.4313929454074798 0.8852608357976817
vn -0.26545288431377767 -0.9641157720528656 -0.003942624557753629
vn 0.17554771637478364 0.7261592637114734 0.6647373338406753
vn 0.28912035403218034 -0.1721243606300628 -0.9416913641751202
vn 0.17541634725522684 0.6704385757812565 0.7209308019637074
vn 0.21121389982561867 -0.8545831368509479 0.4744221229353115
vn 0.13574960685520773 0.0883524036086161 0.9867957726983009
vn 0.07817888458014213 0.28283131839360454 -0.9559782985724834
vn 0.36771508997733954 -0.9168720828045734 0.15534219123136037
vn 0.12925247715697966 0.5027444907213027 -0.8547173650968855
vn 0.30384767108579275 -0.9379037635017823 0.16737121372844496
vn 0.17731481310226316 -0.9754140112821272 0.13087002578520263
vn -0.07114878341703208 0.6272189656695899 -0.7755863715426193
vn 0.6704255440250805 0.12174270479593068 -0.7319209682388158
vn 0.8019426317792351 0.242774124456381 -0.545846809855505
vn 0.23340731495335654 -0.0785998168255256 0.9691971389357579
vn 0.19400577440328842 -0.6646111077685423 -0.7215634656278347
vn 0.0721508857707791 0.46949943712682907 -0.8799798453487913
vn 0.7558400020747963 -0.6039090741290699 -0.2529816622764217
vn 0.6885297760786522 -0.724195525889673 0.03830910772206482
vn -0.27032375151312665 0.7417386719656376 -0.6137986737347364
vn 0.0950654546624336 0.9892666004396319 -0.11096915149913857
vn 0.2781509813990844 0.912972945785806 -0.2985170544707855
vn -0.10107714395476777 0.7674433966860348 -0.6330987631112137
vn -0.4770585399652772 0.8768587894327113 0.059445881613431235
vn 0.15283327291592028 0.37226710909582134 -0.9154557281350355
vn 0.5873026244215173 0.802771209634687 0.10312134759233796
vn -0.45263043719182894 -0.2955628677457429 0.8412896519852399
vn -0.08219043659003966 0.9126126486949044 0.4004783209803119
vn 0.4917757177921056 -0.8008000793367082 0.3418711399407402
vn 0.16904899915533522 0.3883434932616862 -0.9058762427207651
vn 0.23022884605566166 -0.4280106513607389 0.8739574135881191
vn 0.15615176771597775 0.06810895186526748 0.985382055912827
vn 0.5278840836951925 0.6761260854000912 -0.5139960221858101
vn 0.599921679368212 -0.58877424033379 -0.5416999838872002
vn 0.5875105287736974 -0.5608910942995025 -0.583294573020834
vn 0.5056548022076687 0.8434697824655548 0.18130622458104656
vn -0.23813039573803135 0.2998209957839562 0.9237972099507367
vn 0.6817290870355461 0.220981123897161 -0.6974330037866205
vn 0.23211295666470372 -0.5037530609354227 0.8320795808975016
vn 0.5706120142004785 0.4785920686786406 -0.6673466573288371
vn 0.8190965124548878 -0.5463440463686343 -0.17489735927619793
vn 0.5657193110526144 -0.8108701771632084 -0.14983730139542176
vn 0.9037415952429528 0.140888094452078 -0.4042297290766541
vn -0.3044660454377965 0.24911970431601635 0.9193692403474081
vn 0.8524553167216633 0.38371217194448987 -0.3550843591241536
vn 0.5873138330627732 0.6434613490478489 -0.4909378308652077
vn 0.12877185856373616 0.29352877031012714 0.9472373881146507
vn 0.8629621742414602 -0.007644865089049751 -0.5052106905700056
vn 0.9018858360243249 0.035970782135565565 -0.4304742055120846
vn 0.0712077990445874 0.9606945518342963 0.2683196366856631
vn 0.9473279331648735 0.17112586287178683 -0.2707133652074741
vn 0.7388403785967914 0.33784972589042106 -0.583071571653701
vn 0.29350459737901563 -0.9174935272390834 -0.2684412017402828
vn 0.28924081640731025 -0.9463384449600468 0.14416413463352473
vn 0.233519833389514 -0.6799992806254213 -0.695031989021112
vn -0.1700881906913408 0.9243072479548328 -0.3416520434089478
vn 0.8777048732818704 -0.46597037489226234 -0.11182917839285147
vn -0.140308829672224 -0.5881167159403409 0.796512498801845
vn 0.24360072107471678 -0.9606674114278009 0.13332971653943598
vn 0.635075333541378 0.1638420380443426 -0.754874232767806
vn 0.7925248919175893 -0.38821340474616534 -0.4703133509336123
vn 0.6565561086275966 -0.7320605284201704 -0.18171807547123192
vn 0.9709320222358286 0.22524960696336338 -0.08095444867266235
vn 0.7358802809425032 0.6686927309540123 -0.10644361741902357
vn 0.6249599966608101 0.7759803426492411 -0.0853200468570342
vn 0.0781780534020754 0.21923663600223608 -0.9725345697715251
vn -0.5892871609631166 0.7936595666693398 -0.15114606894744492
vn 0.6887344305123586 0.698277492022595 -0.19507287961541903
vn 0.26511433807781487 0.10447518561868369 -0.958540204339653
vn -0.6881874747307697 0.10157179755089107 0.7183878963108769
vn -0.2428452691877687 0.774430698989553 -0.5841945461023
vn 0.41794875468812703 -0.3996020575062378 -0.8158658186806365
vn -0.2730599308317269 -0.9600432986520028 -0.061279188045812706
vn 0.3324673780752012 -0.5612894907707557 0.7579047104129297
vn 0.9345865733978533 -0.23840658081736815 -0.2640269665156015
vn 0.328339486839883 0.7376356114221551 0.5899888864576905
vn 0.366290741935144 0.31659748615753963 0.8749840707871935
vn 0.8453051261812775 0.28813793621051714 -0.44992863141613737
vn 0.3607807394863776 -0.042957934737088456 0.9316608148134098
vn 0.3232731795809227 -0.11899970385929114 0.9387936524311621
vn 0.7922110952170861 0.5669980501011858 0.22564306281469862
vn 0.22595096525936056 0.3190633868084141 0.9204046482372346
vn 0.02785634956303147 -0.1288603526562631 0.9912714226196202
vn -0.1868778353672738 0.4893772695060928 0.8518136901571864
vn 0.2750889682833191 -0.8449702932352914 0.4586406688014971
vn -0.03487954322305557 -0.17738758198354773 -0.9835227822590492
vn 0.8094190250384842 -0.5869382541013284 -0.018556071196078733
vn 0.5710682198108613 -0.8190008294592344 -0.05584558771415938
vn 0.7286831706917305 0.1442577982040019 -0.6694852682531408
vn 0.7700210193944504 0.020303796924816066 -0.6376953704718008
vn 0.5175113064180042 0.3318426299632991 0.7887093993788659
vn -0.26070586314657757 0.8666108406104751 -0.4254622237724561
vn 0.2913571826067972 0.3498324372062021 -0.8903528839857812
vn -0.1344529085325942 -0.22282512370205296 0.9655420133967713
vn 0.5973172025239241 0.21589484223249453 0.7723998813221038
vn 0.36539560194808696 0.0226396841550538 -0.9305769709048008
vn 0.44483745089160764 -0.7190536855204066 0.5339301823495061
vn 0.025091117691272116 0.9095683258550276 0.4147962107038647
vn 0.9231751557392256 -0.2547687887104322 -0.28782024967829456
vn 0.6503137264904612 0.09135460733920826 -0.7541527649329336
vn 0.10003053890892212 0.383818139931686 0.9179746874206125
vn 0.9275365812371779 -0.09880993988112917 -0.3604337473760409
vn -0.36776587581025744 0.44614905378513914 -0.815903966405446
vn -0.18635228227485467 0.9796077583426446 0.07510969768180316
vn 0.6749190713083438 0.7378746298410942 0.005027705356438504
vn 0.7062210390693583 -0.5776465494314232 -0.4093608529229023
vn 0.3928572491470075 -0.4524353989898416 0.8006031423455374
vn -0.186080961080094 -0.12307740659337163 0.9747952748704511
vn -0.8126113414204554 0.4963178336278392 0.30550190804284094
vn -0.9246025539178729 -0.3187189351138129 -0.20863450742497966
vn -0.8407807504717624 0.3349603774133798 0.42531079835718555
vn -0.017568502981537292 -0.9233394478753132 0.38358260088317286
vn 0.4479279984445648 0.03409804305027646 0.8934191802673521
vn 0.45831699337400034 -0.13676020848633594 -0.8782039506625954
vn -0.010102110860387124 0.4360269880613871 0.8998768877120245
vn -0.6757345757886609 0.10107338372040316 -0.7301828224403986
vn 0.9552086293462356 -0.08180681126044216 -0.2844013362378665
vn 0.7263690037666302 0.32662992790106316 -0.6047321395183324
vn -0.10083551677139602 0.01802096138406603 -0.9947398873616357
vn -0.46091368755452705 0.32509273263134686 -0.8257561915088324
vn 0.8413597942055026 0.25360789897036257 0.4772805571928452
vn 0.6336570255311643 0.6469033827070285 0.42425792560328346
vn 0.5944424308779624 0.41194167990956854 0.690610055476447
vn 0.5953061606929759 0.7049158246631814 0.3856219070286536
vn 0.39455744823679656 -0.08020734827551022 0.9153639720479928
vn 0.5961759277334052 -0.10552873793287665 0.7958881508487908
vn 0.30972012463161275 0.5946272532076595 0.7419513960771906
vn -0.5252391162634164 -0.3551632506332311 0.7732935640146387
vn 0.7849458584936299 -0.5888592697519712 -0.1926259579103332
vn 0.4635175962853562 0.15036844883681877 -0.8732358029354125
vn 0.7884684877118536 0.41634905739692674 0.45273712713899755
vn 0.5570524887298705 0.8136094148770829 0.16653001177934368
vn -0.7683396408235784 -0.4739133758077443 0.43018636492757645
vn -0.2967134483584877 -0.5535022146222925 -0.7782007632811937
vn 0.045939152945356304 -0.5897547230970168 0.8062747427592063
vn 0.047840452631760164 -0.3344524727192308 0.941197553430724
vn -0.690638319594694 -0.6284946943407049 0.3577892266307091
vn 0.045215766112363026 0.8627707216285357 0.5035694752419451
vn -0.3713526446739287 -0.9284909415050603 0.0013359778163367622
vn -0.5140086334923117 -0.8464053741619073 0.13925899355233057
vn 0.7522728386848292 -0.5863271907796745 -0.30050956978020554
vn 0.5859634276975544 -0.3755572734193589 0.7180554266787139
vn 0.6840140256467135 0.1415692574647827 0.7155997191583064
vn 0.712363177334695 0.39082264562050134 0.5829205462563573
vn 0.3395187179051039 0.18936281951969466 -0.9213407419492671
vn 0.5128036131402622 -0.1522000131025337 0.844906864903985
vn -0.7844564653757597 0.20124519691990764 -0.5866246028311778
vn 0.8298915043892827 -0.017627315628288075 -0.5576462755961291
vn 0.5679484654587066 0.8219518732120764 -0.042774510006064595
vn -0.8126811715017963 -0.5329502050361232 -0.2356128019408579
vn -0.5963214490310568 0.7452452596931393 0.29834582673536075
vn 0.34634125820013534 0.3837660616149273 0.8560206439221633
vn -0.6406493825252371 0.6874264524023982 -0.34207198249416115
vn 0.4324125997255098 0.4034906375954379 -0.8063588834826916
vn 0.21122912657034623 -0.9529757912779875 0.21730024695435163
vn -0.8119652478016602 -0.5575835846777637 -0.172664363608371
vn -0.7618546016387119 0.025200007901897702 -0.647257696411301
vn -0.4518272543905269 0.21791934799145157 -0.8650799327003827
vn -0.04526914042579871 -0.23793216740700215 -0.9702262564155413
vn -0.5405333619344967 0.03617868187330424 -0.840544340064045
vn -0.4728672931228729 0.11768583528827575 -0.8732391237611539
vn 0.005703484623033726 0.7868399001258144 0.6171308141983782
vn 0.9057258760877803 0.36871068844526006 -0.20907669791549027
vn 0.5801893995774935 0.3483048037608164 -0.7362499740543604
vn -0.5495545312816007 0.8067880934618781 -0.21698568938067828
vn 0.5610951668921432 -0.17375829467937892 0.8093085126948759
vn 0.322227925867981 0.32492801628305834 -0.88915181382325
vn -0.6014177305442591 -0.7201509598161416 -0.3459469734842075
vn -0.31666121603811215 -0.1426923754338231 0.9377444002767049
vn -0.3040494940781726 0.41636961999234645 0.8568490209472356
vn 0.529415541829854 -0.21848895897463086 0.8197449352543656
vn 0.47819131371599805 0.13710282673828725 0.8674882606623212
vn 0.47935411676874606 0.1562323879448519 -0.8636035384908427
vn 0.3214054148898516 -0.9067698833445124 0.27288630954824705
vn 0.07753763550460584 -0.9952017924943514 -0.05967668972375206
vn 0.3838683961041403 -0.708469867377678 0.592212378704034
vn -0.5996328932127016 -0.39177407140401116 -0.697820514425371
vn -0.5582848826452094 -0.03163683809170546 -0.8290458975746662
vn 0.91959388671179 0.035701011000171125 -0.3912448355389102
vn -0.7318885375144331 0.4266704647355847 -0.5313110983005196
vn 0.3963010287668544 0.8681117840879359 0.29887693943493493
vn 0.5392133183026374 0.6658551326000217 0.5156412898083959
vn -0.09607870331224062 0.9953463880260375 -0.007379065886618212
vn -0.4469552527121833 -0.6579719621378103 0.6060560197815942
vn 0.5863444835297181 -0.4358657322886025 -0.6828039323633018
vn -0.761399770490255 -0.6320103014632785 -0.14433768856983553
vn -0.10184897820717863 0.7615508094082741 0.6400524590435976
vn 0.5162884615892326 -0.7774449025278908 -0.3592014030641052
vn 0.5893551749207177 0.14973674821120236 -0.7938761767614049
vn 0.19934548955623305 0.09626517695007927 0.9751894131400093
vn 0.005522474019320957 0.9265669313163384 0.37608938308828904
vn 0.5232687461604404 0.6006429045145967 0.6044980732375824
vn 0.6192043373004777 0.5405492142332057 -0.5695546818876482
vn -0.5690916643667381 0.4767281599696024 0.6699738345937796
vn 0.4926983145791184 -0.6411057746735356 -0.5884146127443998
vn -0.6351920413876032 -0.7155493551457709 0.2907235644187113
vn -0.7742313086103781 -0.5979365063683099 -0.20745557384539368
vn -0.6074463877873925 -0.7389971203708842 -0.29136256116321746
vn -0.6183597853875424 0.4489603502399101 -0.6450316114175565
vn 0.44130587542977806 -0.08718390010864528 0.89311146665632
vn 0.5858766300248978 -0.09646989180679007 0.8046378902123957
vn 0.22813454772353509 0.8499650546181324 0.47488317938517594
vn -0.1718356596441548 -0.5581229883246851 -0.811770433052462
vn 0.3143468593584932 0.9122705137511575 0.26258058144434576
vn -0.9918321956110472 -0.0927911623281939 0.08751397570189794
vn -0.9452851397614078 -0.15922377974850618 -0.2847521597966469
vn -0.03435135616827028 -0.7969735227827995 0.6030366392787218
vn 0.43759719707916456 0.28694496326325225 -0.8521568407085105
vn 0.29774951697420193 0.8572192719778403 0.42014324330091385
vn -0.3616966941187018 -0.9259548284479013 0.10855025166999592
vn 0.6006146599293437 -0.24115141944784835 0.7623044163431342
vn -0.9214858000710547 -0.09992584785688544 -0.37533817444737855
vn -0.06750795422801849 0.9095791817627151 -0.41001022940875226
vn 0.13019255171299307 -0.12948057421104597 -0.9829978028360173
vn -0.651633432214219 -0.7540103686296942 0.0827177974781095
vn -0.9301588946361891 0.07871895871959539 0.3586192357742202
vn 0.16064681280882034 -0.5819766582357309 -0.797179886100458
vn 0.5502364506658589 0.019487991472845384 -0.834781448372562
vn 0.06810436250706457 0.15465770327817888 0.9856179739758327
vn 0.4470790110117919 0.08603185572187404 0.890347616222882
vn -0.11560313589625798 0.9450923952545206 0.30567348495252944
vn 0.7595467088421529 -0.5651525346091567 0.32201150555826397
vn -0.8190813894320229 0.05530359381276049 -0.5710054202873209
vn -0.454905444439985 -0.03640570444302326 -0.8897952917963025
vn -0.40601032583959323 -0.9129552753856142 -0.04084458908111074
vn 0.059249573303675 0.2436788564025228 -0.9680444736713759
vn 0.7046316803312612 0.1980383528636186 0.6813772859940433
vn 0.7425977713872055 0.5130236832046718 0.43052903549222815
vn -0.13775345358377472 -0.9892573123434991 -0.04892806966005682
vn -0.7054397433621 -0.2739843118391107 -0.6536722155264544
vn -0.8044189582929583 -0.13544663403283325 0.5784153774477712
vn 0.5525557368963084 -0.2235758441536492 0.8029296354811926
vn 0.952142164883391 -0.1947326184224898 0.2355939412919833
vn 0.2960230144635557 -0.184842677957397 -0.9371251566965042
vn 0.668591136896163 0.2118175461567994 0.7128248163497175
vn -0.40543690040508024 0.8498681724286873 0.3366675055342348
vn 0.14660456348909068 -0.919887396678165 0.3637502981398664
vn 0.3246963971747729 -0.7998646629614804 -0.5047660553238892
vn 0.8942502831182345 0.13365505776436049 0.4271448895596936
vn -0.8060698493463286 -0.554075061192104 -0.20797169167882706
vn -0.6864006926811814 0.21884969765781093 -0.6935120034446981
vn -0.1719223421894323 0.7901964838838091 -0.5882450383248164
vn -0.38495134439142403 -0.4454666573672312 -0.8083142455909713
vn -0.5436234479709601 0.7407267697236479 -0.39471179287036096
vn 0.09673435055737913 0.9303328812777755 0.3537275723429467
vn 0.9621192224610694 0.09176198400486114 -0.2567223014511961
vn -0.7499158231386729 -0.6156018252371482 0.24219960976627977
vn 0.7329829883422486 0.49722063216911255 0.4642279415828122
vn 0.4437334510553235 -0.25809219322792754 0.8581893987980339
vn -0.3130874710254507 0.7826090646192078 -0.5380513799468748
vn -0.6464791937430961 -0.4579670162002096 -0.6101892035507946
vn -0.7940881583169971 0.21464649616170994 -0.5686394978421924
vn -0.6717657620124822 0.2789247107921204 -0.686244684276185
vn 0.4821547612647457 0.8697108707181443 0.1054978082446409
vn 0.8021770672764553 0.5494803756858326 -0.23363062614285288
vn -0.12379947995446487 -0.9921141223277621 0.019576951775455716
vn -0.6513712362179297 0.5098989571476371 0.5618883929462131
vn -0.5933883302508931 -0.4451769972692161 0.6706025131360766
vn 0.4615103368369845 0.11001506600316732 -0.8802868249865675
vn -0.18691827392010996 -0.9399368184622003 0.28562271648782367
vn 0.6746778040067918 -0.12127153096307809 -0.7280817787573345
vn 0.6221117907971843 0.4258034482569117 0.657014720690217
vn 0.8698480599198504 0.21506471620184672 0.4439724321381807
vn 0.7892444718073441 -0.000664212914593415 0.6140787592343108
vn 0.1795368479786627 0.9536455801596372 0.24150906330793406
vn 0.7661855763617804 0.215751124909855 -0.6053190189274567
vn 0.5487310292760907 0.4208957256746148 -0.7223164442392555
vn 0.725555233450214 0.27446329303981687 0.6310622029457517
vn 0.653563872291855 -0.05678441880202701 0.7547382292001591
vn 0.5635272318585339 0.07480726462900159 0.8227034290147237
vn -0.45945904508417107 0.8755974335445794 0.1490856138615921
vn -0.8309641416833998 0.30412545567395305 0.46583935261791815
vn -0.5454431208931834 0.020389009389499217 -0.837899809145711
vn 0.3372046913461571 -0.1034783636025307 -0.9357271100060559
vn 0.4536775668224759 0.29059469825601403 -0.8424555695747604
vn 0.507218854421398 0.4018882645234706 -0.762374485773073
vn -0.00032554395204401374 0.9861975329440505 0.16557270317357137
vn -0.3689105519299765 -0.18107119244766504 -0.9116568586591672
vn -0.7842127137994859 0.5955417196667974 -0.17418518780757225
vn 0.46222458312950165 -0.8817308740306689 0.09433504402856399
vn 0.941316444645348 -0.3265458112764002 -0.08538843117237424
vn -0.805356144819426 -0.5079965590890317 0.3055175542506447
vn -0.4434733357041707 0.48639118301075274 -0.7528313341040053
vn -0.44886324357702234 0.40195423855440177 -0.7980943419631954
vn -0.7725236553175531 -0.3067088777698757 -0.5560007790209919
vn -0.09230368718029673 0.9865385436789419 -0.134987892674692
vn 0.3429335299124203 0.7642911546371727 0.5461278467585997
vn -0.20814947906090248 0.37339130263091524 -0.904020314753083
vn 0.7367170965678601 0.6616755649012894 0.13940360984272132
vn -0.5696132756824884 -0.14453422966648483 -0.8091047970572052
vn -0.20285080734660133 0.9623706512233383 -0.18081559562935853
vn 0.14601786606654205 -0.4249750425808209 -0.8933504329057008
vn 0.8700687730273869 -0.1818532762315182 0.4581590511236032
vn 0.938210484777091 -0.03939342115381165 -0.3438157131722374
vn 0.5659794231797978 0.02381633603220793 0.824075284591805
vn 0.9217186493242472 -0.17832203060575647 0.34443574856353876
vn 0.8442036594843514 -0.34952783937887333 0.40638709479062635
vn 0.106477439399927 0.10008805989880067 -0.9892648458145721
vn 0.6187231430433231 -0.7479975090259907 0.2401695208670425
vn 0.5942434093724372 0.46596276926570596 -0.6555558466489765
vn -0.4959303535531087 -0.8667145540728107 -0.05346930131446979
vn 0.7960157919526489 0.5775344916380781 0.18114295440437014
vn -0.005369653096616359 0.9426931322999939 0.33361778300931166
vn 0.741817484394663 0.6182840550091802 0.2596760427297424
vn 0.3936712934980936 0.9141345376583307 0.09685535470859404
vn -0.24471321351246225 -0.9203731881781616 0.30500596324526225
vn -0.2659993200772315 0.8280744643141684 0.4934947246620308
vn -0.2999641682071539 0.718170782364929 0.6278950749521264
vn -0.44781368517447606 -0.40431347079978763 0.7974920192078943
vn 0.29505011062994546 -0.031176024650256057 0.9549730298308239
vn 0.3804164470786564 -0.7625050428363209 0.5233253160714016
vn 0.38875700964252785 -0.3748428123383162 0.8416417607819265
vn 0.4311904303940295 0.32965180222474855 0.8398836240971643
vn 0.2735283429421724 0.8134332461710007 0.5133308870806604
vn 0.8024185836052281 0.28890582703571505 -0.522166486658986
vn -0.9960682801199093 -0.003011933005689874 0.08853761685597394
vn 0.49770844652250296 -0.8499754781627015 0.17270781332135463
vn -0.06521438887257487 -0.9730976939376773 0.2209704992462827
vn 0.09863313435933183 -0.971784069857736 0.21425971711264127
vn 0.4430106069286865 0.28357425876646297 0.8504864736806389
vn -0.801311467391594 0.13415774275623618 -0.5830108337632173
vn 0.6007193377367295 -0.3125748064525735 0.7358214916950178
vn 0.2493805916083902 0.8280199868321436 -0.5021874370546778
vn -0.3007521602589108 0.39299296983294635 -0.868967584988922
vn -0.7213108511083873 0.508396265882367 -0.4703657012476138
vn -0.8014448245339546 0.5023133729808189 -0.324603555976165
vn 0.9432478365343896 0.2552939604204573 0.21238764711261188
vn -0.02003725202118299 -0.9840534115895196 -0.17674102995758212
vn -0.2472692880348285 -0.2229367944587884 -0.9429512632534032
vn -0.3992607375913825 -0.11952281238917668 0.9090132896369376
vn 0.6322153804295606 -0.5573800204076591 0.5381739733568166
vn 0.6697156510886283 0.38671434396786153 -0.633981831645388
vn 0.5853129031413605 0.48993635195521984 0.646042704818376
vn -0.5626353042011919 0.3224856564962472 -0.7612125299944928
vn 0.4434769409093629 0.2977627785263892 0.8453789272308116
vn 0.7987298798916732 0.20457589199765913 -0.5658438683785444
vn 0.8502607337629787 0.30888429255210254 -0.4262008663006543
vn 0.8109179223103716 0.14078539755685213 -0.567971473852859
vn 0.021421009695901112 0.6061460977840479 -0.7950648077262505
vn 0.3826510513995738 -0.9199533832097977 0.08522878377430869
vn 0.6613060874028965 -0.11141527514893827 -0.7417957233816861
vn 0.5462194018419236 0.4261179514347706 0.7211573035867317
vn 0.39742910232285017 0.8671963673522711 0.300034279837952
vn 0.24128114557281685 -0.451559502206329 0.8589979189487256
vn -0.22033436644855456 -0.43443843817896854 -0.8733361382619712
vn 0.023674427264666648 0.05521845972514791 -0.9981935900411665
vn -0.10298771355398127 0.9606848903119787 0.25783341983378466
vn 0.522413963947269 -0.3243715135424885 -0.7885852975265623
vn 0.9494324723239149 -0.3081137473271278 -0.06036471821298784
vn -0.5442099636570737 0.2799794707536514 -0.7908520793504129
vn 0.30853235488888625 0.501957353143945 0.8079892335987178
vn 0.4120886148132242 0.29516313341773326 0.8620102657232939
vn 0.9195455127152209 -0.21241156328202748 -0.33063178587272374
vn -0.7430202993796933 0.6558023124106277 0.13358204125774029
vn 0.9609741342541632 0.21455203982214677 0.17463142759142034
vn -0.03490273329843236 -0.23445242965191704 0.9715008272969258
vn 0.7750712906256517 0.25901947338183984 -0.5763448679886732
vn -0.5055866707799186 -0.26190220637782424 -0.822064080606923
vn -0.20211768465223853 0.12077274361659046 0.9718859943173066
vn 0.620495895643566 -0.6390049253959603 -0.4545960281493799
vn 0.013306206290325267 -0.9915962366855237 -0.12868507398010876
vn 0.9631907165113275 -0.09384278778919787 -0.2519070757369611
vn 0.1948750156509182 -0.04155826916446208 0.9799472631418022
vn 0.4531026656854166 -0.17388869347101457 0.8743344306566642
vn -0.7106980181914543 -0.20317867674261078 -0.6735181899962769
vn 0.3810764013010616 0.9153093238650832 0.13034422893659864
vn -0.39437627546065873 0.36925920613471436 -0.8414956874747125
vn 0.9986133537298721 0.026145484198608376 0.04569226858449658
vn -0.7431122654178735 0.5973669881397512 -0.30155736181754583
vn 0.04844762041677742 -0.9988055289623924 0.006351644677359077
vn 0.41250520713336153 0.6843855342643856 0.6012120213181984
vn -0.1536072185577212 -0.6271168552852451 0.7636290147866995
vn 0.11898273451582929 -0.3813618492704554 -0.9167367390958837
vn 0.6955584166967307 -0.3700612123181673 0.6158353579488154
vn -0.47385824080645755 -0.041199680725554765 0.8796368307022628
vn 0.3522805971752443 0.892395879878735 0.28200704677243754
vn 0.019019778790511508 -0.5810743561962707 0.8136281955450226
vn 0.7985307464706136 0.36206367115099247 0.48089348610035304
vn 0.20759022314400308 -0.8876083526810338 -0.411166282063455
vn -0.5564514973652732 -0.829385635111658 -0.049811638703993674
vn -0.7054207971032532 -0.4844416414268675 -0.5173952020127873
vn 0.8795700694888587 -0.2508074648527492 -0.40429210780511315
vn 0.45712130895159186 -0.16391418742784833 0.8741694618678073
vn -0.5082219825121699 -0.8200104214055295 -0.2632362537298492
vn 0.5633748214899964 -0.3259934210767616 -0.7591686900325801
vn -0.6882630611791151 0.0393724480220915 -0.7243919995093137
vn -0.6361311698875168 0.25689506630740844 -0.7275589732828889
vn 0.027751495930256383 -0.9751865221570443 0.2196385701029798
vn 0.06756063456405562 0.7370744244687133 0.6724260951594734
vn 0.1141919952946925 0.1691825557003339 0.9789471135139632
vn 0.3260050181348592 0.31093046673629354 0.8927726323124163
vn 0.6225603860574125 -0.1507299254495274 0.767918651476851
vn 0.4051043470505617 -0.07174562058186193 -0.9114510595353222
vn 0.13951502904224067 -0.32759249595069306 -0.9344617238111672
vn 0.18012584466965406 -0.6990583430762368 0.692005862010973
vn 0.8213005124845406 0.195232616275613 -0.5360500850991541
vn 0.39892042267959493 -0.6558956003966929 0.640830287790297
vn 0.3761556453724764 -0.6247579467288475 -0.6842400444679997
vn 0.595415652087802 -0.799580216796616 0.07843263451098918
vn 0.5142478353890564 -0.4082129007226398 0.7542621503703325
vn 0.5937737183587533 -0.023441824892675166 0.8042905272549971
vn -0.7021940322526267 0.5889911032073594 -0.4000162764330656
vn 0.5371112792322078 0.7537032918114055 0.37873846072744244
vn 0.00018085358559568124 0.9539534271473012 0.2999547067907071
vn 0.030658139200661638 0.7781605792798728 0.6273166595552565
vn 0.16955323303616274 -0.34474214476945086 0.9232575777033967
vn 0.7278905016930367 -0.43122876295186074 0.5331202224152326
vn 0.5858141064532615 0.5839697599675429 0.5619618778207444
vn 0.5122787288223176 -0.3890880592557235 0.7656245725816307
vn 0.7393901104368015 0.34243421617795916 0.5796904968850541
vn 0.8476050229394615 0.16677824628090807 -0.5037367781443597
vn 0.696877543674018 0.6890358969519047 -0.1989754302283361
vn 0.9167596236463077 0.29987234317793343 -0.2638718822626917
vn 0.7907859088640711 -0.23741571610160353 0.5641732217058766
vn 0.6065803206324843 -0.7448431893833641 0.2779729084832014
vn -0.7244323455789237 -0.48813247436332907 -0.48674887175108345
vn 0.42934717977540926 -0.8860610568606707 0.1748050420721719
vn 0.4735203200082703 0.41590429342691276 -0.7764033264021515
vn 0.9351012911105976 -0.3074801929434043 -0.17618599919057193
vn 0.5184786811877039 0.8524028488047083 -0.06774393333337764
vn -0.11519375489662143 0.2483594725556808 -0.9617941418124156
vn 0.6556807818383698 0.2527727508589285 -0.7114693589684898
vn 0.57988458614032 0.4736562946242249 0.6628601521585976
vn 0.5645810224786879 -0.727311175793127 0.3902136884110273
vn 0.7425430434277877 0.409127087349611 -0.5303252351659521
vn -0.4223177830948396 -0.16657159126486615 -0.8910115572007753
vn 0.05149970287238813 0.9516508137691523 0.30283412828901257
vn 0.5773284922169788 0.3429401154055389 -0.7410019496061434
vn 0.06299456218075997 -0.18422582772257393 0.9808631553563356
vn 0.7956512132270784 0.2367801117213962 0.5575610509921595
vn 0.5994647242177286 -0.7586860183336607 0.25502464587482326
vn -0.519171603036707 -0.8521312001654997 0.06582753454900943
vn 0.5293667799930962 -0.2037155733902611 0.8235719624890214
vn 0.7009926371543095 0.33732318556782254 -0.6283489405846269
vn -0.1542028193530504 0.7477780007872415 -0.6457937380016986
vn 0.3958090443829924 0.842152574260935 -0.3662161138594294
vn 0.2675755946369778 0.7401042659002482 -0.6169675653962066
vn -0.05177465043475295 -0.8353447853233531 -0.547282810990296
vn 0.15028992463572863 0.8159903975315688 0.5581868949458232
vn -0.07381539828763493 -0.4366247973835378 0.8966103241015142
vn 0.39956656598905693 -0.11625966575349707 -0.9093020672266162
vn 0.566661480191125 0.24883638458579216 -0.7854777021493832
vn 0.7541636189556667 0.03496294450558728 0.6557551588475619
vn -0.7074689964240876 -0.3458469856560763 -0.6163420167498724
vn -0.3424543696788186 -0.3526257829769595 0.8708501948485566
vn -0.6223592773005047 0.12319707899832383 -0.7729756850537242
vn 0.3146752994465825 0.5677359070475444 0.7606940224341884
vn 0.8295734692087534 -0.5539346449070875 0.07045756422565437
vn -0.5467276552943302 0.5033758264028313 -0.6691051100758614
vn 0.5312660351364621 0.4630679501143373 -0.7094536443540825
vn 0.5390254137886576 -0.8354993274664799 -0.10673554746674782
vn 0.3367694667055825 0.26204905308708404 0.904387428081019
vn 0.5657819957220493 0.5402790762399076 -0.6228878334773663
vn 0.21163714250024568 0.6798310381991579 -0.7021677003504121
vn -0.18971889761602556 0.8356080453301854 -0.5155249115870413
vn 0.8385399604640169 0.5052577868048519 -0.20387570619882112
vn 0.5510203331912968 0.5582010836781012 0.620312939241433
vn 0.3860736232194078 0.8333274810426704 0.39561656536767603
vn -0.2511156522613567 0.9666879266510349 0.04955180780230486
vn -0.3778939851574883 0.7836868184337632 0.49298185219636426
vn -0.6869345833984738 0.6265712317096837 -0.3681431375497513
vn 0.34207529685290344 -0.27406317681201303 -0.8988180385365578
vn -0.31979000322205536 -0.5554699258957851 0.7675855100668386
vn 0.37994864981426724 -0.1852577944154386 -0.9062662815710635
vn 0.6465355704754928 -0.3273238216792367 0.6890942401959462
vn 0.6354268709912783 -0.02511615461027982 -0.7717524670513374
vn 0.7682776204535013 0.5658418950627828 -0.2992865645197997
vn 0.8537326937414924 0.26678496243744193 -0.447175884249305
vn 0.3245207446703405 -0.92453887282819 -0.19978528201093268
vn -0.4862713038644457 -0.842568954571354 0.2315551248202201
vn -0.4892846926805802 -0.5212999566157722 -0.6991758324919878
vn -0.6073160000061031 0.1265428775588157 -0.7843176501110513
vn 0.7626115033889423 -0.6195237000059534 -0.18604859588234085
vn 0.5575668830635456 0.34351131436054766 0.7557242538235036
vn -0.4925259545260516 0.8314688029316686 0.25705605199951964
vn -0.0033435748984248443 -0.9613789809233915 0.2752076952877587
vn -0.5001966535027563 0.5437716438936531 0.6738810778778686
vn 0.23753787333930412 0.7854869881310321 0.5714769900934601
vn 0.37370567516230346 0.43921263833548924 0.8169677635487619
vn 0.5403129036470264 -0.3453352860615014 0.7673366317030226
vn 0.26485689750780783 0.395007450515736 -0.8796703575087643
vn -0.46556207372509845 -0.24859560937916092 -0.8493834107787777
vn -0.19789910209290437 -0.38409238845712057 0.9018364499842122
vn -0.28227824005716473 -0.44916665606579864 0.8476840863605369
vn -0.24449536176253894 -0.2558696565073168 0.9352821696982323
vn 0.683909976805479 0.6482826104343342 0.334659230612835
vn 0.9226809925145745 0.33992276277511024 0.18196785814988325
vn 0.5271930725574575 0.686940495238123 -0.5001801877817929
vn 0.5643692584728427 0.0379775909690828 0.8246484358046154
vn 0.023999909584495254 -0.6234000492869954 -0.7815346331986239
vn 0.5507016326430779 -0.8247977115545302 0.12820470669463982
vn 0.55137991211973 -0.0003620399465900648 0.83425419473798
vn 0.78178332080063 -0.5824268299646113 -0.22269671541204464
vn 0.1741310989397429 -0.7792436042460259 -0.6020446541774958
vn -0.30865972850756124 -0.42604162759836534 -0.8504220737674759
vn 0.39978716602185516 0.7083698657265222 0.5817064166869768
vn -0.24610540960477514 0.607662419582436 0.7551016561963597
vn -0.36152458841111473 0.24326527556189761 0.9000677628267596
vn 0.6034860014278212 0.22142113742874447 0.7660139202262718
vn 0.45134494218337584 0.1494861113025958 -0.8797395328693108
vn 0.6618793622948586 -0.7423147577323981 0.10432885612735678
vn 0.7475521109164946 0.29277128532332036 -0.5961969607054569
vn -0.5255350438142967 -0.6662298399859263 0.5291036930842877
vn 0.26550239800891373 0.30496526311584926 -0.91460628958268
vn 0.8700834848416056 0.45319311454881606 0.19383170620781096
vn 0.5110555297188368 -0.21035134817075543 0.8334113965302758
vn -0.19540533798090193 -0.22535907164181504 -0.954478937807068
vn 0.9484336349319219 0.28394520202298174 0.14088563581128524
vn -0.28025903464260277 -0.7499940172286123 -0.5991359174865788
vn 0.9748347406238775 0.21061690161672736 -0.07305990162973931
vn 0.9397359840707331 0.24831462747225636 -0.23502367120340292
vn -0.8029924159368856 -0.515677162046431 -0.2987979994772099
vn -0.721403976611927 -0.03305221069015097 -0.691725273426519
vn 0.9441319632904381 -0.3266995226558105 -0.043384994984541875
vn 0.8371735771693506 -0.3633706254486279 -0.4087813477282768
vn 0.6300594890052086 -0.7600591879340058 -0.15916994424700573
vn -0.628998692752055 0.14891604983242748 -0.7630102585277029
vn 0.5976045702195144 -0.09602054167489088 -0.7960206236205253
vn 0.44063636102730286 0.1149011761304762 -0.8903018123448079
vn 0.1369710686034684 -0.9852959315194733 -0.1021315509370014
vn 0.3098372264046275 0.7890550603836671 0.5304648949900596
vn 0.14451340948957955 0.21706017277991996 -0.9654018623715455
vn -0.5486349535425595 -0.6022873599851323 0.5798703508142947
vn 0.7404460981604909 0.04014846723010327 -0.6709155507945673
vn 0.25270721184436024 0.2389912443799787 0.9375618647276345
vn 0.16447514026548454 0.49810194154439286 0.8513767580010365
vn 0.699151734606536 0.4090458635042378 -0.5864028764823245
vn 0.38169719760397297 -0.9232790226171872 0.04316359271799968
vn 0.22579125793521 -0.9416764267407196 0.24952718321029815
vn 0.08313350290483934 0.41897320298921814 -0.9041848681944011
vn 0.6740581276903845 -0.6577117329567961 0.3362453223845675
vn 0.9567794936806695 0.29067391573368534 -0.009037432390219034
vn 0.913509582836567 0.2219734579449132 -0.34092231671414375
vn 0.2917141343235614 -0.9548247538099175 -0.05667939085492663
vn 0.46538127454154704 -0.3651677447399715 0.8062709144621355
vn 0.6307850537221579 0.05351008895829877 0.7741103838474261
vn 0.9921100980872553 0.04993217561870882 -0.11499709175139704
vn -0.26590430025994055 -0.3408144919399123 -0.9017429706889935
vn -0.3840399884137148 -0.01661439570799691 -0.9231669671053291
vn 0.773719532710913 0.34580128648976854 -0.5308291203048561
vn 0.8180647894051589 -0.33447759548704414 0.4678618796746516
vn -0.02513196017056857 0.12134637277736968 -0.9922920146770106
vn 0.9277684772275074 -0.22159798643251924 -0.30023321780243606
vn 0.5832780457541845 -0.4996174154197636 0.640444501538154
vn 0.22960281357931084 0.004252078009013483 -0.9732751244273479
vn 0.8057231278050403 0.4990523141554598 -0.3189937758893468
vn -0.3998221670338725 0.803707582616017 -0.44067715665082563
vn 0.011880628106634147 -0.42835805805547145 0.9035309761013935
vn 0.20182757069670534 0.4731277523096972 -0.857563852841898
vn 0.17972579569217903 0.4270067506049359 -0.8862075791261477
vn 0.2909025561321901 0.04771759007253999 -0.9555619992619147
vn -0.5425046644272531 -0.8263888897101594 -0.1508976210491184
vn 0.24746784539668537 -0.2696624097139244 -0.9306136955160298
vn 0.9951801211871858 -0.09566999887099133 0.021535498830597744
vn 0.6923599133918491 0.6973640808696524 -0.18525951808437874
vn 0.928494834859946 0.36833793869112763 -0.04716465370563898
vn -0.5706436730242495 0.513091572826336 -0.6411730159106747
vn 0.9585128154693661 0.28502734687158626 -0.003548819005418823
vn 0.13588050374672922 -0.45378042492520126 -0.8806928037949663
vn 0.7703728038306527 0.05085726054935221 0.6355621780498854
vn 0.2928135138173885 -0.6681968663652643 0.6839394665506261
vn 0.8196628228263788 0.461500562852214 0.33936718663327214
vn 0.9113888136202807 0.2835877535147747 -0.29824221107056686
vn 0.38938192490045037 -0.36380321681523187 -0.8461849301398067
vn 0.24901619416676674 0.36693119801036983 -0.8962992976508315
vn -0.18992225952893743 -0.17593301950420662 0.9659074013504375
vn 0.55076010120011 0.49179945364777405 0.6743860973639624
vn 0.40070753961813405 0.4673660955341432 -0.7880370552444547
vn 0.9176890987015264 0.2707955579637761 0.29071718888202597
vn 0.1214560626877269 -0.21426444964166105 0.9691951147504567
vn -0.4224857654640144 0.22924734471297203 -0.8768987586502434
vn -0.6016932307943447 -0.7823410265729651 -0.16095892071277904
vn 0.13117571005924764 0.8156493200967956 -0.5634794758605564
vn -0.6948639768863678 0.017680792184756013 -0.7189238090461193
vn 0.819438670476213 0.555621666353778 -0.1407296315863418
vn 0.9566885600526867 -0.2894655694982259 0.030930294848010104
vn -0.5605126012736096 -0.6021048415288337 -0.5685906995555148
vn 0.9784919332578845 0.16995535292459077 -0.1169132779521867
vn 0.6595255336285554 0.6593424877589049 0.3609619846020735
vn 0.454866892497984 0.8118734473241633 0.3660022071507306
vn -0.8098630325614316 0.5195620666604979 -0.27235478218286163
vn 0.9707133259739253 -0.23095245863479133 0.06615588127434102
vn 0.8095884705902708 0.195082510339221 0.553632840831407
vn -0.40384114560649853 -0.3517888553638737 0.8444861931121235
vn 0.595709667319161 0.6647995551995797 0.45074554204000217
vn 0.4239080446090162 0.2948659885368573 -0.8563620837706105
vn -0.4383070092972365 -0.2872751006086188 0.851680680872368
vn 0.7436064284108185 0.017880746619536772 -0.6683784545648028
vn -0.39965952115470404 0.026208168336840098 -0.9162889277203019
vn -0.3039078386232652 0.02767631013335362 -0.9522993476217119
vn 0.3060596607200898 0.07150507769553331 0.9493231841389207
vn 0.05715774470334929 -0.9597572252989985 0.27495283360386436
vn -0.7211483698822564 -0.6861774904154853 -0.09542264020279045
vn 0.08813389923021236 -0.7710768394308726 -0.630613132990247
vn -0.19406518637270972 0.16539213314587597 -0.9669457822089005
vn -0.621747854638502 -0.6336818966781336 -0.46030083540530675
vn -0.07543528085721168 0.5295796398374013 -0.844899357007497
vn -0.7535796772878267 0.05709111326602709 -0.654872716460856
vn 0.6193311885605194 -0.45317563964179514 -0.6411401707204628
vn 0.17221385495368868 -0.3141235755669267 -0.9336320299963144
vn 0.10060061774446771 0.6535105874204488 0.7502022579536877
vn 0.5961542660157725 0.12615071098684683 0.7928972753318734
vn 0.8757353930664672 -0.17836671883502941 -0.448634411233407
vn -0.5667665199169986 0.15036269048123235 -0.8100412169836911
vn 0.4381111808033467 0.37677683977026727 -0.8161481521561067
vn 0.49199823470023346 -0.2268079710924057 0.8405330935191073
vn -0.4780787345814485 -0.5132536416907741 0.7127492005131674
vn -0.44452911545713897 -0.011445822176283009 -0.8956912741930686
vn -0.7790904520875114 -0.6264834307274921 -0.02316416391732161
vn 0.5976711018660593 0.44793448624797993 0.6649390573759139
vn 0.4313918520345269 0.013444432584222305 0.90206447509627
vn -0.78573260895281 0.6066396097739388 0.1208827989481292
vn 0.24708683462592584 -0.8827595594219704 0.399604374855518
vn 0.588717814133073 -0.6597371651175936 0.46707409292849594
vn -0.0476411994594006 0.603170220859953 -0.7961884204017446
vn -0.34495805660734646 0.6016219078097058 -0.7204547308645372
vn -0.3278059409090452 -0.5332689955709855 -0.7798509110512392
vn 0.406514339938744 0.849153862391037 0.33717029734327325
vn -0.5789433151302612 0.24131758634535597 -0.7788391749176686
vn 0.40387886039661836 -0.9146553710289321 -0.016953417727862814
vn 0.511317326107763 -0.3029768546292729 0.8042136641347
vn 0.795989335200363 0.3671370151504935 -0.48126021064874086
vn 0.8950301060147731 0.4459944192678396 -0.0031760524439391645
vn -0.13451787883013425 -0.5509329460167873 -0.8236369523450882
vn -0.3613313758791825 -0.4348096280681613 0.8248516376564237
vn -0.28385990148062373 -0.12387966799821334 0.9508298397652774
vn 0.6668006681397307 0.396677190293068 0.6308914927858875
vn 0.6383603260075266 0.19830724736328031 -0.7437542133142931
vn 0.2362377661674351 -0.5180270711510737 0.8220946851737094
vn 0.6898756126022338 0.382960175992002 0.6143395988709073
vn -0.47419038167145344 0.061480078524924035 -0.8782731248733794
vn -0.10953220347238053 0.7517515757650219 -0.6502862944406039
vn 0.5168116714235641 -0.07669486143294899 0.8526567858817303
vn 0.6767588234585693 0.4015903757154351 0.6170272805992525
vn 0.7159165982135302 0.5502337403419357 0.4297746565255916
vn 0.7258114666319834 0.49733280118444834 0.47524498921246855
vn 0.5084357917073709 0.4244402696579904 0.7492286054359854
vn 0.46439673387916447 -0.8115264579619157 0.3546272431584345
vn 0.7550811830918019 0.0030741193589650185 -0.6556240971249085
vn 0.6502224660050637 0.49156712405243025 0.579286204956683
vn 0.515358509800402 0.7253919274316843 0.45630270434576087
vn 0.7794187956071815 0.195280365488356 -0.5952914579506283
vn 0.728144711233346 0.4619644023896822 0.5063537996575623
vn 0.42653766940578297 0.15684351569978427 -0.8907669325703635
vn 0.2998853055606289 0.18718756908762435 -0.9354301777727048
vn 0.9238208296774347 0.26644118940942235 0.27488937273053715
vn 0.5162058418054006 0.06285598807633357 0.8541549353887299
vn 0.903282221709485 0.41707560262007887 -0.10064377597583832
vn -0.6779787557528743 -0.27084079453087156 -0.6833667176309296
vn 0.22248959185390224 -0.9589177812713758 0.17599735872525407
vn 0.41032731048832854 0.511652880829627 0.754879346522448
vn 0.27537214663789017 -0.8880989521801493 -0.3680359112811698
vn -0.34446507807011867 -0.8892523675958508 -0.3009552071576779
vn -0.03724309473347877 -0.9788745160839778 -0.20104137299578848
vn -0.6091973758267386 0.521427390963722 -0.5974881030100776
vn 0.7600430874094367 0.4636803286395118 -0.4553405957235591
vn -0.06694700653193854 0.9828063969359743 -0.17207464792391916
vn 0.5497901894788976 -0.7668570679557929 -0.3311510001177742
vn 0.644225230272352 -0.6024110228570511 0.4712481429362416
vn 0.6819212415911564 -0.3122438480882971 -0.6614281515008172
vn 0.8157452645726775 0.5020950254886454 -0.2871589258699946
vn 0.689937050876259 -0.6452554424735939 -0.3280735889802422
vn 0.015455560861147936 -0.043199457514505754 -0.9989469117570361
vn 0.8138781351401301 -0.22828881895498118 -0.5343094574129902
vn 0.6559152467956513 0.6557356580046446 0.37387957398367677
vn -0.5013479077120718 -0.3908383016724064 0.7719428070644593
vn 0.5374079391514877 0.5413914964090126 -0.6465972119897834
vn -0.7313473114014188 -0.6732764142237857 -0.10876571222530382
vn -0.06053160730120377 0.1767557816812664 0.9823916317639199
vn -0.8300975031827225 -0.18873407098382786 -0.5247071427564919
vn 0.060223770577068354 0.46568424422446336 -0.8828993612743022
vn 0.0727203408024809 -0.9882297436788036 0.134587242122341
vn -0.3245966105313487 0.5914241614820505 -0.7381426025144554
vn 0.36536645751480873 0.8160775273061516 -0.4477999789514922
vn -0.19170137102367063 0.47125987085305426 -0.860909239392404
vn 0.7699013476461354 -0.6059960224531238 -0.20005183244263858
vn 0.4829229609418764 0.8720031790593147 0.07997418024324884
vn 0.7717070591122058 -0.17799522009409807 -0.610561967813296
vn -0.6334227972825295 -0.6712335404554459 -0.38499492730479257
vn 0.9453904840562843 0.1779038349909273 -0.27310631291009196
vn 0.007611169669410478 -0.3621093422982669 0.9321045511725494
vn 0.654752905697485 -0.7153119992390301 0.24418717457180644
vn -0.4674970730166437 0.39899965476525157 -0.7888255588012353
vn 0.6174908304791101 -0.1505401289455641 0.7720380455983189
vn 0.7897065161592409 0.33277701824709793 -0.5153863351527721
vn -0.6589560326170397 -0.37872125649282 -0.649882417794258
vn -0.5837584752436432 0.46656143812960144 -0.6644896289872814
vn -0.2333877935348422 0.29027008446153435 -0.9280481754174357
vn 0.7821776208433595 0.5516925410104048 0.28954016931214327
vn 0.8139092885154866 -0.4616743901214376 0.3527157886659074
vn 0.8018595441559095 0.5698983573527551 0.1795470237367038
vn 0.9413212349309369 -0.3311153882016462 -0.06539825964174385
vn 0.45537299160215533 -0.3416847008776963 0.8221234722992785
vn 0.9710830028713983 0.15919535148441477 -0.177917513471893
vn -0.096595210372421 -0.4004390138366688 0.9112178452656774
vn 0.4504741992001728 0.24431276135238414 0.8587108188996666
vn -0.6192318203350408 -0.3360593916225922 -0.709659099840765
vn -0.657321814634977 0.1050226173095708 -0.7462561770990096
vn 0.7149875410514305 0.6946757079232289 0.07885732028537151
vn -0.6186037027659804 0.251556871860071 -0.7443444089560922
vn -0.46140271140209954 0.8415130324830287 0.2810041887090081
vn 0.9296797083815594 0.047057610844877834 -0.3653508191932111
vn 0.6945191071971134 -0.6985382484210751 0.17230068261890594
vn 0.6543973603861457 -0.6528257647366736 0.3815529001535984
vn 0.5696514779350974 -0.8212839866555963 -0.03146119752090183
vn 0.5174845525370396 -0.8119946825376344 -0.2699525391918848
vn 0.7889784168078281 0.3220715898193161 -0.5232427245960247
vn 0.9081061336671084 0.07178152237356306 -0.4125417106692483
vn -0.041333678839068966 -0.9961521560269093 0.0772813628022233
vn -0.6942225851488719 0.0419659288767416 -0.7185359163484658
vn 0.6615847228012848 0.09061563594100498 0.7443752152503162
vn 0.5431365385067204 -0.359275192969353 -0.758896591279584
vn 0.978762988051868 0.0415130408219684 0.20074780362806574
vn -0.028094985971776808 -0.05925635519317182 -0.9978473611392007
vn -0.6163430937047174 0.33407542798258427 -0.7131022361911027
vn 0.825158672323896 -0.5519425980562231 -0.12030184512139412
vn 0.5076509819360432 -0.33599901895852197 0.7933442757077673
vn 0.965532330053926 -0.13161881638773315 -0.22455245888951827
vn 0.7682953023671323 0.5848488320344403 0.2601425994114538
vn -0.3572412210746934 -0.3919740106296731 0.8477824514319408
vn 0.08120890545059185 0.312589579556228 -0.9464105179193528
vn 0.28489032165893013 0.7900978265273579 -0.5427549439128274
vn -0.6407260258221067 -0.740864391411395 0.20146988204898617
vn 0.7021796536075111 -0.5188870306390594 0.4875448528025042
vn 0.619871685392013 0.21811828348837695 0.7537794823801915
vn 0.8615710830278602 -0.4723534934128801 0.18595011737250516
vn 0.5266250317403934 0.2684379192213619 -0.8066022312568538
vn -0.47327446320140104 0.8415270337947701 -0.2604679133290728
vn -0.058935659385619295 0.1854413850128107 -0.9808863750594728
vn 0.41692086976834625 -0.5088204732029684 -0.7531790719351628
vn 0.7980741799902803 0.590130682428322 0.1217513075474936
vn 0.12641802796619395 0.7293249580087738 0.6723864869482722
vn -0.3565479617834484 0.9311278129737885 0.07664559253289359
vn 0.9962563530458843 -0.004351594492221744 0.08633853508769875
vn 0.967872001774865 -0.067734679543688 -0.24214830449009928
vn 0.9307393425803417 -0.2450433371908398 -0.27143698913650216
vn 0.9073796457075498 0.41024149299703994 -0.09145543165499283
vn 0.5944430896020741 0.09196987853238872 0.7988610358923999
vn 0.3942512233669488 -0.42171287107486505 0.8165318286775222
vn 0.7316438521450643 -0.6462327807677467 0.2169803370803828
vn 0.7345675664816321 -0.023353853681606657 -0.6781335324192951
vn 0.29086932453824815 -0.8979303810238293 0.3303272118325463
vn -0.4661148695502705 0.10322294182624861 -0.878681940559193
vn -0.5467254572080272 0.18804225506559127 -0.8159236390438265
vn 0.49382201051829394 0.726466539680298 -0.4778976759229993
vn 0.6052779476077063 -0.7954553857611921 0.02982172703443056
vn 0.9477022667715288 -0.3179919944383331 0.027230589953896708
vn 0.7740816519826418 0.1752877841845119 0.608335260181019
vn -0.1848273574510696 0.615883826944481 -0.7658498283905764
vn -0.46253928651194687 0.7897705454374083 -0.40288943147285167
vn 0.15768658707805872 0.9870237453314183 0.0303161080551829
vn 0.7914519786198484 0.04102953833797546 0.6098527219931872
vn 0.9552187547428221 -0.2816342479427155 0.09077048514419742
vn 0.8597497835506788 -0.08533748880555433 0.5035353241719221
vn 0.5734773160783928 0.08264505693926413 -0.8150420618023521
vn 0.10987369813744609 -0.1800026462566648 0.9775105205562747
vn 0.5315634045213762 -0.24751088176803307 0.8100485851972427
vn 0.50678013641189 0.17554750652643428 0.8440124206969336
vn -0.9164256962969434 -0.28514536945805063 -0.28081321450974167
vn 0.39075520311116574 -0.8072736792481544 0.4422890209294139
vn 0.03209790894721581 -0.14562251867937923 -0.9888194002418692
vn -0.3665207387676796 -0.4313218665693631 -0.8243931073658458
vn -0.16842668770934333 -0.8326496841808122 -0.5275670140378879
vn -0.4230108020224052 0.5039683052426457 -0.753045688310621
vn -0.2315359065239247 0.06405287096653967 -0.9707153824428086
vn -0.16379525042822132 -0.2633770748556519 -0.9506858747123765
vn 0.9855833853016271 0.15577431344570383 -0.06602843242046572
vn 0.31424614965573633 0.41557604310498986 -0.8535490084486913
vn 0.9978104611361336 0.00040399130946419773 -0.06613713358105641
vn 0.9148146923310351 -0.39416518019523056 -0.08802209618575893
vn -0.6478539440376053 -0.1734574068193346 -0.7417531902286847
vn -0.6151902098117956 0.13560774963229658 -0.7766283177887497
vn -0.6717708381943618 -0.5398183682880753 0.5072672571834738
vn 0.1991764625416638 -0.16474528779204095 0.9660164216615091
vn 0.6338318589723638 0.2776025833177166 0.7219376567869055
vn -0.5681623727793755 0.20379945317642154 -0.7972811932077049
vn -0.7721038259136417 -0.6145360309363728 0.16186768884025718
vn 0.6790390006923863 0.7157647005521889 -0.1630549876027132
vn 0.34548040580007533 -0.5387198824523478 0.7683906411837301
vn -0.2872182208288128 0.7240443424979737 -0.6271088292478495
vn 0.9629028199685985 -0.2489017782204721 -0.10424041488409212
vn 0.17821289219594574 -0.8215077344549168 0.5416319851023446
vn 0.6696721171822672 0.3964189504041112 0.6280057891684778
vn 0.9277323546535812 0.3712906862322633 0.038156315939788875
vn -0.5793104186967754 -0.15220007340350233 -0.8007712385227977
vn 0.2714506056083946 -0.8773546706309068 -0.3956808696878945
vn 0.6595720601861846 0.5784020382757633 0.48001643673961236
vn 0.8728384403414451 0.4137183142984443 0.2588246771008655
vn -0.7158454733552421 0.6862291171408781 -0.12905369837730576
vn 0.3260492051139657 0.836005559460717 0.44134637235999197
vn 0.9503052170410674 0.2905470113187285 0.11181425972694309
vn 0.4195114999792165 0.1035577736647509 -0.9018236462295652
vn -0.18607829514694768 -0.38460966951989 0.9041295649335922
vn 0.39826048420992133 0.33143032429740427 -0.8553025937368578
vn -0.2255514269267798 -0.05332230788749548 -0.9727709315624335
vn 0.9039990904620063 -0.4192896784591699 0.08355722578850486
vn 0.9453573178851893 -0.31424528200555146 0.0868875379912022
vn 0.5941593696520733 -0.03588817671048428 0.8035463161679283
vn 0.5453466087269097 -0.34419041305780307 -0.7642840021282389
vn -0.48509046794176003 0.4943277872411215 -0.7213371449421835
vn 0.9696014896886826 0.16844150037183248 0.17748355457893383
vn 0.9860201458914606 0.07895330324384423 -0.14673325391017664
vn -0.6781502906997349 0.2071195824002412 -0.7051337900074104
vn 0.5139584685498475 -0.2758434194221056 0.8122543324399175
vn -0.7489598249000138 -0.350128703517546 -0.5625558387030243
vn 0.7483113655534135 0.2523973667635796 0.6134538853364583
vn -0.4637305830337551 0.05386407409777286 -0.8843373835142123
vn -0.3870366238148915 0.3181372005313779 -0.8654428770658569
vn -0.2834386303376879 0.2404364410113668 -0.9283603075671014
vn 0.41414205268480175 -0.9086363541266931 0.05353817476688533
vn -0.6746551898369738 -0.26449024316055875 -0.6891192103685001
vn 0.047885050441839744 0.7731949898100046 -0.6323579126387915
vn -0.7326471769859376 -0.20098905167358477 -0.6502549616588015
vn 0.6693562366891658 -0.09908159221759776 0.7363050091429116
vn 0.9898100421956806 -0.1354487975330764 -0.04392839190579208
vn 0.5267413721567296 -0.1857504797753126 -0.829481938393891
vn 0.8255941475927986 0.495818388801323 0.26936671803877404
vn -0.2962529289457681 -0.6407036626050695 -0.70833115053307
vn -0.7484555789716041 0.5937156040921201 -0.2954928556899636
vn 0.6279940053860632 -0.43235710571299346 -0.6470632599202744
vn 0.6191769106826567 -0.3745917893951428 -0.6901455966643751
vn 0.7813092433270561 0.606871840471969 -0.14581644466200683
vn 0.11791687860399006 0.33292894585897886 -0.9355500664045303
vn 0.7723984648165039 -0.19718235552022198 0.6037546937462306
vn 0.762482764642719 0.17251564614494874 0.6235851068282395
vn 0.29124500942032483 -0.9540061817854397 0.07105314632668433
vn -0.25067150317777553 -0.6637321041718159 -0.7047151845861191
vn 0.20127333955251345 0.9787982826065295 -0.03798637587198016
vn 0.9841469510362412 0.054985538036043696 -0.1686160412681934
vn 0.9256970986361057 -0.23699264494459826 0.2948209080422549
vn 0.6994690936978588 -0.7130065603049794 -0.048627481155802225
vn 0.9394858646144684 -0.24906620825053263 0.23522825956357132
vn 0.6870554887868443 0.42180107285638835 0.5916406090398716
vn -0.539931173963468 0.4670686388056303 -0.7002294010013339
vn 0.7297077824768968 -0.666219835056745 -0.1538755457167041
vn 0.7577034834955338 0.26415210975920655 -0.5967487695911013
vn 0.4577238573976591 -0.3609007012161738 0.8125512625248216
vn 0.8253903820905701 -0.26072135049255696 0.5007545252413802
vn 0.40712394694778864 0.8902146085595474 0.20437231350852358
vn -0.22347720916987665 -0.9727997544568439 -0.06098011733628794
vn 0.6605294913768408 -0.5604878639334783 0.4995539464409611
vn -0.7308905184573834 -0.5568113372666997 -0.3946646484299888
vn 0.9191912051587883 -0.2800784182624895 0.2768458198750997
vn 0.5351850868352038 -0.8302160914277188 0.15594282402110363
vn 0.3356847477074358 -0.5146891493178121 -0.788930180517327
vn 0.9116201647225903 -0.34650287968945637 -0.22109823526675018
vn 0.7313325963311076 0.6528063978736023 -0.1974751641065104
vn 0.5681768601520024 -0.32777839586057456 0.7548088359279324
vn -0.2977487156275022 0.5998256225490637 -0.7426674389494944
vn 0.3300771185090749 0.9314165306902259 0.15333734768062718
vn 0.8891668505105825 0.3555881753203164 0.28799194698022257
vn 0.14654046226145379 -0.5237405274790481 -0.8391792137536342
vn 0.06409613208991895 0.985158945790342 0.15922794158178993
vn 0.8498615193687583 0.10319027507680262 0.5168047649023756
vn 0.6850767044582805 0.3925520725537537 0.6136552609913275
vn -0.6113800504202733 -0.5824824664736123 -0.5356571759987176
vn -0.7672656712764614 -0.5668160869752433 0.30003818628093754
vn 0.7609504430700141 0.4639168661065901 -0.45358082469763794
vn -0.6097983643559819 -0.07236754806011883 -0.7892457746586518
vn 0.7674003740440384 -0.6022257727138148 -0.2200472326486259
vn 0.8058678566611412 -0.03155814134261659 0.591253821396004
vn 0.9805994049261324 0.13723324260873002 -0.13997086904641523
vn 0.813290691635091 -0.04127386092669615 0.580391867020825
vn 0.41447574396815917 -0.20481738693539533 -0.8867128597640825
vn 0.2568146944265796 0.6413036734244412 0.7230323721514134
vn 0.538619289113588 0.2644555018075489 0.7999703425493289
vn 0.6807771857438382 -0.05033568618271997 -0.7307590177802901
vn 0.16586887663652883 -0.3271143998399314 0.9303137563105779
vn 0.1988609229945012 0.2568046678622841 -0.9457831124892837
vn 0.7057676223433462 0.44223096391063954 0.553465299554079
vn 0.7290320973820136 -0.1751781548548714 0.6616833193064678
vn 0.6360647562188797 -0.35085802629446927 0.6872556084027011
vn 0.21331507609268285 -0.8112679963981716 0.5443720385284949
vn -0.6486240848253705 -0.17028362144021833 -0.7418155329013103
vn -0.013170942448825114 -0.8596566178927184 0.510702482457509
vn 0.92210682172674 0.27975175369073796 -0.267316227775208
vn 0.8701346910261067 -0.4467865124729773 0.20796016865048003
vn 0.9324948385656874 0.255205189531046 -0.25558499033545684
vn -0.27379896697145567 -0.9509644320919536 -0.14387763753061722
vn 0.2309960378100772 -0.9667682451839984 0.10954446868691108
vn 0.2810478803334925 0.7941591730723209 -0.5388165706296888
vn 0.32529769208565273 -0.12981264636712958 -0.9366590032487332
vn 0.12855513453292663 -0.7159435782142385 -0.6862203510527897
vn 0.4331502024702997 0.6542277938728144 -0.6199733025092683
vn 0.7938948857867778 0.3443080479733268 0.5011814825214478
vn -0.4227964872246647 0.8594918835220949 0.28725743254113634
vn -0.5638031508803768 -0.08409258940002047 -0.8216169688275422
vn -0.5921029462097419 0.04644091810512983 -0.8045230526313689
vn -0.6957052400079723 -0.2173274026050142 -0.6846627046235306
vn 0.5616067727254059 -0.3016726119210509 0.7704488743879668
vn 0.5565948366116277 0.6504349568077945 -0.5168525464963076
vn 0.9438485839116467 0.14240853095964312 0.2981101490353783
vn 0.8023171799070693 -0.5364751667459995 0.26168977490689155
vn 0.9007359710413043 0.10882070621078907 0.4205148800840033
vn -0.4263082491866327 -0.08223467411249501 -0.9008322457866613
vn 0.9412922845513524 0.3366201217051313 -0.025607200302225477
vn 0.17515313302791372 -0.6922749749493644 0.7000548114607619
vn 0.9814655394997602 -0.0915511344614012 0.16835612419295903
vn 0.8409544279030303 0.33225265340961657 -0.42708760751461294
vn 0.9906770082068252 -0.08834804675801369 0.10369999057096257
vn 0.9213165453661231 0.016638096083946317 -0.3884572009801518
vn -0.08344708250415915 0.18478180174309108 -0.9792304479366035
vn 0.07653211622571204 0.49314268265743183 -0.8665755187676638
vn 0.9376274234089196 0.3069763146527149 -0.16315746110364607
vn 0.5554256984602213 -0.33474695377246083 -0.7612140109259901
vn 0.8163872414682363 -0.5273470317112543 -0.23540811394939867
vn -0.37759130962563137 0.7410674049896261 -0.5551971759268431
vn 0.8803470365202208 0.4708258334870758 0.05755110608203286
vn 0.008406814313191483 0.9690173412891752 -0.24684958528213424
vn 0.8842880892191094 -0.4322384677173028 -0.17664790485769954
vn 0.9417612035415369 0.10257832791825648 0.32025540143062464
vn 0.9470670341029374 -0.3171598950732774 -0.04973563986291463
vn 0.9449623375441274 0.0792876792478151 0.3174265970939335
vn 0.7120835663750168 -0.2996041725376725 0.6349601044921277
vn 0.22179418917550844 0.22710730253492095 -0.9482771803556652
vn -0.5263474010015051 -0.30196112523044666 0.7948445711637736
vn 0.8106289999337296 0.34037056134198923 0.47647508375378905
vn 0.4297427837642129 -0.4020698670840652 0.808493019008567
vn 0.9343993055965825 -0.35348331883706186 -0.04413027310770439
vn 0.8981953527656618 -0.3815420382268794 0.21833639489523204
vn 0.5977657274044489 0.397504199614258 -0.6961799669838672
vn 0.9933478051186115 -0.025464517521435217 0.1123018094842539
vn -0.6182386959722147 -0.660313376876128 -0.4263415990975076
vn 0.8931447688197472 -0.020455795869884743 0.44930388641235863
vn 0.9276032378594989 0.23604148450187765 0.2895455934852467
vn 0.5187051274631118 0.8409036362912035 0.15435694093790714
vn 0.0346043697051125 0.8376248263721583 0.5451487758789552
vn -0.5074223983009243 0.241938000059176 -0.8270359809765863
vn -0.5619907316951099 0.23760027920492036 -0.792283109002419
vn 0.2540652480128594 0.8634140580622812 -0.4358520552809033
vn 0.9877246934326155 0.04853884738180896 -0.1484719174736116
vn -0.40602849939702046 -0.9133007307243539 0.031978632487412374
vn -0.5755211876210569 -0.014612811105887774 -0.8176563020920417
vn 0.28210571787529437 -0.7259501912437608 0.6272261823100275
vn 0.9230775775689316 -0.06846350388839313 0.37847131255195154
vn 0.8596013245547122 0.3279599569203714 -0.39182627461742847
vn 0.9206026621789979 0.046030360351653886 0.3877782153690932
vn 0.6294592083389847 -0.4490473611595078 -0.6341431797890291
vn 0.9420719005291431 0.32317184916725467 0.08978023245250409
vn 0.05602429810513778 -0.6377267841312293 -0.7682225112709646
vn 0.9552008554018765 -0.27236503489208436 -0.11579556816975872
vn 0.5824920052973034 -0.7447804954291176 -0.32558420937306626
vn 0.4216621219913302 -0.8787157535139224 -0.22374020515818896
vn 0.5023808313775323 0.6086625852303001 0.6141199863261143
vn 0.9519289890851934 -0.11681655989343553 -0.2831697213225756
vn 0.8309127480996217 -0.46129860322547805 -0.3111070614880954
vn 0.7397396696788026 0.45635534149028223 0.4944947152364561
vn 0.8357908544799505 -0.4965407442839622 0.23430948942286334
vn -0.4976488639222456 -0.385482399832907 -0.7770128233536182
vn -0.30447006913072494 -0.031594411252068084 -0.9519977784539031
vn 0.6768501542701575 0.7132885009424113 -0.18191586815830987
vn 0.8395421404848135 0.5397810275551823 0.06168822125535055
vn 0.921740248389644 0.3492082412308685 0.16866688695485196
vn 0.8271149225221414 0.21439472885979535 0.5195342194488509
vn 0.8449412527520351 0.039744730771703506 0.5333803856289676
vn 0.847621086046898 -0.25071486913156393 0.46763292108770516
vn 0.7029375448476909 0.6437984122255419 0.3023283189834717
vn 0.01694154895154234 0.9808128895669782 -0.1942139530991461
vn -0.04181001419937221 0.9591710761452965 0.2797190901581841
vn -0.24189174236406175 0.6037806883815112 -0.7595638651974084
vn 0.5458661271769358 -0.3288608761697234 0.77063655203068
vn 0.20648784723817099 -0.8564762981361004 0.4730867993022292
vn 0.9927137478617448 -0.11996336262605323 0.011322827992079898
vn -0.11224925641159661 0.28193477105398335 -0.9528446302025224
vn 0.30681479124922917 0.5588566091741396 -0.7704180516142355
vn 0.9825264828545452 0.18413540752854915 0.027126779826809336
vn 0.762128468935499 0.256311057857115 0.5945290896652566
vn 0.9837313857294022 0.00462368268823569 0.17958614169614634
vn 0.9968182029629076 -0.0785916983458737 -0.013297187406010675
vn 0.643441849137687 -0.26445337851761685 0.718364111971702
vn 0.9848178854114196 -0.06649749135630796 0.1603490449522474
vn 0.6562812252990496 -0.7427485499937204 0.13273863341998016
vn 0.9744071294611103 -0.08564203916243941 0.20783692449480215
vn -0.41180395911311957 -0.338162390992492 -0.8462054694794882
vn 0.8175147535264574 0.5310934032295024 0.22273173283724257
vn 0.907883716809267 0.2539875544004739 -0.33352283124586346
vn -0.6509252845028902 0.03027732138674489 -0.7585377761222412
vn 0.8550934747178599 0.4213096775596861 0.3021809145023721
vn 0.658646701920085 0.05041596659500191 0.7507614483723086
vn 0.8969024590021055 -0.24816957587165106 0.3660298357342767
vn 0.9952640745778604 -0.02872004793761427 -0.09286862064840072
vn 0.8864372867091319 -0.3175007366512488 0.3367821535617149
vn 0.9221618106160308 0.05140497869339792 0.3833733470220583
vn -0.07684984690693764 -0.7902114871688624 -0.6079966336886702
vn 0.8554247469791263 -0.4939829621720239 0.15565775065653023
vn 0.5396277358669053 0.7826083375308899 0.310364457872183
vn 0.6517648734513828 0.6481837071633203 0.3937771343068538
vn -0.3611554331899384 0.6126880264277536 -0.7029794700767958
vn 0.8994155507856129 -0.37858036083419705 -0.21846871033551232
vn 0.8769571363227089 0.46643427961706013 -0.11569461461445803
vn 0.5792362113228224 -0.3241536926104532 -0.7479370261321406
vn 0.4042506557816941 -0.7809088906998226 0.4761960853745466
vn -0.07487806500081817 0.47757332383468876 -0.8753953368297209
vn 0.5826612586707494 0.8108273571684281 0.05536112816300248
vn 0.5801816566441236 -0.47431796656414027 -0.6621266584937805
vn 0.6141262637818372 0.6536815749032246 0.4422096004898596
vn 0.37701469652716857 -0.5003334878934481 0.7794397471869803
vn 0.6180271011579102 0.7389357807179945 -0.2683587416296298
vn 0.7344695409518908 -0.2843059928333019 0.6162179775477096
vn 0.7955046698588254 -0.1986022394251456 0.572476611511875
vn 0.6104709495184998 -0.024813154668219144 0.7916498766180617
vn -0.36470126425279775 -0.21049132550433963 -0.9070206115297695
vn 0.9514891748239168 0.1269278111687004 0.28028143168041764
vn 0.9858165536330532 -0.110846618048022 0.12601091163215009
vn 0.8518972809792807 -0.40069713327329437 -0.33721333017345584
vn 0.7632405928573447 0.0361471854782642 0.645102455736117
vn 0.8336196929155116 -0.23338847768197854 0.5006076568219233
vn -0.3583429743455882 -0.3945898104266101 -0.8461023544729379
vn 0.6657462143802031 -0.7166439916422815 -0.2078541971706283
vn 0.5870130456239294 0.7460650545040292 0.31432883850391263
vn 0.9140183390963277 0.4002573815045401 -0.06606439545412796
vn 0.2065424951140222 0.6453452806358362 -0.7354384178659205
vn 0.9820235521788171 0.15966525918071048 0.10068141823025145
vn -0.163768962703512 -0.9660986701899597 0.19958227955459254
vn 0.7797821019335553 0.45984663705487644 0.4248304884226263
vn 0.8178055309184515 -0.15821032270149482 0.5533205286177973
vn 0.9886416116191389 0.02598124348789096 0.148029519900373
vn 0.07374245536441228 -0.9462579312986596 -0.31489359747573276
vn 0.8842575657709024 0.2531195611768417 -0.39245260239494056
vn -0.5165185313809894 -0.8404774039701827 -0.16372641862438778
vn -0.4115085900241605 0.26409322026034143 -0.8723046780505365
vn 0.8771531015763697 0.2681152829736174 0.3983925594572919
vn 0.3114613310530333 0.9398726869013123 0.1401112831844054
vn 0.8033762231751155 0.21720359415008986 0.5544449862025717
vn 0.3738225507656995 -0.4476122984511562 0.812342249802569
vn -0.6396496899908299 0.12458761796905367 -0.7585026035178998
vn 0.9002306056540356 -0.3698834259413061 0.22971962880365904
vn 0.43855817316281515 -0.5079181928219961 0.7414080105802282
vn 0.8122598295287661 0.1268462353231521 0.5693364575699006
vn 0.615924358586598 -0.5853735806636113 0.5272333027804204
vn -0.6314949392176497 -0.15191818771110085 -0.7603518961540584
vn 0.7739435994158752 0.024366890897531707 0.6327855557384248
vn 0.39881401117802623 0.6043114489989824 -0.68974999608325
vn 0.8938139065883471 0.4483379118011984 0.0094771953139346
vn 0.1498706604116717 0.9887053141582284 0.0007660959786329187
vn 0.8929221686123999 -0.2749767618743795 0.3564797066168137
vn 0.29651841254534256 0.9183825171828531 -0.2620121813093364
vn -0.4573746364609274 0.20141831221042542 -0.8661634403670809
vn 0.8175910631622718 -0.14106142383454875 0.5582531040155135
vn 0.14242577334184445 -0.8941039901825445 0.4246091777477614
vn -0.4512193080825068 0.08203919009807405 -0.8886341808087262
vn -0.4759317622698642 -0.8380195474182932 0.2668561331645582
vn 0.6541203780118222 0.5627086096886889 0.5054557860504649
vn 0.9349987678492484 -0.06326074269304724 0.3489632968584399
vn -0.44708687740323083 -0.41651499898644273 -0.7915987491609321
vn -0.06076154443382681 -0.3570259486814416 -0.9321161444187804
vn 0.8934934232297134 -0.09482685575291044 0.4389503047877569
vn 0.871699636007814 0.21594910442375106 0.4398928606859001
vn -0.10922923857064308 -0.0710938211610957 -0.9914709486586039
vn -0.20427018567302296 -0.9773436266827503 -0.0554357883295396
vn -0.5061846288276142 -0.16395696715230043 -0.8466966602395868
vn -0.2869931410077193 0.32435574569858167 -0.9013480389099655
vn 0.8354555589998705 0.03051038353596928 -0.5487104203791853
vn 0.9369602313920455 -0.3328003028559031 0.10653395331434863
vn 0.8627913458244513 0.26049637383875407 -0.43328135522693834
vn 0.780864109889796 -0.24785083226356422 0.5734293390054915
vn 0.7060248317893661 0.5106734082363 0.4906542642402268
vn -0.6602859379031065 0.0023248407108467555 -0.751010702535646
vn 0.717323968317664 -0.5531417204247719 0.4236514624104611
vn 0.31972739084294455 0.9348462219281133 0.15439215294663033
vn 0.8405639475520074 -0.2792656403817598 0.46417987050059767
vn -0.6251913348198075 0.15520981051241717 -0.7648828077469952
vn -0.6623972586098734 -0.009788636948648092 -0.7490888160777813
vn 0.6611374965760404 -0.6828080160723649 0.31091867716251365
vn -0.2765729999625693 -0.45515840854657325 -0.8463676499140639
vn 0.8848273120963683 -0.3817825599394039 0.267063109946753
vn -0.16789072733374527 0.19475626923890996 -0.9663760651358699
f 1//1 2//2 3//3
f 1//1 4//4 5//5
f 3//3 4//4 1//1
f 6//6 2//2 1//1
f 5//5 6//6 1//1
f 3//3 7//7 8//8
f 8//8 4//4 3//3
f 5//5 9//9 6//6
f 10//10 7//7 3//3
f 4//4 9//9 5//5
f 9//9 4//4 11//11
f 3//3 2//2 10//10
f 6//6 9//9 12//12
f 2//2 6//6 12//12
f 13//13 10//10 2//2
f 8//8 11//11 4//4
f 2//2 14//14 13//13
f 2//2 15//15 14//14
f 12//12 15//15 2//2
f 14//14 16//16 13//13
f 16//16 14//14 15//15
f 7//7 10//10 17//17
f 15//15 18//18 16//16
f 19//19 15//15 12//12
f 9//9 19//19 12//12
f 8//8 20//20 11//11
f 21//21 22//22 23//23
f 24//24 23//23 22//22
f 18//18 24//24 22//22
f 25//25 24//24 18//18
f 18//18 15//15 25//25
f 15//15 19//19 25//25
f 7//7 20//20 8//8
f 26//26 27//27 28//28
f 28//28 29//29 26//26
f 21//21 23//23 30//30
f 31//31 22//22 21//21
f 18//18 22//22 32//32
f 16//16 18//18 32//32
f 10//10 13//13 33//33
f 33//33 17//17 10//10
f 34//34 35//35 36//36
f 35//35 34//34 37//37
f 38//38 39//39 40//40
f 41//41 28//28 27//27
f 28//28 42//42 29//29
f 42//42 28//28 41//41
f 43//43 31//31 21//21
f 32//32 22//22 31//31
f 24//24 25//25 19//19
f 16//16 44//44 13//13
f 45//45 9//9 11//11
f 46//46 37//37 34//34
f 38//38 40//40 47//47
f 48//48 49//49 50//50
f 42//42 41//41 51//51
f 19//19 52//52 24//24
f 19//19 9//9 53//53
f 45//45 11//11 54//54
f 37//37 55//55 35//35
f 49//49 48//48 56//56
f 38//38 50//50 39//39
f 50//50 57//57 39//39
f 40//40 39//39 58//58
f 49//49 59//59 50//50
f 50//50 59//59 60//60
f 29//29 61//61 26//26
f 42//42 61//61 29//29
f 21//21 30//30 62//62
f 63//63 21//21 62//62
f 30//30 23//23 64//64
f 64//64 23//23 24//24
f 43//43 21//21 63//63
f 33//33 65//65 17//17
f 17//17 20//20 7//7
f 9//9 45//45 66//66
f 36//36 67//67 54//54
f 34//34 36//36 54//54
f 46//46 68//68 37//37
f 47//47 69//69 38//38
f 50//50 38//38 69//69
f 49//49 56//56 70//70
f 39//39 57//57 58//58
f 50//50 60//60 57//57
f 59//59 71//71 60//60
f 26//26 72//72 27//27
f 41//41 27//27 73//73
f 44//44 16//16 32//32
f 46//46 34//34 54//54
f 35//35 55//55 74//74
f 37//37 68//68 55//55
f 47//47 40//40 75//75
f 76//76 57//57 60//60
f 76//76 60//60 71//71
f 26//26 61//61 72//72
f 77//77 42//42 51//51
f 64//64 24//24 52//52
f 43//43 78//78 31//31
f 33//33 13//13 44//44
f 66//66 79//79 9//9
f 20//20 80//80 11//11
f 45//45 54//54 67//67
f 50//50 69//69 48//48
f 81//81 56//56 48//48
f 57//57 82//82 58//58
f 82//82 57//57 76//76
f 71//71 59//59 83//83
f 84//84 27//27 72//72
f 73//73 85//85 84//84
f 72//72 84//84 85//85
f 84//84 72//72 27//27
f 61//61 27//27 72//72
f 27//27 61//61 73//73
f 85//85 73//73 61//61
f 41//41 73//73 86//86
f 64//64 62//62 30//30
f 53//53 9//9 79//79
f 11//11 80//80 54//54
f 45//45 67//67 66//66
f 67//67 36//36 87//87
f 36//36 35//35 87//87
f 75//75 40//40 58//58
f 70//70 59//59 49//49
f 88//88 73//73 84//84
f 85//85 61//61 89//89
f 61//61 42//42 89//89
f 51//51 41//41 90//90
f 77//77 51//51 90//90
f 91//91 52//52 19//19
f 92//92 65//65 33//33
f 93//93 20//20 17//17
f 47//47 94//94 69//69
f 69//69 81//81 48//48
f 56//56 81//81 95//95
f 95//95 70//70 56//56
f 70//70 96//96 59//59
f 96//96 83//83 59//59
f 82//82 76//76 97//97
f 83//83 98//98 71//71
f 88//88 84//84 72//72
f 77//77 89//89 42//42
f 77//77 90//90 99//99
f 100//100 63//63 62//62
f 64//64 52//52 101//101
f 32//32 31//31 78//78
f 46//46 54//54 80//80
f 81//81 69//69 102//102
f 95//95 103//103 70//70
f 104//104 103//103 95//95
f 75//75 58//58 105//105
f 70//70 103//103 96//96
f 82//82 105//105 58//58
f 103//103 106//106 96//96
f 82//82 97//97 105//105
f 72//72 85//85 88//88
f 88//88 85//85 107//107
f 89//89 107//107 85//85
f 108//108 89//89 77//77
f 41//41 109//109 90//90
f 110//110 111//111 112//112
f 63//63 100//100 113//113
f 43//43 114//114 78//78
f 33//33 44//44 92//92
f 67//67 79//79 66//66
f 46//46 80//80 115//115
f 94//94 102//102 69//69
f 116//116 94//94 47//47
f 104//104 95//95 81//81
f 103//103 104//104 117//117
f 97//97 76//76 71//71
f 88//88 86//86 73//73
f 77//77 99//99 108//108
f 112//112 111//111 118//118
f 110//110 112//112 119//119
f 62//62 64//64 101//101
f 20//20 115//115 80//80
f 120//120 121//121 122//122
f 47//47 75//75 116//116
f 103//103 123//123 106//106
f 96//96 124//124 83//83
f 97//97 71//71 98//98
f 99//99 90//90 125//125
f 126//126 118//118 111//111
f 111//111 110//110 100//100
f 53//53 91//91 19//19
f 65//65 127//127 17//17
f 93//93 115//115 20//20
f 128//128 93//93 17//17
f 120//120 122//122 129//129
f 87//87 35//35 130//130
f 35//35 74//74 130//130
f 46//46 131//131 68//68
f 55//55 132//132 74//74
f 133//133 134//134 135//135
f 136//136 81//81 102//102
f 104//104 81//81 136//136
f 103//103 117//117 123//123
f 41//41 86//86 109//109
f 109//109 137//137 90//90
f 90//90 137//137 125//125
f 126//126 138//138 118//118
f 118//118 138//138 112//112
f 119//119 139//139 110//110
f 100//100 110//110 139//139
f 139//139 113//113 100//100
f 140//140 141//141 142//142
f 140//140 143//143 141//141
f 144//144 143//143 140//140
f 32//32 78//78 44//44
f 93//93 46//46 115//115
f 93//93 131//131 46//46
f 145//145 122//122 121//121
f 120//120 146//146 121//121
f 134//134 147//147 135//135
f 102//102 148//148 136//136
f 149//149 104//104 136//136
f 104//104 149//149 117//117
f 123//123 150//150 106//106
f 98//98 83//83 124//124
f 108//108 151//151 89//89
f 112//112 138//138 152//152
f 112//112 152//152 119//119
f 44//44 153//153 92//92
f 154//154 65//65 92//92
f 155//155 120//120 129//129
f 121//121 156//156 145//145
f 156//156 121//121 146//146
f 157//157 55//55 68//68
f 55//55 157//157 132//132
f 157//157 134//134 133//133
f 147//147 134//134 158//158
f 147//147 159//159 135//135
f 135//135 159//159 133//133
f 94//94 116//116 160//160
f 107//107 89//89 151//151
f 99//99 125//125 161//161
f 101//101 162//162 62//62
f 43//43 63//63 113//113
f 163//163 101//101 52//52
f 144//144 140//140 164//164
f 144//144 164//164 165//165
f 165//165 166//166 144//144
f 144//144 166//166 167//167
f 143//143 144//144 167//167
f 92//92 153//153 154//154
f 65//65 154//154 127//127
f 67//67 87//87 168//168
f 131//131 157//157 68//68
f 169//169 134//134 157//157
f 170//170 134//134 169//169
f 133//133 171//171 172//172
f 173//173 159//159 147//147
f 159//159 171//171 133//133
f 102//102 174//174 148//148
f 102//102 94//94 174//174
f 75//75 175//175 116//116
f 175//175 75//75 105//105
f 106//106 176//176 96//96
f 176//176 106//106 150//150
f 96//96 177//177 124//124
f 178//178 88//88 107//107
f 99//99 161//161 108//108
f 179//179 125//125 137//137
f 111//111 180//180 126//126
f 181//181 139//139 119//119
f 62//62 162//162 100//100
f 43//43 182//182 114//114
f 183//183 114//114 182//182
f 184//184 185//185 183//183
f 186//186 183//183 185//185
f 187//187 166//166 165//165
f 186//186 154//154 183//183
f 188//188 154//154 186//186
f 93//93 128//128 189//189
f 168//168 87//87 130//130
f 169//169 157//157 131//131
f 157//157 190//190 132//132
f 170//170 158//158 134//134
f 190//190 157//157 133//133
f 147//147 158//158 191//191
f 148//148 192//192 136//136
f 192//192 149//149 136//136
f 94//94 160//160 174//174
f 149//149 193//193 117//117
f 117//117 194//194 123//123
f 117//117 195//195 194//194
f 105//105 196//196 175//175
f 197//197 98//98 124//124
f 109//109 86//86 198//198
f 199//199 119//119 152//152
f 113//113 139//139 200//200
f 139//139 181//181 200//200
f 200//200 43//43 113//113
f 43//43 200//200 182//182
f 183//183 182//182 184//184
f 142//142 164//164 140//140
f 142//142 141//141 201//201
f 165//165 52//52 91//91
f 78//78 114//114 153//153
f 78//78 153//153 44//44
f 186//186 185//185 202//202
f 91//91 53//53 203//203
f 167//167 141//141 143//143
f 114//114 154//154 153//153
f 183//183 154//154 114//114
f 188//188 127//127 154//154
f 79//79 204//204 53//53
f 17//17 127//127 128//128
f 168//168 120//120 155//155
f 129//129 122//122 205//205
f 168//168 130//130 120//120
f 205//205 122//122 145//145
f 189//189 131//131 93//93
f 206//206 130//130 74//74
f 190//190 133//133 172//172
f 173//173 147//147 191//191
f 207//207 171//171 159//159
f 208//208 149//149 192//192
f 208//208 193//193 149//149
f 195//195 117//117 193//193
f 209//209 123//123 194//194
f 209//209 150//150 123//123
f 105//105 97//97 210//210
f 88//88 178//178 211//211
f 198//198 137//137 109//109
f 212//212 161//161 125//125
f 184//184 213//213 214//214
f 119//119 215//215 181//181
f 185//185 184//184 214//214
f 182//182 181//181 184//184
f 142//142 201//201 216//216
f 52//52 165//165 163//163
f 79//79 168//168 204//204
f 67//67 168//168 79//79
f 189//189 169//169 131//131
f 130//130 146//146 120//120
f 217//217 156//156 146//146
f 74//74 132//132 218//218
f 219//219 158//158 170//170
f 220//220 159//159 173//173
f 159//159 220//220 207//207
f 96//96 176//176 177//177
f 221//221 210//210 97//97
f 98//98 221//221 97//97
f 177//177 197//197 124//124
f 178//178 107//107 222//222
f 222//222 107//107 151//151
f 138//138 199//199 152//152
f 213//213 184//184 215//215
f 215//215 184//184 181//181
f 181//181 182//182 200//200
f 101//101 163//163 223//223
f 202//202 185//185 224//224
f 91//91 203//203 165//165
f 187//187 225//225 166//166
f 155//155 129//129 205//205
f 225//225 168//168 155//155
f 188//188 226//226 127//127
f 128//128 169//169 189//189
f 169//169 128//128 170//170
f 132//132 190//190 218//218
f 175//175 196//196 116//116
f 210//210 196//196 105//105
f 197//197 221//221 98//98
f 177//177 227//227 197//197
f 228//228 86//86 88//88
f 137//137 198//198 179//179
f 138//138 126//126 229//229
f 229//229 126//126 180//180
f 119//119 199//199 215//215
f 162//162 111//111 100//100
f 101//101 223//223 162//162
f 164//164 142//142 230//230
f 163//163 165//165 164//164
f 203//203 187//187 165//165
f 187//187 203//203 53//53
f 167//167 231//231 141//141
f 167//167 225//225 231//231
f 166//166 225//225 167//167
f 225//225 187//187 204//204
f 202//202 188//188 186//186
f 231//231 155//155 205//205
f 170//170 128//128 232//232
f 130//130 233//233 146//146
f 206//206 233//233 130//130
f 232//232 219//219 170//170
f 217//217 234//234 156//156
f 235//235 236//236 237//237
f 238//238 236//236 235//235
f 192//192 239//239 208//208
f 150//150 209//209 240//240
f 150//150 240//240 176//176
f 178//178 222//222 211//211
f 211//211 241//241 88//88
f 241//241 228//228 88//88
f 222//222 151//151 242//242
f 243//243 86//86 228//228
f 243//243 242//242 86//86
f 151//151 86//86 242//242
f 86//86 151//151 198//198
f 243//243 198//198 151//151
f 151//151 244//244 243//243
f 151//151 108//108 244//244
f 161//161 244//244 108//108
f 179//179 212//212 125//125
f 245//245 246//246 213//213
f 246//246 214//214 213//213
f 247//247 248//248 249//249
f 214//214 250//250 185//185
f 249//249 251//251 247//247
f 252//252 249//249 248//248
f 223//223 163//163 253//253
f 163//163 164//164 230//230
f 53//53 204//204 187//187
f 204//204 168//168 225//225
f 233//233 217//217 146//146
f 219//219 191//191 158//158
f 172//172 254//254 190//190
f 255//255 256//256 257//257
f 258//258 257//257 256//256
f 259//259 235//235 237//237
f 238//238 260//260 236//236
f 236//236 261//261 237//237
f 262//262 148//148 174//174
f 160//160 116//116 263//263
f 116//116 196//196 263//263
f 211//211 222//222 264//264
f 265//265 198//198 243//243
f 213//213 215//215 266//266
f 246//246 250//250 214//214
f 247//247 251//251 267//267
f 247//247 268//268 248//248
f 269//269 111//111 162//162
f 162//162 270//270 269//269
f 250//250 271//271 185//185
f 251//251 249//249 272//272
f 224//224 185//185 271//271
f 201//201 273//273 216//216
f 231//231 225//225 155//155
f 202//202 274//274 188//188
f 128//128 127//127 232//232
f 226//226 232//232 127//127
f 258//258 256//256 275//275
f 220//220 276//276 207//207
f 235//235 259//259 220//220
f 236//236 260//260 277//277
f 261//261 236//236 277//277
f 278//278 148//148 262//262
f 174//174 160//160 262//262
f 279//279 211//211 264//264
f 211//211 279//279 241//241
f 280//280 213//213 266//266
f 266//266 215//215 199//199
f 281//281 282//282 283//283
f 267//267 268//268 247//247
f 269//269 180//180 111//111
f 284//284 252//252 248//248
f 252//252 284//284 285//285
f 223//223 252//252 285//285
f 223//223 253//253 252//252
f 249//249 252//252 272//272
f 230//230 142//142 216//216
f 145//145 286//286 205//205
f 226//226 188//188 274//274
f 219//219 232//232 226//226
f 156//156 234//234 145//145
f 257//257 287//287 288//288
f 257//257 258//258 287//287
f 172//172 171//171 289//289
f 290//290 173//173 191//191
f 220//220 173//173 290//290
f 171//171 207//207 276//276
f 235//235 220//220 291//291
f 238//238 235//235 291//291
f 259//259 237//237 292//292
f 260//260 238//238 293//293
f 292//292 237//237 294//294
f 237//237 261//261 294//294
f 240//240 295//295 176//176
f 295//295 177//177 176//176
f 241//241 296//296 228//228
f 296//296 241//241 279//279
f 297//297 198//198 265//265
f 297//297 179//179 198//198
f 298//298 244//244 161//161
f 179//179 297//297 212//212
f 212//212 298//298 161//161
f 245//245 213//213 280//280
f 199//199 138//138 299//299
f 229//229 180//180 300//300
f 283//283 282//282 301//301
f 302//302 303//303 246//246
f 282//282 281//281 269//269
f 180//180 269//269 300//300
f 303//303 250//250 246//246
f 282//282 284//284 301//301
f 248//248 268//268 304//304
f 267//267 251//251 305//305
f 284//284 248//248 304//304
f 282//282 285//285 284//284
f 306//306 271//271 250//250
f 269//269 285//285 282//282
f 251//251 272//272 305//305
f 223//223 285//285 269//269
f 223//223 270//270 162//162
f 253//253 272//272 252//252
f 163//163 230//230 253//253
f 307//307 202//202 224//224
f 141//141 308//308 201//201
f 308//308 141//141 231//231
f 274//274 202//202 309//309
f 310//310 217//217 233//233
f 255//255 311//311 256//256
f 311//311 275//275 256//256
f 288//288 255//255 257//257
f 275//275 312//312 258//258
f 220//220 259//259 313//313
f 277//277 314//314 261//261
f 227//227 315//315 221//221
f 316//316 177//177 295//295
f 227//227 177//177 316//316
f 221//221 197//197 227//227
f 317//317 283//283 318//318
f 229//229 299//299 138//138
f 318//318 283//283 319//319
f 281//281 283//283 317//317
f 283//283 301//301 319//319
f 302//302 320//320 303//303
f 300//300 269//269 281//281
f 320//320 250//250 303//303
f 320//320 306//306 250//250
f 270//270 223//223 269//269
f 307//307 224//224 321//321
f 201//201 308//308 273//273
f 74//74 218//218 206//206
f 190//190 254//254 218//218
f 217//217 310//310 322//322
f 323//323 324//324 275//275
f 254//254 172//172 289//289
f 276//276 289//289 171//171
f 276//276 220//220 313//313
f 294//294 325//325 292//292
f 278//278 326//326 148//148
f 148//148 326//326 192//192
f 160//160 263//263 327//327
f 328//328 263//263 196//196
f 196//196 210//210 328//328
f 329//329 210//210 221//221
f 221//221 315//315 329//329
f 279//279 330//330 296//296
f 296//296 265//265 228//228
f 330//330 265//265 296//296
f 228//228 265//265 243//243
f 299//299 229//229 331//331
f 246//246 245//245 302//302
f 284//284 304//304 301//301
f 305//305 272//272 332//332
f 253//253 333//333 272//272
f 253//253 230//230 333//333
f 309//309 202//202 334//334
f 231//231 205//205 335//335
f 233//233 206//206 310//310
f 226//226 274//274 336//336
f 218//218 254//254 337//337
f 191//191 219//219 338//338
f 275//275 311//311 323//323
f 338//338 290//290 191//191
f 339//339 238//238 291//291
f 291//291 220//220 290//290
f 340//340 289//289 276//276
f 312//312 341//341 258//258
f 293//293 238//238 339//339
f 313//313 259//259 342//342
f 259//259 292//292 342//342
f 261//261 314//314 294//294
f 343//343 262//262 160//160
f 344//344 345//345 346//346
f 327//327 263//263 328//328
f 209//209 347//347 240//240
f 210//210 329//329 328//328
f 240//240 348//348 295//295
f 316//316 315//315 227//227
f 264//264 349//349 279//279
f 350//350 264//264 222//222
f 222//222 242//242 351//351
f 351//351 242//242 243//243
f 318//318 352//352 317//317
f 301//301 304//304 353//353
f 267//267 305//305 354//354
f 305//305 332//332 354//354
f 216//216 333//333 230//230
f 310//310 206//206 337//337
f 218//218 337//337 206//206
f 322//322 234//234 217//217
f 219//219 226//226 336//336
f 255//255 288//288 355//355
f 324//324 254//254 289//289
f 275//275 324//324 312//312
f 339//339 291//291 290//290
f 287//287 258//258 356//356
f 293//293 339//339 357//357
f 293//293 358//358 260//260
f 325//325 359//359 292//292
f 344//344 346//346 360//360
f 160//160 327//327 361//361
f 362//362 194//194 195//195
f 344//344 363//363 345//345
f 295//295 315//315 316//316
f 364//364 279//279 349//349
f 265//265 330//330 297//297
f 365//365 212//212 297//297
f 366//366 317//317 352//352
f 318//318 319//319 352//352
f 266//266 199//199 367//367
f 281//281 317//317 368//368
f 268//268 267//267 353//353
f 268//268 353//353 304//304
f 267//267 354//354 353//353
f 271//271 321//321 224//224
f 333//333 332//332 272//272
f 307//307 334//334 202//202
f 334//334 307//307 369//369
f 335//335 205//205 286//286
f 370//370 336//336 274//274
f 311//311 310//310 323//323
f 310//310 254//254 323//323
f 219//219 339//339 338//338
f 254//254 324//324 323//323
f 338//338 339//339 290//290
f 287//287 356//356 288//288
f 358//358 293//293 371//371
f 325//325 294//294 372//372
f 372//372 294//294 314//314
f 346//346 373//373 360//360
f 346//346 345//345 374//374
f 375//375 374//374 345//345
f 376//376 344//344 360//360
f 363//363 377//377 345//345
f 347//347 348//348 240//240
f 349//349 264//264 378//378
f 350//350 222//222 351//351
f 330//330 279//279 364//364
f 243//243 244//244 379//379
f 379//379 244//244 298//298
f 380//380 280//280 266//266
f 280//280 381//381 245//245
f 368//368 317//317 366//366
f 245//245 382//382 302//302
f 229//229 300//300 331//331
f 383//383 319//319 301//301
f 281//281 368//368 300//300
f 353//353 383//383 301//301
f 384//384 306//306 320//320
f 271//271 306//306 385//385
f 385//385 321//321 271//271
f 386//386 387//387 388//388
f 254//254 310//310 337//337
f 310//310 311//311 322//322
f 322//322 311//311 355//355
f 339//339 219//219 336//336
f 339//339 336//336 357//357
f 311//311 255//255 355//355
f 357//357 371//371 293//293
f 292//292 359//359 342//342
f 277//277 389//389 314//314
f 390//390 391//391 392//392
f 391//391 393//393 394//394
f 192//192 326//326 395//395
f 239//239 192//192 395//395
f 346//346 396//396 373//373
f 194//194 397//397 209//209
f 345//345 398//398 375//375
f 363//363 344//344 376//376
f 329//329 315//315 399//399
f 315//315 295//295 399//399
f 400//400 347//347 209//209
f 377//377 398//398 345//345
f 401//401 328//328 329//329
f 364//364 349//349 402//402
f 351//351 243//243 379//379
f 403//403 366//366 352//352
f 404//404 331//331 405//405
f 319//319 383//383 352//352
f 404//404 299//299 331//331
f 367//367 199//199 299//299
f 300//300 406//406 331//331
f 388//388 407//407 386//386
f 216//216 273//273 408//408
f 333//333 216//216 408//408
f 273//273 308//308 408//408
f 308//308 231//231 335//335
f 286//286 145//145 409//409
f 145//145 234//234 409//409
f 234//234 322//322 410//410
f 324//324 289//289 340//340
f 324//324 340//340 312//312
f 340//340 276//276 313//313
f 340//340 313//313 411//411
f 341//341 356//356 258//258
f 391//391 394//394 392//392
f 390//390 412//412 391//391
f 391//391 412//412 413//413
f 393//393 414//414 394//394
f 393//393 391//391 413//413
f 326//326 278//278 415//415
f 278//278 262//262 343//343
f 239//239 416//416 208//208
f 208//208 416//416 193//193
f 417//417 360//360 418//418
f 160//160 361//361 343//343
f 417//417 376//376 360//360
f 401//401 327//327 328//328
f 397//397 400//400 209//209
f 399//399 401//401 329//329
f 264//264 350//350 378//378
f 330//330 419//419 297//297
f 212//212 365//365 298//298
f 420//420 404//404 421//421
f 404//404 405//405 421//421
f 367//367 380//380 266//266
f 366//366 403//403 422//422
f 368//368 366//366 422//422
f 367//367 299//299 404//404
f 352//352 383//383 403//403
f 403//403 383//383 423//423
f 424//424 300//300 368//368
f 320//320 302//302 425//425
f 306//306 426//426 385//385
f 387//387 386//386 427//427
f 388//388 387//387 428//428
f 429//429 388//388 428//428
f 430//430 332//332 333//333
f 431//431 432//432 433//433
f 334//334 369//369 434//434
f 334//334 435//435 309//309
f 335//335 286//286 436//436
f 370//370 274//274 309//309
f 312//312 437//437 341//341
f 325//325 372//372 438//438
f 277//277 439//439 389//389
f 392//392 440//440 390//390
f 414//414 441//441 394//394
f 414//414 396//396 441//441
f 373//373 418//418 360//360
f 396//396 346//346 442//442
f 399//399 295//295 443//443
f 444//444 445//445 446//446
f 445//445 447//447 446//446
f 378//378 350//350 448//448
f 419//419 449//449 297//297
f 365//365 379//379 298//298
f 404//404 420//420 367//367
f 245//245 381//381 382//382
f 331//331 424//424 405//405
f 368//368 450//450 424//424
f 382//382 425//425 302//302
f 424//424 406//406 300//300
f 425//425 384//384 320//320
f 354//354 451//451 353//353
f 452//452 354//354 332//332
f 386//386 453//453 427//427
f 454//454 385//385 426//426
f 455//455 386//386 407//407
f 428//428 430//430 429//429
f 429//429 408//408 388//388
f 408//408 407//407 388//388
f 333//333 408//408 429//429
f 369//369 307//307 321//321
f 456//456 431//431 433//433
f 457//457 456//456 433//433
f 458//458 456//456 457//457
f 308//308 458//458 457//457
f 335//335 458//458 308//308
f 458//458 459//459 456//456
f 458//458 436//436 459//459
f 234//234 410//410 409//409
f 437//437 312//312 340//340
f 340//340 411//411 460//460
f 342//342 411//411 313//313
f 358//358 277//277 260//260
f 389//389 372//372 314//314
f 392//392 394//394 461//461
f 413//413 462//462 393//393
f 463//463 414//414 393//393
f 396//396 414//414 463//463
f 343//343 415//415 278//278
f 396//396 442//442 441//441
f 346//346 374//374 442//442
f 193//193 416//416 464//464
f 401//401 465//465 327//327
f 295//295 348//348 443//443
f 347//347 466//466 467//467
f 445//445 468//468 447//447
f 468//468 469//469 447//447
f 349//349 378//378 448//448
f 364//364 402//402 330//330
f 449//449 365//365 297//297
f 470//470 421//421 405//405
f 368//368 422//422 450//450
f 423//423 471//471 403//403
f 331//331 406//406 424//424
f 383//383 353//353 423//423
f 306//306 384//384 426//426
f 428//428 387//387 472//472
f 386//386 455//455 453//453
f 430//430 333//333 429//429
f 321//321 385//385 369//369
f 408//408 308//308 473//473
f 433//433 432//432 457//457
f 457//457 473//473 308//308
f 431//431 456//456 474//474
f 475//475 474//474 456//456
f 456//456 459//459 475//475
f 334//334 476//476 435//435
f 458//458 335//335 436//436
f 436//436 286//286 477//477
f 409//409 477//477 286//286
f 370//370 357//357 336//336
f 478//478 479//479 480//480
f 481//481 479//479 478//478
f 482//482 481//481 478//478
f 359//359 325//325 438//438
f 461//461 440//440 392//392
f 390//390 440//440 483//483
f 390//390 483//483 412//412
f 394//394 441//441 484//484
f 483//483 413//413 412//412
f 393//393 462//462 463//463
f 396//396 463//463 373//373
f 485//485 195//195 193//193
f 465//465 401//401 399//399
f 363//363 376//376 486//486
f 400//400 466//466 347//347
f 375//375 398//398 487//487
f 467//467 348//348 347//347
f 363//363 486//486 488//488
f 445//445 444//444 489//489
f 490//490 489//489 444//444
f 446//446 447//447 491//491
f 492//492 445//445 489//489
f 492//492 468//468 445//445
f 402//402 419//419 330//330
f 493//493 420//420 421//421
f 280//280 380//380 494//494
f 280//280 494//494 495//495
f 280//280 495//495 381//381
f 405//405 424//424 450//450
f 471//471 422//422 403//403
f 427//427 453//453 387//387
f 387//387 453//453 472//472
f 430//430 452//452 332//332
f 496//496 432//432 431//431
f 334//334 434//434 476//476
f 477//477 459//459 436//436
f 355//355 410//410 322//322
f 357//357 370//370 497//497
f 340//340 460//460 437//437
f 498//498 288//288 356//356
f 357//357 497//497 371//371
f 482//482 478//478 499//499
f 479//479 481//481 500//500
f 482//482 501//501 481//481
f 462//462 413//413 483//483
f 395//395 326//326 502//502
f 343//343 361//361 503//503
f 327//327 503//503 361//361
f 194//194 362//362 397//397
f 377//377 363//363 488//488
f 447//447 469//469 504//504
f 351//351 379//379 505//505
f 365//365 505//505 379//379
f 493//493 421//421 506//506
f 420//420 493//493 507//507
f 405//405 450//450 470//470
f 354//354 452//452 451//451
f 453//453 508//508 472//472
f 428//428 452//452 430//430
f 454//454 509//509 385//385
f 509//509 369//369 385//385
f 457//457 432//432 510//510
f 432//432 496//496 510//510
f 510//510 473//473 457//457
f 511//511 431//431 474//474
f 477//477 475//475 459//459
f 437//437 512//512 341//341
f 411//411 342//342 513//513
f 498//498 478//478 480//480
f 356//356 478//478 498//498
f 341//341 499//499 356//356
f 499//499 478//478 356//356
f 497//497 358//358 371//371
f 479//479 514//514 480//480
f 501//501 500//500 481//481
f 359//359 438//438 515//515
f 516//516 389//389 439//439
f 517//517 372//372 389//389
f 516//516 517//517 389//389
f 440//440 461//461 518//518
f 440//440 518//518 483//483
f 461//461 394//394 484//484
f 326//326 415//415 502//502
f 519//519 484//484 441//441
f 441//441 442//442 519//519
f 442//442 374//374 519//519
f 418//418 520//520 417//417
f 464//464 485//485 193//193
f 417//417 520//520 376//376
f 520//520 521//521 376//376
f 522//522 195//195 485//485
f 327//327 465//465 503//503
f 376//376 521//521 486//486
f 523//523 400//400 397//397
f 524//524 490//490 444//444
f 525//525 492//492 489//489
f 491//491 447//447 504//504
f 419//419 526//526 449//449
f 351//351 505//505 527//527
f 505//505 365//365 449//449
f 421//421 470//470 528//528
f 423//423 353//353 451//451
f 423//423 451//451 529//529
f 408//408 530//530 407//407
f 408//408 473//473 530//530
f 511//511 496//496 431//431
f 512//512 499//499 341//341
f 514//514 479//479 500//500
f 531//531 359//359 515//515
f 439//439 277//277 532//532
f 438//438 372//372 517//517
f 461//461 533//533 518//518
f 534//534 535//535 483//483
f 536//536 415//415 343//343
f 395//395 416//416 239//239
f 373//373 463//463 418//418
f 343//343 503//503 537//537
f 538//538 374//374 375//375
f 399//399 443//443 465//465
f 524//524 444//444 539//539
f 444//444 446//446 540//540
f 540//540 446//446 491//491
f 349//349 448//448 541//541
f 402//402 349//349 541//541
f 491//491 504//504 542//542
f 492//492 543//543 468//468
f 544//544 504//504 469//469
f 448//448 350//350 545//545
f 351//351 545//545 350//350
f 449//449 527//527 505//505
f 367//367 420//420 507//507
f 528//528 470//470 546//546
f 546//546 470//470 450//450
f 384//384 547//547 426//426
f 426//426 547//547 454//454
f 428//428 472//472 452//452
f 496//496 511//511 510//510
f 369//369 548//548 434//434
f 549//549 477//477 409//409
f 409//409 410//410 549//549
f 498//498 550//550 288//288
f 460//460 411//411 513//513
f 551//551 497//497 370//370
f 552//552 499//499 512//512
f 359//359 513//513 342//342
f 552//552 482//482 499//499
f 532//532 277//277 358//358
f 515//515 438//438 517//517
f 553//553 483//483 535//535
f 483//483 553//553 462//462
f 503//503 465//465 554//554
f 466//466 555//555 467//467
f 555//555 443//443 348//348
f 467//467 555//555 348//348
f 487//487 398//398 556//556
f 398//398 377//377 557//557
f 558//558 492//492 525//525
f 469//469 468//468 559//559
f 559//559 544//544 469//469
f 560//560 493//493 506//506
f 507//507 561//561 367//367
f 425//425 562//562 384//384
f 563//563 547//547 384//384
f 451//451 452//452 564//564
f 453//453 455//455 508//508
f 455//455 407//407 565//565
f 566//566 369//369 509//509
f 530//530 473//473 510//510
f 474//474 475//475 567//567
f 549//549 475//475 477//477
f 568//568 309//309 435//435
f 370//370 309//309 569//569
f 355//355 288//288 550//550
f 498//498 480//480 570//570
f 512//512 437//437 460//460
f 517//517 516//516 571//571
f 571//571 516//516 439//439
f 534//534 483//483 518//518
f 462//462 553//553 572//572
f 374//374 573//573 519//519
f 465//465 443//443 554//554
f 443//443 555//555 574//574
f 523//523 466//466 400//400
f 557//557 377//377 488//488
f 556//556 398//398 557//557
f 539//539 444//444 540//540
f 491//491 575//575 540//540
f 448//448 576//576 541//541
f 577//577 543//543 492//492
f 419//419 402//402 578//578
f 578//578 579//579 419//419
f 560//560 507//507 493//493
f 423//423 580//580 471//471
f 562//562 563//563 384//384
f 451//451 564//564 529//529
f 472//472 564//564 452//452
f 581//581 582//582 583//583
f 454//454 566//566 509//509
f 565//565 407//407 530//530
f 530//530 510//510 511//511
f 584//584 475//475 549//549
f 568//568 569//569 309//309
f 410//410 355//355 585//585
f 550//550 498//498 570//570
f 480//480 514//514 570//570
f 513//513 359//359 531//531
f 482//482 586//586 501//501
f 534//534 587//587 535//535
f 462//462 572//572 463//463
f 415//415 536//536 588//588
f 374//374 538//538 573//573
f 520//520 589//589 521//521
f 375//375 487//487 538//538
f 523//523 590//590 466//466
f 488//488 539//539 557//557
f 539//539 540//540 557//557
f 490//490 525//525 489//489
f 492//492 558//558 577//577
f 468//468 543//543 559//559
f 591//591 542//542 504//504
f 576//576 448//448 545//545
f 591//591 504//504 544//544
f 351//351 527//527 545//545
f 419//419 579//579 526//526
f 592//592 450//450 422//422
f 450//450 592//592 546//546
f 580//580 423//423 529//529
f 581//581 583//583 593//593
f 594//594 455//455 565//565
f 595//595 583//583 582//582
f 369//369 566//566 548//548
f 511//511 596//596 530//530
f 474//474 596//596 511//511
f 475//475 584//584 567//567
f 549//549 410//410 585//585
f 355//355 550//550 585//585
f 482//482 552//552 586//586
f 597//597 532//532 358//358
f 517//517 571//571 515//515
f 598//598 587//587 534//534
f 599//599 535//535 587//587
f 600//600 484//484 519//519
f 395//395 601//601 416//416
f 418//418 463//463 572//572
f 343//343 537//537 536//536
f 418//418 572//572 520//520
f 464//464 416//416 602//602
f 554//554 443//443 574//574
f 555//555 466//466 590//590
f 486//486 521//521 603//603
f 556//556 557//557 604//604
f 557//557 540//540 604//604
f 527//527 449//449 526//526
f 506//506 421//421 605//605
f 421//421 528//528 605//605
f 380//380 606//606 494//494
f 380//380 367//367 561//561
f 422//422 471//471 592//592
f 607//607 593//593 583//583
f 594//594 508//508 455//455
f 581//581 593//593 608//608
f 454//454 609//609 566//566
f 610//610 583//583 595//595
f 608//608 565//565 581//581
f 611//611 581//581 565//565
f 582//582 612//612 595//595
f 581//581 611//611 582//582
f 611//611 612//612 582//582
f 474//474 567//567 613//613
f 568//568 435//435 476//476
f 513//513 512//512 460//460
f 358//358 497//497 597//597
f 500//500 501//501 614//614
f 586//586 614//614 501//501
f 515//515 615//615 531//531
f 439//439 532//532 616//616
f 439//439 616//616 571//571
f 534//534 518//518 598//598
f 617//617 461//461 484//484
f 535//535 599//599 553//553
f 415//415 618//618 502//502
f 619//619 520//520 572//572
f 519//519 573//573 620//620
f 195//195 522//522 621//621
f 362//362 195//195 621//621
f 555//555 590//590 622//622
f 538//538 487//487 623//623
f 624//624 625//625 397//397
f 397//397 625//625 523//523
f 540//540 575//575 604//604
f 575//575 491//491 626//626
f 491//491 627//627 626//626
f 542//542 627//627 491//491
f 541//541 628//628 402//402
f 629//629 526//526 579//579
f 560//560 506//506 605//605
f 495//495 494//494 630//630
f 507//507 560//560 631//631
f 507//507 631//631 561//561
f 580//580 529//529 632//632
f 454//454 547//547 609//609
f 632//632 529//529 633//633
f 633//633 529//529 564//564
f 633//633 564//564 634//634
f 564//564 472//472 508//508
f 583//583 610//610 607//607
f 530//530 611//611 565//565
f 530//530 596//596 611//611
f 549//549 635//635 584//584
f 549//549 636//636 635//635
f 585//585 636//636 549//549
f 518//518 637//637 638//638
f 598//598 518//518 638//638
f 620//620 600//600 519//519
f 503//503 554//554 639//639
f 622//622 574//574 555//555
f 397//397 362//362 624//624
f 487//487 556//556 640//640
f 488//488 641//641 539//539
f 539//539 641//641 524//524
f 556//556 604//604 640//640
f 541//541 576//576 628//628
f 642//642 578//578 402//402
f 545//545 527//527 643//643
f 382//382 644//644 425//425
f 580//580 645//645 471//471
f 592//592 471//471 645//645
f 633//633 646//646 632//632
f 508//508 634//634 564//564
f 596//596 612//612 611//611
f 474//474 613//613 596//596
f 647//647 613//613 567//567
f 567//567 584//584 647//647
f 635//635 636//636 648//648
f 648//648 649//649 635//635
f 636//636 585//585 650//650
f 636//636 651//651 648//648
f 652//652 570//570 514//514
f 514//514 500//500 614//614
f 586//586 552//552 653//653
f 654//654 532//532 597//597
f 515//515 571//571 655//655
f 461//461 617//617 533//533
f 553//553 599//599 656//656
f 553//553 656//656 572//572
f 395//395 502//502 601//601
f 619//619 589//589 520//520
f 573//573 538//538 657//657
f 589//589 658//658 521//521
f 603//603 521//521 658//658
f 659//659 623//623 487//487
f 590//590 523//523 625//625
f 486//486 641//641 488//488
f 490//490 660//660 525//525
f 604//604 575//575 626//626
f 642//642 402//402 628//628
f 661//661 579//579 578//578
f 544//544 559//559 662//662
f 544//544 663//663 591//591
f 526//526 664//664 527//527
f 605//605 665//665 560//560
f 560//560 665//665 631//631
f 561//561 606//606 380//380
f 546//546 666//666 528//528
f 667//667 668//668 669//669
f 667//667 666//666 546//546
f 592//592 667//667 546//546
f 580//580 632//632 670//670
f 671//671 667//667 592//592
f 547//547 563//563 672//672
f 609//609 547//547 672//672
f 673//673 508//508 594//594
f 595//595 612//612 674//674
f 476//476 675//675 568//568
f 676//676 649//649 648//648
f 650//650 651//651 636//636
f 585//585 550//550 650//650
f 370//370 569//569 551//551
f 512//512 513//513 677//677
f 586//586 678//678 614//614
f 598//598 679//679 587//587
f 599//599 587//587 679//679
f 617//617 484//484 600//600
f 680//680 619//619 572//572
f 573//573 681//681 620//620
f 573//573 657//657 681//681
f 362//362 682//682 624//624
f 683//683 622//622 590//590
f 683//683 590//590 625//625
f 659//659 487//487 640//640
f 525//525 660//660 558//558
f 559//559 543//543 684//684
f 542//542 591//591 661//661
f 661//661 629//629 579//579
f 526//526 629//629 664//664
f 662//662 663//663 544//544
f 631//631 685//685 561//561
f 561//561 685//685 606//606
f 528//528 666//666 605//605
f 666//666 667//667 686//686
f 670//670 687//687 580//580
f 687//687 645//645 580//580
f 671//671 668//668 667//667
f 632//632 646//646 670//670
f 645//645 671//671 592//592
f 634//634 508//508 673//673
f 607//607 688//688 593//593
f 608//608 593//593 689//689
f 610//610 688//688 607//607
f 608//608 690//690 594//594
f 608//608 594//594 565//565
f 596//596 674//674 612//612
f 675//675 476//476 691//691
f 675//675 692//692 568//568
f 692//692 569//569 568//568
f 650//650 693//693 651//651
f 650//650 550//550 693//693
f 693//693 550//550 570//570
f 570//570 652//652 693//693
f 677//677 552//552 512//512
f 653//653 678//678 586//586
f 515//515 655//655 615//615
f 616//616 655//655 571//571
f 598//598 638//638 679//679
f 588//588 618//618 415//415
f 681//681 694//694 620//620
f 538//538 623//623 657//657
f 622//622 695//695 574//574
f 622//622 683//683 696//696
f 682//682 697//697 624//624
f 625//625 696//696 683//683
f 640//640 604//604 698//698
f 699//699 576//576 545//545
f 627//627 542//542 700//700
f 542//542 661//661 700//700
f 664//664 643//643 527//527
f 662//662 701//701 663//663
f 702//702 701//701 662//662
f 703//703 381//381 495//495
f 382//382 381//381 704//704
f 669//669 686//686 667//667
f 705//705 670//670 646//646
f 593//593 688//688 689//689
f 706//706 610//610 595//595
f 566//566 707//707 548//548
f 674//674 708//708 595//595
f 548//548 707//707 434//434
f 648//648 709//709 676//676
f 651//651 709//709 648//648
f 652//652 514//514 614//614
f 551//551 710//710 497//497
f 711//711 513//513 531//531
f 710//710 597//597 497//497
f 617//617 600//600 712//712
f 712//712 600//600 713//713
f 599//599 679//679 714//714
f 502//502 715//715 601//601
f 600//600 620//620 694//694
f 589//589 716//716 658//658
f 695//695 622//622 696//696
f 682//682 717//717 697//697
f 625//625 624//624 697//697
f 604//604 718//718 698//698
f 604//604 626//626 718//718
f 719//719 543//543 720//720
f 684//684 543//543 719//719
f 699//699 545//545 643//643
f 643//643 664//664 721//721
f 559//559 684//684 662//662
f 663//663 722//722 723//723
f 701//701 722//722 663//663
f 701//701 702//702 724//724
f 723//723 722//722 725//725
f 722//722 701//701 726//726
f 724//724 726//726 701//701
f 703//703 704//704 381//381
f 605//605 666//666 665//665
f 665//665 666//666 727//727
f 728//728 670//670 705//705
f 669//669 668//668 729//729
f 562//562 425//425 730//730
f 633//633 634//634 646//646
f 634//634 731//731 646//646
f 634//634 673//673 731//731
f 608//608 689//689 690//690
f 673//673 594//594 690//690
f 688//688 610//610 706//706
f 595//595 708//708 706//706
f 691//691 476//476 434//434
f 674//674 596//596 613//613
f 647//647 584//584 732//732
f 584//584 635//635 732//732
f 635//635 649//649 732//732
f 709//709 651//651 733//733
f 652//652 614//614 734//734
f 513//513 711//711 677//677
f 653//653 552//552 677//677
f 654//654 616//616 532//532
f 617//617 735//735 533//533
f 638//638 736//736 679//679
f 572//572 656//656 680//680
f 639//639 537//537 503//503
f 464//464 737//737 485//485
f 554//554 574//574 738//738
f 621//621 522//522 739//739
f 621//621 682//682 362//362
f 625//625 697//697 696//696
f 658//658 740//740 603//603
f 641//641 741//741 524//524
f 741//741 490//490 524//524
f 660//660 490//490 742//742
f 626//626 627//627 743//743
f 628//628 576//576 699//699
f 543//543 577//577 720//720
f 700//700 744//744 627//627
f 578//578 700//700 661//661
f 591//591 745//745 661//661
f 664//664 629//629 746//746
f 747//747 724//724 702//702
f 725//725 722//722 726//726
f 728//728 748//748 670//670
f 670//670 748//748 749//749
f 670//670 749//749 687//687
f 729//729 686//686 669//669
f 668//668 671//671 729//729
f 645//645 687//687 671//671
f 676//676 732//732 649//649
f 709//709 750//750 676//676
f 733//733 651//651 693//693
f 711//711 531//531 615//615
f 617//617 712//712 735//735
f 679//679 736//736 751//751
f 618//618 715//715 502//502
f 600//600 694//694 713//713
f 522//522 485//485 739//739
f 740//740 752//752 603//603
f 603//603 752//752 486//486
f 640//640 698//698 659//659
f 641//641 486//486 752//752
f 641//641 752//752 753//753
f 641//641 753//753 741//741
f 741//741 742//742 490//490
f 660//660 754//754 558//558
f 626//626 743//743 755//755
f 700//700 578//578 744//744
f 591//591 663//663 745//745
f 662//662 684//684 756//756
f 663//663 723//723 745//745
f 662//662 756//756 702//702
f 724//724 494//494 726//726
f 630//630 494//494 724//724
f 495//495 630//630 703//703
f 757//757 665//665 727//727
f 666//666 686//686 757//757
f 727//727 666//666 757//757
f 728//728 705//705 758//758
f 644//644 730//730 425//425
f 646//646 759//759 705//705
f 760//760 731//731 673//673
f 760//760 673//673 690//690
f 609//609 761//761 566//566
f 566//566 761//761 762//762
f 762//762 707//707 566//566
f 707//707 691//691 434//434
f 647//647 763//763 613//613
f 732//732 763//763 647//647
f 693//693 652//652 764//764
f 710//710 551//551 765//765
f 614//614 678//678 734//734
f 615//615 655//655 766//766
f 637//637 767//767 638//638
f 679//679 751//751 714//714
f 599//599 714//714 656//656
f 536//536 537//537 768//768
f 416//416 601//601 602//602
f 619//619 769//769 589//589
f 589//589 769//769 716//716
f 657//657 770//770 681//681
f 737//737 771//771 485//485
f 485//485 771//771 739//739
f 574//574 695//695 772//772
f 696//696 697//697 695//695
f 695//695 697//697 773//773
f 626//626 755//755 718//718
f 743//743 627//627 744//744
f 642//642 744//744 578//578
f 643//643 774//774 699//699
f 719//719 775//775 684//684
f 746//746 629//629 745//745
f 745//745 629//629 661//661
f 746//746 721//721 664//664
f 702//702 756//756 747//747
f 494//494 606//606 725//725
f 726//726 494//494 725//725
f 776//776 630//630 724//724
f 665//665 777//777 631//631
f 777//777 685//685 631//631
f 665//665 757//757 777//777
f 748//748 728//728 778//778
f 728//728 758//758 778//778
f 729//729 779//779 686//686
f 779//779 757//757 686//686
f 687//687 749//749 671//671
f 760//760 690//690 780//780
f 674//674 613//613 763//763
f 709//709 733//733 781//781
f 569//569 782//782 783//783
f 569//569 783//783 551//551
f 766//766 711//711 615//615
f 616//616 654//654 784//784
f 533//533 735//735 785//785
f 736//736 638//638 786//786
f 694//694 681//681 770//770
f 621//621 787//787 682//682
f 642//642 628//628 788//788
f 643//643 721//721 789//789
f 747//747 756//756 790//790
f 745//745 723//723 746//746
f 777//777 791//791 792//792
f 793//793 685//685 777//777
f 777//777 757//757 791//791
f 794//794 748//748 778//778
f 748//748 794//794 749//749
f 729//729 671//671 779//779
f 779//779 671//671 795//795
f 758//758 705//705 759//759
f 759//759 646//646 796//796
f 796//796 646//646 731//731
f 760//760 780//780 797//797
f 708//708 798//798 706//706
f 674//674 763//763 708//708
f 675//675 691//691 692//692
f 799//799 676//676 750//750
f 692//692 782//782 569//569
f 709//709 781//781 750//750
f 652//652 734//734 764//764
f 783//783 765//765 551//551
f 711//711 766//766 677//677
f 597//597 710//710 654//654
f 769//769 619//619 680//680
f 574//574 772//772 738//738
f 787//787 621//621 739//739
f 717//717 773//773 697//697
f 720//720 800//800 719//719
f 628//628 699//699 788//788
f 684//684 775//775 756//756
f 790//790 756//756 801//801
f 802//802 704//704 703//703
f 791//791 803//803 804//804
f 805//805 606//606 685//685
f 685//685 793//793 805//805
f 779//779 803//803 791//791
f 791//791 757//757 779//779
f 806//806 758//758 759//759
f 807//807 563//563 562//562
f 563//563 808//808 672//672
f 797//797 780//780 809//809
f 780//780 690//690 689//689
f 762//762 691//691 707//707
f 732//732 676//676 810//810
f 781//781 733//733 811//811
f 766//766 812//812 653//653
f 766//766 813//813 812//812
f 812//812 814//814 815//815
f 813//813 814//814 812//812
f 816//816 815//815 814//814
f 518//518 533//533 785//785
f 767//767 786//786 638//638
f 712//712 713//713 817//817
f 818//818 656//656 714//714
f 819//819 656//656 818//818
f 680//680 656//656 819//819
f 602//602 737//737 464//464
f 657//657 771//771 770//770
f 716//716 740//740 658//658
f 820//820 739//739 821//821
f 657//657 821//821 771//771
f 657//657 623//623 821//821
f 623//623 659//659 821//821
f 695//695 773//773 822//822
f 822//822 773//773 717//717
f 742//742 754//754 660//660
f 719//719 800//800 823//823
f 774//774 643//643 789//789
f 775//775 801//801 756//756
f 747//747 776//776 724//724
f 792//792 791//791 804//804
f 671//671 749//749 795//795
f 806//806 759//759 796//796
f 672//672 824//824 609//609
f 731//731 760//760 796//796
f 780//780 825//825 809//809
f 780//780 826//826 825//825
f 689//689 826//826 780//780
f 688//688 826//826 689//689
f 706//706 827//827 688//688
f 810//810 763//763 732//732
f 692//692 828//828 782//782
f 677//677 766//766 653//653
f 518//518 785//785 637//637
f 736//736 786//786 751//751
f 829//829 714//714 830//830
f 751//751 830//830 714//714
f 829//829 818//818 714//714
f 536//536 768//768 588//588
f 713//713 694//694 831//831
f 694//694 770//770 831//831
f 739//739 771//771 821//821
f 740//740 716//716 832//832
f 820//820 787//787 739//739
f 717//717 682//682 833//833
f 740//740 753//753 752//752
f 741//741 753//753 834//834
f 755//755 743//743 788//788
f 744//744 788//788 743//743
f 788//788 744//744 642//642
f 823//823 775//775 719//719
f 776//776 835//835 630//630
f 805//805 836//836 606//606
f 793//793 777//777 805//805
f 803//803 837//837 804//804
f 794//794 778//778 758//758
f 838//838 794//794 758//758
f 795//795 803//803 779//779
f 730//730 644//644 839//839
f 824//824 761//761 609//609
f 797//797 809//809 840//840
f 841//841 796//796 760//760
f 842//842 692//692 691//691
f 676//676 843//843 810//810
f 733//733 693//693 811//811
f 844//844 678//678 812//812
f 653//653 812//812 678//678
f 812//812 815//815 844//844
f 845//845 766//766 846//846
f 845//845 813//813 766//766
f 766//766 655//655 846//846
f 784//784 846//846 655//655
f 616//616 784//784 655//655
f 813//813 847//847 814//814
f 637//637 848//848 767//767
f 849//849 735//735 712//712
f 786//786 830//830 751//751
f 715//715 618//618 850//850
f 680//680 851//851 769//769
f 737//737 602//602 770//770
f 769//769 832//832 716//716
f 737//737 770//770 771//771
f 852//852 695//695 822//822
f 833//833 852//852 717//717
f 717//717 852//852 822//822
f 740//740 853//853 753//753
f 698//698 854//854 659//659
f 741//741 834//834 855//855
f 856//856 558//558 754//754
f 857//857 558//558 856//856
f 857//857 577//577 558//558
f 720//720 858//858 800//800
f 788//788 859//859 755//755
f 577//577 857//857 720//720
f 788//788 699//699 774//774
f 746//746 860//860 721//721
f 790//790 861//861 747//747
f 776//776 747//747 861//861
f 862//862 792//792 804//804
f 725//725 606//606 863//863
f 864//864 630//630 865//865
f 777//777 792//792 805//805
f 803//803 795//795 837//837
f 749//749 794//794 866//866
f 749//749 866//866 795//795
f 758//758 806//806 838//838
f 730//730 807//807 562//562
f 563//563 807//807 808//808
f 808//808 824//824 672//672
f 867//867 806//806 796//796
f 840//840 868//868 797//797
f 760//760 797//797 841//841
f 825//825 840//840 809//809
f 824//824 762//762 761//761
f 826//826 688//688 827//827
f 763//763 810//810 708//708
f 843//843 676//676 799//799
f 811//811 693//693 764//764
f 654//654 869//869 784//784
f 814//814 847//847 870//870
f 819//819 851//851 680//680
f 713//713 831//831 817//817
f 871//871 602//602 601//601
f 537//537 639//639 872//872
f 554//554 738//738 639//639
f 832//832 853//853 740//740
f 755//755 859//859 718//718
f 800//800 858//858 823//823
f 801//801 873//873 790//790
f 723//723 874//874 875//875
f 725//725 874//874 723//723
f 863//863 874//874 725//725
f 876//876 877//877 865//865
f 865//865 630//630 876//876
f 835//835 876//876 630//630
f 865//865 877//877 878//878
f 796//796 841//841 867//867
f 706//706 798//798 827//827
f 764//764 734//734 879//879
f 879//879 734//734 678//678
f 814//814 870//870 816//816
f 785//785 880//880 637//637
f 637//637 880//880 848//848
f 735//735 849//849 785//785
f 767//767 830//830 786//786
f 712//712 817//817 849//849
f 881//881 618//618 588//588
f 682//682 787//787 833//833
f 821//821 659//659 820//820
f 834//834 753//753 853//853
f 741//741 855//855 882//882
f 882//882 742//742 741//741
f 698//698 883//883 854//854
f 883//883 698//698 718//718
f 858//858 801//801 823//823
f 801//801 775//775 823//823
f 789//789 721//721 774//774
f 721//721 860//860 884//884
f 723//723 875//875 860//860
f 723//723 860//860 746//746
f 876//876 885//885 886//886
f 877//877 876//876 886//886
f 885//885 876//876 835//835
f 835//835 776//776 887//887
f 804//804 888//888 862//862
f 865//865 878//878 864//864
f 606//606 836//836 863//863
f 804//804 837//837 889//889
f 824//824 890//890 762//762
f 825//825 826//826 891//891
f 708//708 892//892 798//798
f 893//893 842//842 894//894
f 842//842 895//895 692//692
f 828//828 896//896 782//782
f 783//783 782//782 897//897
f 896//896 897//897 782//782
f 879//879 678//678 844//844
f 815//815 816//816 844//844
f 845//845 847//847 813//813
f 898//898 829//829 830//830
f 899//899 818//818 829//829
f 899//899 819//819 818//818
f 601//601 715//715 871//871
f 769//769 900//900 832//832
f 695//695 852//852 772//772
f 882//882 855//855 901//901
f 882//882 754//754 742//742
f 902//902 856//856 754//754
f 720//720 857//857 858//858
f 801//801 858//858 903//903
f 788//788 774//774 859//859
f 774//774 721//721 884//884
f 790//790 873//873 861//861
f 861//861 904//904 776//776
f 886//886 864//864 877//877
f 888//888 804//804 889//889
f 792//792 862//862 805//805
f 877//877 864//864 905//905
f 905//905 864//864 878//878
f 703//703 906//906 802//802
f 837//837 795//795 866//866
f 907//907 794//794 838//838
f 730//730 839//839 807//807
f 908//908 808//808 807//807
f 824//824 808//808 908//908
f 841//841 797//797 868//868
f 825//825 909//909 840//840
f 825//825 891//891 909//909
f 762//762 890//890 691//691
f 827//827 891//891 826//826
f 691//691 894//894 842//842
f 895//895 842//842 893//893
f 692//692 895//895 828//828
f 828//828 910//910 896//896
f 911//911 783//783 897//897
f 911//911 765//765 783//783
f 879//879 844//844 912//912
f 844//844 913//913 912//912
f 816//816 913//913 844//844
f 784//784 914//914 846//846
f 880//880 915//915 848//848
f 767//767 848//848 898//898
f 767//767 898//898 830//830
f 881//881 588//588 916//916
f 819//819 917//917 851//851
f 872//872 768//768 537//537
f 602//602 831//831 770//770
f 900//900 769//769 851//851
f 833//833 918//918 852//852
f 787//787 820//820 919//919
f 659//659 920//920 820//820
f 882//882 921//921 754//754
f 921//921 902//902 754//754
f 859//859 883//883 718//718
f 859//859 774//774 884//884
f 922//922 886//886 885//885
f 862//862 888//888 923//923
f 630//630 864//864 924//924
f 703//703 630//630 924//924
f 925//925 905//905 878//878
f 837//837 866//866 889//889
f 907//907 866//866 794//794
f 839//839 926//926 807//807
f 926//926 908//908 807//807
f 824//824 908//908 890//890
f 841//841 868//868 927//927
f 867//867 841//841 927//927
f 909//909 868//868 840//840
f 810//810 892//892 708//708
f 843//843 892//892 810//810
f 811//811 928//928 781//781
f 896//896 929//929 897//897
f 765//765 930//930 710//710
f 869//869 914//914 784//784
f 914//914 845//845 846//846
f 816//816 931//931 932//932
f 849//849 933//933 785//785
f 898//898 848//848 915//915
f 849//849 817//817 933//933
f 829//829 898//898 934//934
f 899//899 829//829 934//934
f 850//850 618//618 881//881
f 819//819 899//899 917//917
f 831//831 602//602 871//871
f 851//851 935//935 900//900
f 919//919 833//833 787//787
f 903//903 858//858 857//857
f 936//936 884//884 860//860
f 885//885 835//835 887//887
f 924//924 886//886 922//922
f 924//924 864//864 886//886
f 877//877 937//937 878//878
f 878//878 937//937 925//925
f 703//703 924//924 906//906
f 805//805 862//862 923//923
f 938//938 644//644 382//382
f 907//907 838//838 939//939
f 890//890 894//894 691//691
f 928//928 750//750 781//781
f 879//879 940//940 764//764
f 941//941 930//930 765//765
f 654//654 930//930 869//869
f 710//710 930//930 654//654
f 816//816 870//870 931//931
f 880//880 785//785 933//933
f 738//738 942//942 639//639
f 920//920 919//919 820//820
f 659//659 854//854 920//920
f 943//943 855//855 834//834
f 901//901 855//855 943//943
f 901//901 944//944 882//882
f 882//882 944//944 921//921
f 945//945 857//857 856//856
f 903//903 857//857 945//945
f 860//860 875//875 946//946
f 885//885 947//947 922//922
f 887//887 776//776 904//904
f 937//937 877//877 905//905
f 805//805 923//923 948//948
f 949//949 926//926 839//839
f 908//908 926//926 950//950
f 909//909 927//927 868//868
f 798//798 891//891 827//827
f 843//843 799//799 951//951
f 928//928 811//811 940//940
f 811//811 764//764 940//940
f 913//913 816//816 932//932
f 914//914 952//952 845//845
f 845//845 952//952 847//847
f 847//847 953//953 870//870
f 880//880 933//933 954//954
f 915//915 880//880 954//954
f 915//915 955//955 898//898
f 898//898 955//955 934//934
f 817//817 831//831 933//933
f 917//917 899//899 934//934
f 917//917 935//935 851//851
f 872//872 639//639 942//942
f 832//832 956//956 853//853
f 834//834 853//853 943//943
f 957//957 901//901 943//943
f 883//883 859//859 958//958
f 945//945 856//856 959//959
f 958//958 859//859 936//936
f 859//859 884//884 936//936
f 873//873 960//960 861//861
f 887//887 947//947 885//885
f 961//961 937//937 905//905
f 925//925 962//962 961//961
f 961//961 905//905 925//925
f 863//863 836//836 963//963
f 964//964 836//836 948//948
f 948//948 836//836 805//805
f 938//938 382//382 704//704
f 866//866 907//907 965//965
f 926//926 949//949 950//950
f 806//806 966//966 838//838
f 806//806 867//867 966//966
f 798//798 892//892 891//891
f 967//967 910//910 828//828
f 912//912 940//940 879//879
f 929//929 911//911 897//897
f 968//968 765//765 911//911
f 969//969 952//952 914//914
f 952//952 953//953 847//847
f 930//930 970//970 971//971
f 971//971 970//970 972//972
f 970//970 973//973 972//972
f 973//973 970//970 974//974
f 954//954 955//955 915//915
f 934//934 955//955 917//917
f 975//975 933//933 831//831
f 588//588 768//768 916//916
f 917//917 976//976 935//935
f 772//772 852//852 918//918
f 919//919 977//977 833//833
f 944//944 901//901 957//957
f 902//902 959//959 856//856
f 978//978 888//888 889//889
f 966//966 939//939 838//838
f 927//927 909//909 979//979
f 891//891 980//980 909//909
f 892//892 843//843 951//951
f 799//799 981//981 951//951
f 799//799 750//750 981//981
f 928//928 981//981 750//750
f 912//912 982//982 940//940
f 983//983 896//896 910//910
f 929//929 984//984 911//911
f 983//983 929//929 896//896
f 968//968 941//941 765//765
f 983//983 984//984 929//929
f 914//914 869//869 969//969
f 971//971 869//869 930//930
f 985//985 970//970 930//930
f 986//986 970//970 985//985
f 970//970 986//986 974//974
f 954//954 933//933 975//975
f 955//955 954//954 976//976
f 954//954 975//975 976//976
f 955//955 976//976 917//917
f 900//900 987//987 832//832
f 988//988 853//853 956//956
f 903//903 945//945 989//989
f 903//903 990//990 801//801
f 861//861 991//991 904//904
f 874//874 992//992 875//875
f 924//924 922//922 993//993
f 994//994 925//925 937//937
f 863//863 963//963 874//874
f 923//923 888//888 995//995
f 836//836 964//964 963//963
f 978//978 889//889 965//965
f 889//889 866//866 965//965
f 867//867 927//927 966//966
f 893//893 894//894 996//996
f 892//892 951//951 997//997
f 895//895 967//967 828//828
f 930//930 941//941 985//985
f 913//913 932//932 998//998
f 871//871 715//715 999//999
f 916//916 768//768 1000//1000
f 935//935 976//976 1001//1001
f 900//900 935//935 1001//1001
f 832//832 987//987 956//956
f 918//918 833//833 977//977
f 920//920 977//977 919//919
f 854//854 883//883 920//920
f 943//943 1002//1002 957//957
f 902//902 944//944 957//957
f 944//944 902//902 921//921
f 883//883 958//958 1003//1003
f 989//989 990//990 903//903
f 801//801 1004//1004 873//873
f 946//946 875//875 992//992
f 947//947 993//993 922//922
f 962//962 925//925 994//994
f 1005//1005 962//962 994//994
f 1006//1006 995//995 888//888
f 923//923 995//995 948//948
f 948//948 995//995 964//964
f 907//907 1007//1007 965//965
f 939//939 1007//1007 907//907
f 950//950 949//949 1008//1008
f 966//966 1009//1009 939//939
f 909//909 980//980 979//979
f 891//891 1010//1010 980//980
f 891//891 892//892 1010//1010
f 892//892 997//997 1011//1011
f 967//967 1012//1012 910//910
f 940//940 982//982 1013//1013
f 912//912 998//998 982//982
f 998//998 912//912 913//913
f 971//971 972//972 1014//1014
f 1015//1015 986//986 985//985
f 1016//1016 1017//1017 972//972
f 1018//1018 1016//1016 972//972
f 974//974 1019//1019 973//973
f 715//715 850//850 999//999
f 1001//1001 987//987 900//900
f 977//977 1020//1020 918//918
f 959//959 1021//1021 945//945
f 1021//1021 989//989 945//945
f 990//990 1004//1004 801//801
f 860//860 946//946 936//936
f 1022//1022 993//993 947//947
f 947//947 887//887 1022//1022
f 937//937 961//961 994//994
f 1023//1023 961//961 962//962
f 962//962 1005//1005 1023//1023
f 1006//1006 888//888 978//978
f 938//938 704//704 1024//1024
f 938//938 1025//1025 644//644
f 644//644 1025//1025 839//839
f 1025//1025 949//949 839//839
f 1026//1026 949//949 1025//1025
f 1027//1027 939//939 1009//1009
f 950//950 1028//1028 908//908
f 966//966 1029//1029 1030//1030
f 1028//1028 1031//1031 908//908
f 966//966 927//927 1029//1029
f 908//908 1031//1031 890//890
f 927//927 979//979 1029//1029
f 894//894 890//890 1031//1031
f 1031//1031 996//996 894//894
f 981//981 928//928 1032//1032
f 940//940 1013//1013 928//928
f 911//911 1033//1033 968//968
f 1034//1034 984//984 983//983
f 985//985 941//941 1035//1035
f 869//869 971//971 1014//1014
f 985//985 1035//1035 1015//1015
f 986//986 1015//1015 1036//1036
f 974//974 986//986 1036//1036
f 972//972 973//973 1018//1018
f 831//831 871//871 1037//1037
f 872//872 1000//1000 768//768
f 1038//1038 1000//1000 872//872
f 1038//1038 872//872 942//942
f 772//772 918//918 738//738
f 1039//1039 902//902 957//957
f 1039//1039 957//957 1002//1002
f 1004//1004 960//960 873//873
f 904//904 1040//1040 887//887
f 995//995 1006//1006 1041//1041
f 1042//1042 965//965 1007//1007
f 1010//1010 892//892 1011//1011
f 981//981 997//997 951//951
f 1032//1032 928//928 1043//1043
f 911//911 984//984 1033//1033
f 1044//1044 982//982 998//998
f 1045//1045 1033//1033 984//984
f 1035//1035 941//941 968//968
f 984//984 1034//1034 1045//1045
f 983//983 1046//1046 1034//1034
f 1014//1014 969//969 869//869
f 1014//1014 952//952 969//969
f 952//952 1014//1014 953//953
f 1018//1018 973//973 1019//1019
f 974//974 1036//1036 1019//1019
f 1037//1037 975//975 831//831
f 999//999 1037//1037 871//871
f 853//853 1047//1047 943//943
f 943//943 1047//1047 1002//1002
f 959//959 902//902 1039//1039
f 958//958 936//936 1048//1048
f 960//960 1004//1004 1049//1049
f 993//993 906//906 924//924
f 704//704 802//802 1024//1024
f 1050//1050 978//978 965//965
f 1042//1042 1050//1050 965//965
f 1007//1007 939//939 1027//1027
f 1026//1026 1008//1008 949//949
f 1027//1027 1009//1009 1051//1051
f 1009//1009 966//966 1030//1030
f 1052//1052 1030//1030 1029//1029
f 979//979 1053//1053 1029//1029
f 979//979 980//980 1054//1054
f 1055//1055 980//980 1010//1010
f 1011//1011 1056//1056 1010//1010
f 1056//1056 1011//1011 1057//1057
f 928//928 1058//1058 1043//1043
f 928//928 1013//1013 1058//1058
f 1012//1012 1059//1059 910//910
f 910//910 1059//1059 983//983
f 1044//1044 1013//1013 982//982
f 932//932 1060//1060 998//998
f 932//932 931//931 1060//1060
f 1061//1061 953//953 1014//1014
f 1016//1016 1018//1018 1017//1017
f 1019//1019 1036//1036 1062//1062
f 1047//1047 853//853 988//988
f 959//959 1039//1039 1021//1021
f 1002//1002 1021//1021 1039//1039
f 989//989 1021//1021 1063//1063
f 960//960 1064//1064 861//861
f 887//887 1040//1040 1022//1022
f 992//992 874//874 1065//1065
f 994//994 1023//1023 1066//1066
f 961//961 1023//1023 994//994
f 1067//1067 1006//1006 1068//1068
f 1041//1041 1006//1006 1067//1067
f 1006//1006 1050//1050 1068//1068
f 1006//1006 978//978 1050//1050
f 1042//1042 1007//1007 1069//1069
f 1029//1029 1053//1053 1052//1052
f 1053//1053 979//979 1054//1054
f 996//996 1070//1070 893//893
f 981//981 1071//1071 997//997
f 981//981 1032//1032 1072//1072
f 931//931 870//870 1073//1073
f 953//953 1073//1073 870//870
f 1014//1014 972//972 1061//1061
f 975//975 1074//1074 976//976
f 916//916 1075//1075 881//881
f 1001//1001 1076//1076 987//987
f 1077//1077 1038//1038 942//942
f 956//956 987//987 1078//1078
f 918//918 1079//1079 738//738
f 988//988 1080//1080 1047//1047
f 1064//1064 991//991 861//861
f 991//991 1040//1040 904//904
f 1065//1065 874//874 963//963
f 994//994 1066//1066 1005//1005
f 1024//1024 802//802 1081//1081
f 1050//1050 1082//1082 1068//1068
f 1083//1083 995//995 1041//1041
f 1084//1084 1027//1027 1051//1051
f 1085//1085 1027//1027 1084//1084
f 1007//1007 1027//1027 1085//1085
f 1051//1051 1009//1009 1086//1086
f 1009//1009 1030//1030 1086//1086
f 950//950 1008//1008 1028//1028
f 1053//1053 1054//1054 1087//1087
f 1054//1054 980//980 1055//1055
f 1088//1088 1032//1032 1043//1043
f 1059//1059 1012//1012 1089//1089
f 1044//1044 1090//1090 1013//1013
f 1046//1046 983//983 1059//1059
f 998//998 1091//1091 1044//1044
f 998//998 1092//1092 1093//1093
f 1094//1094 1033//1033 1045//1045
f 968//968 1094//1094 1035//1035
f 1095//1095 1045//1045 1034//1034
f 1073//1073 1060//1060 931//931
f 1034//1034 1046//1046 1096//1096
f 953//953 1061//1061 1073//1073
f 1034//1034 1096//1096 1095//1095
f 1036//1036 1097//1097 1062//1062
f 1037//1037 1098//1098 975//975
f 881//881 1075//1075 850//850
f 738//738 1077//1077 942//942
f 918//918 1020//1020 1079//1079
f 956//956 1099//1099 988//988
f 1100//1100 1020//1020 977//977
f 920//920 1100//1100 977//977
f 989//989 1063//1063 1101//1101
f 989//989 1101//1101 990//990
f 990//990 1049//1049 1004//1004
f 1048//1048 936//936 1102//1102
f 936//936 946//946 1102//1102
f 946//946 992//992 1103//1103
f 993//993 1104//1104 906//906
f 1083//1083 1041//1041 1067//1067
f 938//938 1105//1105 1025//1025
f 1042//1042 1069//1069 1050//1050
f 1085//1085 1069//1069 1007//1007
f 1106//1106 1086//1086 1030//1030
f 1052//1052 1106//1106 1030//1030
f 1087//1087 1052//1052 1053//1053
f 1087//1087 1054//1054 1107//1107
f 1031//1031 1108//1108 996//996
f 1010//1010 1109//1109 1055//1055
f 1010//1010 1056//1056 1109//1109
f 1056//1056 1057//1057 1110//1110
f 1057//1057 1011//1011 997//997
f 981//981 1072//1072 1111//1111
f 895//895 1012//1012 967//967
f 1072//1072 1032//1032 1088//1088
f 1112//1112 1043//1043 1058//1058
f 968//968 1033//1033 1094//1094
f 1044//1044 1091//1091 1090//1090
f 998//998 1093//1093 1091//1091
f 998//998 1060//1060 1092//1092
f 1035//1035 1094//1094 1113//1113
f 1017//1017 1061//1061 972//972
f 975//975 1098//1098 1074//1074
f 1001//1001 976//976 1074//1074
f 1076//1076 1078//1078 987//987
f 1002//1002 1063//1063 1021//1021
f 1101//1101 1049//1049 990//990
f 1022//1022 1104//1104 993//993
f 802//802 906//906 1114//1114
f 1068//1068 1115//1115 1067//1067
f 1067//1067 1115//1115 1083//1083
f 995//995 1116//1116 964//964
f 1117//1117 995//995 1083//1083
f 938//938 1024//1024 1105//1105
f 1069//1069 1082//1082 1050//1050
f 1052//1052 1118//1118 1106//1106
f 1087//1087 1107//1107 1119//1119
f 1056//1056 1110//1110 1109//1109
f 997//997 1071//1071 1057//1057
f 1111//1111 1120//1120 981//981
f 1111//1111 1121//1121 1122//1122
f 1072//1072 1121//1121 1111//1111
f 1072//1072 1088//1088 1121//1121
f 1123//1123 1088//1088 1043//1043
f 1123//1123 1043//1043 1112//1112
f 1089//1089 1124//1124 1059//1059
f 1125//1125 1093//1093 1092//1092
f 1060//1060 1126//1126 1092//1092
f 1045//1045 1095//1095 1094//1094
f 1060//1060 1127//1127 1126//1126
f 1127//1127 1128//1128 1126//1126
f 1126//1126 1128//1128 1129//1129
f 1130//1130 1017//1017 1018//1018
f 1015//1015 1131//1131 1036//1036
f 1018//1018 1019//1019 1132//1132
f 1075//1075 1133//1133 850//850
f 1133//1133 999//999 850//850
f 1079//1079 1077//1077 738//738
f 1099//1099 956//956 1078//1078
f 1049//1049 1134//1134 960//960
f 960//960 1134//1134 1064//1064
f 964//964 1116//1116 963//963
f 1116//1116 995//995 1117//1117
f 1135//1135 1085//1085 1084//1084
f 1051//1051 1086//1086 1136//1136
f 1051//1051 1136//1136 1084//1084
f 1137//1137 1031//1031 1028//1028
f 1054//1054 1138//1138 1107//1107
f 1138//1138 1054//1054 1055//1055
f 893//893 1139//1139 895//895
f 981//981 1120//1120 1071//1071
f 1122//1122 1120//1120 1111//1111
f 895//895 1089//1089 1012//1012
f 1121//1121 1140//1140 1122//1122
f 1124//1124 1141//1141 1059//1059
f 1059//1059 1141//1141 1046//1046
f 1125//1125 1092//1092 1093//1093
f 1125//1125 1142//1142 1092//1092
f 1141//1141 1143//1143 1046//1046
f 1092//1092 1126//1126 1093//1093
f 1093//1093 1126//1126 1129//1129
f 1060//1060 1073//1073 1127//1127
f 1143//1143 1096//1096 1046//1046
f 1129//1129 1128//1128 1144//1144
f 1035//1035 1145//1145 1015//1015
f 1015//1015 1145//1145 1131//1131
f 1097//1097 1036//1036 1131//1131
f 1019//1019 1062//1062 1132//1132
f 1146//1146 1001//1001 1074//1074
f 1001//1001 1146//1146 1076//1076
f 1147//1147 1002//1002 1047//1047
f 883//883 1003//1003 1148//1148
f 1063//1063 1002//1002 1147//1147
f 1003//1003 958//958 1048//1048
f 1103//1103 992//992 1065//1065
f 1114//1114 906//906 1104//1104
f 1115//1115 1068//1068 1149//1149
f 1081//1081 802//802 1114//1114
f 1083//1083 1115//1115 1117//1117
f 963//963 1116//1116 1150//1150
f 1135//1135 1151//1151 1085//1085
f 1069//1069 1085//1085 1152//1152
f 1052//1052 1087//1087 1153//1153
f 1137//1137 1108//1108 1031//1031
f 1087//1087 1119//1119 1154//1154
f 1119//1119 1107//1107 1155//1155
f 996//996 1156//1156 1070//1070
f 1055//1055 1109//1109 1157//1157
f 1110//1110 1057//1057 1158//1158
f 1057//1057 1071//1071 1158//1158
f 1140//1140 1159//1159 1122//1122
f 1160//1160 1120//1120 1122//1122
f 895//895 1139//1139 1089//1089
f 1161//1161 1140//1140 1121//1121
f 1088//1088 1162//1162 1121//1121
f 1121//1121 1162//1162 1163//1163
f 1162//1162 1088//1088 1123//1123
f 1112//1112 1058//1058 1013//1013
f 1125//1125 1092//1092 1142//1142
f 1061//1061 1164//1164 1073//1073
f 1073//1073 1165//1165 1127//1127
f 1061//1061 1017//1017 1164//1164
f 1164//1164 1017//1017 1166//1166
f 1095//1095 1096//1096 1167//1167
f 1130//1130 1018//1018 1132//1132
f 1099//1099 1080//1080 988//988
f 920//920 883//883 1148//1148
f 1049//1049 1101//1101 1168//1168
f 1040//1040 991//991 1169//1169
f 1068//1068 1082//1082 1149//1149
f 1115//1115 1170//1170 1117//1117
f 1082//1082 1069//1069 1171//1171
f 1136//1136 1135//1135 1084//1084
f 1085//1085 1151//1151 1152//1152
f 1171//1171 1069//1069 1152//1152
f 1026//1026 1025//1025 1172//1172
f 1026//1026 1173//1173 1008//1008
f 1154//1154 1153//1153 1087//1087
f 1107//1107 1138//1138 1155//1155
f 996//996 1108//1108 1156//1156
f 1055//1055 1157//1157 1138//1138
f 1071//1071 1174//1174 1158//1158
f 893//893 1070//1070 1139//1139
f 1161//1161 1159//1159 1140//1140
f 1139//1139 1124//1124 1089//1089
f 1121//1121 1163//1163 1161//1161
f 1112//1112 1175//1175 1123//1123
f 1129//1129 1176//1176 1093//1093
f 1164//1164 1165//1165 1073//1073
f 1144//1144 1176//1176 1129//1129
f 1094//1094 1095//1095 1113//1113
f 1113//1113 1095//1095 1167//1167
f 1113//1113 1145//1145 1035//1035
f 1177//1177 1128//1128 1127//1127
f 1064//1064 1178//1178 991//991
f 1115//1115 1149//1149 1170//1170
f 1179//1179 1082//1082 1171//1171
f 1180//1180 1025//1025 1105//1105
f 1172//1172 1025//1025 1180//1180
f 1136//1136 1086//1086 1181//1181
f 1086//1086 1106//1106 1181//1181
f 1182//1182 1118//1118 1052//1052
f 1182//1182 1052//1052 1153//1153
f 1154//1154 1119//1119 1155//1155
f 1157//1157 1109//1109 1183//1183
f 1183//1183 1110//1110 1158//1158
f 1183//1183 1109//1109 1110//1110
f 1158//1158 1184//1184 1183//1183
f 1184//1184 1158//1158 1174//1174
f 1120//1120 1174//1174 1071//1071
f 1185//1185 1139//1139 1070//1070
f 1160//1160 1122//1122 1159//1159
f 1160//1160 1186//1186 1120//1120
f 1186//1186 1187//1187 1120//1120
f 1161//1161 1163//1163 1159//1159
f 1188//1188 1124//1124 1139//1139
f 1123//1123 1189//1189 1162//1162
f 1123//1123 1175//1175 1189//1189
f 1112//1112 1013//1013 1190//1190
f 1090//1090 1190//1190 1013//1013
f 1127//1127 1165//1165 1191//1191
f 1144//1144 1192//1192 1176//1176
f 1143//1143 1167//1167 1096//1096
f 1144//1144 1128//1128 1192//1192
f 1128//1128 1177//1177 1192//1192
f 1130//1130 1132//1132 1193//1193
f 1037//1037 999//999 1194//1194
f 1074//1074 1195//1195 1146//1146
f 1003//1003 1048//1048 1148//1148
f 1049//1049 1168//1168 1134//1134
f 1196//1196 1102//1102 946//946
f 1064//1064 1134//1134 1178//1178
f 1197//1197 1022//1022 1040//1040
f 1149//1149 1082//1082 1198//1198
f 1149//1149 1198//1198 1170//1170
f 1005//1005 1066//1066 1199//1199
f 963//963 1150//1150 1065//1065
f 1117//1117 1170//1170 1200//1200
f 1201//1201 1179//1179 1171//1171
f 1171//1171 1152//1152 1201//1201
f 1181//1181 1106//1106 1202//1202
f 1028//1028 1008//1008 1173//1173
f 1157//1157 1183//1183 1203//1203
f 1120//1120 1187//1187 1174//1174
f 1139//1139 1185//1185 1188//1188
f 1204//1204 1159//1159 1163//1163
f 1204//1204 1162//1162 1189//1189
f 1162//1162 1204//1204 1163//1163
f 1190//1190 1090//1090 1205//1205
f 1091//1091 1205//1205 1090//1090
f 1206//1206 1205//1205 1091//1091
f 1207//1207 1093//1093 1176//1176
f 1191//1191 1177//1177 1127//1127
f 1208//1208 1165//1165 1164//1164
f 1166//1166 1208//1208 1164//1164
f 1166//1166 1017//1017 1130//1130
f 1132//1132 1062//1062 1209//1209
f 1037//1037 1194//1194 1098//1098
f 1194//1194 999//999 1133//1133
f 1100//1100 920//920 1148//1148
f 1210//1210 1048//1048 1102//1102
f 1211//1211 1134//1134 1168//1168
f 946//946 1103//1103 1196//1196
f 1040//1040 1212//1212 1197//1197
f 1082//1082 1179//1179 1198//1198
f 1066//1066 1023//1023 1213//1213
f 1117//1117 1200//1200 1214//1214
f 1215//1215 1105//1105 1024//1024
f 1135//1135 1136//1136 1216//1216
f 1105//1105 1215//1215 1180//1180
f 1118//1118 1182//1182 1106//1106
f 1217//1217 1028//1028 1173//1173
f 1217//1217 1137//1137 1028//1028
f 1153//1153 1154//1154 1182//1182
f 1218//1218 1137//1137 1217//1217
f 1155//1155 1219//1219 1154//1154
f 1156//1156 1108//1108 1218//1218
f 1220//1220 1070//1070 1156//1156
f 1221//1221 1185//1185 1070//1070
f 1160//1160 1159//1159 1204//1204
f 1186//1186 1160//1160 1204//1204
f 1186//1186 1204//1204 1189//1189
f 1190//1190 1175//1175 1112//1112
f 1091//1091 1093//1093 1206//1206
f 1113//1113 1167//1167 1222//1222
f 1165//1165 1208//1208 1191//1191
f 916//916 1000//1000 1075//1075
f 1063//1063 1223//1223 1101//1101
f 1224//1224 1211//1211 1168//1168
f 1134//1134 1211//1211 1225//1225
f 1040//1040 1169//1169 1212//1212
f 1023//1023 1199//1199 1213//1213
f 1005//1005 1199//1199 1023//1023
f 1215//1215 1024//1024 1226//1226
f 1201//1201 1227//1227 1179//1179
f 1135//1135 1228//1228 1151//1151
f 1229//1229 1152//1152 1151//1151
f 1201//1201 1152//1152 1229//1229
f 1173//1173 1026//1026 1172//1172
f 1137//1137 1218//1218 1108//1108
f 1182//1182 1154//1154 1219//1219
f 1138//1138 1219//1219 1155//1155
f 1230//1230 1157//1157 1203//1203
f 1070//1070 1220//1220 1221//1221
f 1231//1231 1186//1186 1189//1189
f 1188//1188 1232//1232 1124//1124
f 1192//1192 1207//1207 1176//1176
f 1192//1192 1233//1233 1207//1207
f 1233//1233 1177//1177 1191//1191
f 1233//1233 1192//1192 1177//1177
f 1074//1074 1098//1098 1195//1195
f 1038//1038 1077//1077 1000//1000
f 1234//1234 1020//1020 1100//1100
f 1080//1080 1147//1147 1047//1047
f 1147//1147 1235//1235 1063//1063
f 1236//1236 1225//1225 1211//1211
f 1196//1196 1103//1103 1237//1237
f 1134//1134 1225//1225 1178//1178
f 1081//1081 1114//1114 1238//1238
f 1199//1199 1066//1066 1239//1239
f 1024//1024 1081//1081 1226//1226
f 1182//1182 1202//1202 1106//1106
f 1138//1138 1157//1157 1230//1230
f 1240//1240 1183//1183 1184//1184
f 1241//1241 1184//1184 1174//1174
f 1185//1185 1242//1242 1188//1188
f 1189//1189 1175//1175 1231//1231
f 1190//1190 1243//1243 1175//1175
f 1093//1093 1244//1244 1206//1206
f 1207//1207 1244//1244 1093//1093
f 1143//1143 1222//1222 1167//1167
f 1233//1233 1191//1191 1208//1208
f 1208//1208 1166//1166 1245//1245
f 1246//1246 1166//1166 1130//1130
f 1209//1209 1193//1193 1132//1132
f 1075//1075 1247//1247 1133//1133
f 1000//1000 1247//1247 1075//1075
f 1248//1248 1099//1099 1078//1078
f 1100//1100 1148//1148 1234//1234
f 1249//1249 1250//1250 1251//1251
f 1252//1252 1223//1223 1063//1063
f 1210//1210 1148//1148 1048//1048
f 1101//1101 1253//1253 1168//1168
f 1224//1224 1168//1168 1253//1253
f 1211//1211 1224//1224 1236//1236
f 1225//1225 1236//1236 1254//1254
f 1102//1102 1196//1196 1255//1255
f 1225//1225 1256//1256 1178//1178
f 1022//1022 1197//1197 1104//1104
f 1169//1169 991//991 1178//1178
f 1170//1170 1198//1198 1200//1200
f 1227//1227 1198//1198 1179//1179
f 1229//1229 1151//1151 1228//1228
f 1201//1201 1229//1229 1257//1257
f 1228//1228 1135//1135 1216//1216
f 1136//1136 1181//1181 1216//1216
f 1219//1219 1258//1258 1182//1182
f 1259//1259 1219//1219 1138//1138
f 1138//1138 1230//1230 1259//1259
f 1260//1260 1230//1230 1203//1203
f 1240//1240 1203//1203 1183//1183
f 1184//1184 1241//1241 1240//1240
f 1187//1187 1186//1186 1261//1261
f 1261//1261 1186//1186 1231//1231
f 1141//1141 1124//1124 1232//1232
f 1205//1205 1243//1243 1190//1190
f 1141//1141 1262//1262 1222//1222
f 1222//1222 1143//1143 1141//1141
f 1113//1113 1222//1222 1263//1263
f 1145//1145 1113//1113 1264//1264
f 1265//1265 1131//1131 1145//1145
f 1098//1098 1194//1194 1195//1195
f 1147//1147 1080//1080 1266//1266
f 1251//1251 1250//1250 1252//1252
f 1063//1063 1235//1235 1252//1252
f 1223//1223 1267//1267 1101//1101
f 1256//1256 1169//1169 1178//1178
f 1197//1197 1268//1268 1104//1104
f 1199//1199 1269//1269 1213//1213
f 1200//1200 1198//1198 1227//1227
f 1117//1117 1214//1214 1116//1116
f 1201//1201 1257//1257 1227//1227
f 1270//1270 1202//1202 1182//1182
f 1231//1231 1175//1175 1271//1271
f 1272//1272 1265//1265 1145//1145
f 1097//1097 1131//1131 1273//1273
f 1146//1146 1195//1195 1274//1274
f 1194//1194 1133//1133 1275//1275
f 1275//1275 1133//1133 1247//1247
f 1276//1276 1076//1076 1146//1146
f 1000//1000 1077//1077 1247//1247
f 1078//1078 1076//1076 1276//1276
f 1248//1248 1078//1078 1276//1276
f 1147//1147 1277//1277 1235//1235
f 1278//1278 1249//1249 1251//1251
f 1235//1235 1251//1251 1252//1252
f 1279//1279 1267//1267 1223//1223
f 1238//1238 1104//1104 1268//1268
f 1238//1238 1114//1114 1104//1104
f 1213//1213 1239//1239 1066//1066
f 1239//1239 1269//1269 1199//1199
f 1280//1280 1214//1214 1281//1281
f 1229//1229 1228//1228 1282//1282
f 1172//1172 1283//1283 1284//1284
f 1172//1172 1284//1284 1173//1173
f 1285//1285 1218//1218 1217//1217
f 1182//1182 1258//1258 1270//1270
f 1219//1219 1286//1286 1258//1258
f 1218//1218 1287//1287 1156//1156
f 1230//1230 1260//1260 1259//1259
f 1203//1203 1240//1240 1260//1260
f 1174//1174 1187//1187 1241//1241
f 1232//1232 1188//1188 1242//1242
f 1175//1175 1243//1243 1271//1271
f 1141//1141 1232//1232 1262//1262
f 1263//1263 1264//1264 1113//1113
f 1244//1244 1207//1207 1288//1288
f 1207//1207 1233//1233 1288//1288
f 1289//1289 1290//1290 1246//1246
f 1130//1130 1289//1289 1246//1246
f 1097//1097 1273//1273 1062//1062
f 1195//1195 1194//1194 1291//1291
f 1234//1234 1079//1079 1020//1020
f 1266//1266 1080//1080 1099//1099
f 1250//1250 1292//1292 1252//1252
f 1293//1293 1236//1236 1224//1224
f 1254//1254 1236//1236 1293//1293
f 1210//1210 1102//1102 1255//1255
f 1225//1225 1254//1254 1256//1256
f 1294//1294 1197//1197 1212//1212
f 1065//1065 1150//1150 1295//1295
f 1238//1238 1296//1296 1081//1081
f 1214//1214 1200//1200 1281//1281
f 1281//1281 1200//1200 1297//1297
f 1280//1280 1116//1116 1214//1214
f 1297//1297 1200//1200 1227//1227
f 1227//1227 1257//1257 1298//1298
f 1172//1172 1180//1180 1283//1283
f 1257//1257 1229//1229 1299//1299
f 1229//1229 1282//1282 1299//1299
f 1216//1216 1282//1282 1228//1228
f 1300//1300 1216//1216 1181//1181
f 1202//1202 1300//1300 1181//1181
f 1202//1202 1301//1301 1300//1300
f 1301//1301 1202//1202 1302//1302
f 1202//1202 1270//1270 1302//1302
f 1270//1270 1258//1258 1286//1286
f 1259//1259 1286//1286 1219//1219
f 1242//1242 1303//1303 1232//1232
f 1206//1206 1304//1304 1205//1205
f 1305//1305 1304//1304 1206//1206
f 1206//1206 1244//1244 1305//1305
f 1233//1233 1208//1208 1306//1306
f 1166//1166 1246//1246 1245//1245
f 1193//1193 1289//1289 1130//1130
f 1273//1273 1209//1209 1062//1062
f 1291//1291 1274//1274 1195//1195
f 1266//1266 1099//1099 1307//1307
f 1234//1234 1148//1148 1308//1308
f 1309//1309 1310//1310 1278//1278
f 1235//1235 1278//1278 1251//1251
f 1223//1223 1252//1252 1292//1292
f 1292//1292 1250//1250 1311//1311
f 1101//1101 1267//1267 1253//1253
f 1312//1312 1224//1224 1253//1253
f 1312//1312 1293//1293 1224//1224
f 1313//1313 1256//1256 1254//1254
f 1103//1103 1065//1065 1314//1314
f 1226//1226 1081//1081 1315//1315
f 1116//1116 1280//1280 1316//1316
f 1215//1215 1226//1226 1317//1317
f 1282//1282 1318//1318 1299//1299
f 1300//1300 1282//1282 1216//1216
f 1173//1173 1284//1284 1217//1217
f 1285//1285 1217//1217 1284//1284
f 1286//1286 1259//1259 1319//1319
f 1259//1259 1260//1260 1319//1319
f 1260//1260 1240//1240 1320//1320
f 1261//1261 1231//1231 1321//1321
f 1185//1185 1221//1221 1242//1242
f 1321//1321 1231//1231 1271//1271
f 1232//1232 1322//1322 1262//1262
f 1205//1205 1304//1304 1243//1243
f 1322//1322 1263//1263 1262//1262
f 1264//1264 1263//1263 1323//1323
f 1263//1263 1222//1222 1262//1262
f 1208//1208 1245//1245 1324//1324
f 1273//1273 1131//1131 1265//1265
f 1194//1194 1275//1275 1291//1291
f 1146//1146 1274//1274 1325//1325
f 1247//1247 1077//1077 1326//1326
f 1266//1266 1277//1277 1147//1147
f 1278//1278 1327//1327 1309//1309
f 1278//1278 1235//1235 1327//1327
f 1278//1278 1311//1311 1249//1249
f 1249//1249 1311//1311 1250//1250
f 1311//1311 1328//1328 1292//1292
f 1267//1267 1329//1329 1253//1253
f 1330//1330 1210//1210 1255//1255
f 1331//1331 1254//1254 1293//1293
f 1331//1331 1313//1313 1254//1254
f 1237//1237 1103//1103 1314//1314
f 1169//1169 1294//1294 1212//1212
f 1169//1169 1332//1332 1294//1294
f 1256//1256 1333//1333 1169//1169
f 1169//1169 1333//1333 1332//1332
f 1239//1239 1213//1213 1334//1334
f 1239//1239 1335//1335 1269//1269
f 1336//1336 1334//1334 1213//1213
f 1336//1336 1213//1213 1337//1337
f 1337//1337 1213//1213 1269//1269
f 1297//1297 1227//1227 1298//1298
f 1298//1298 1257//1257 1299//1299
f 1338//1338 1282//1282 1300//1300
f 1270//1270 1339//1339 1302//1302
f 1339//1339 1270//1270 1286//1286
f 1285//1285 1287//1287 1218//1218
f 1286//1286 1319//1319 1340//1340
f 1287//1287 1341//1341 1156//1156
f 1220//1220 1156//1156 1341//1341
f 1240//1240 1241//1241 1320//1320
f 1221//1221 1220//1220 1342//1342
f 1241//1241 1187//1187 1261//1261
f 1221//1221 1342//1342 1242//1242
f 1232//1232 1303//1303 1322//1322
f 1271//1271 1243//1243 1304//1304
f 1343//1343 1263//1263 1322//1322
f 1244//1244 1344//1344 1305//1305
f 1344//1344 1244//1244 1288//1288
f 1208//1208 1324//1324 1306//1306
f 1245//1245 1345//1345 1324//1324
f 1245//1245 1246//1246 1345//1345
f 1346//1346 1291//1291 1347//1347
f 1346//1346 1274//1274 1291//1291
f 1307//1307 1099//1099 1248//1248
f 1327//1327 1348//1348 1309//1309
f 1308//1308 1148//1148 1349//1349
f 1311//1311 1278//1278 1310//1310
f 1292//1292 1279//1279 1223//1223
f 1350//1350 1238//1238 1268//1268
f 1256//1256 1313//1313 1333//1333
f 1334//1334 1335//1335 1239//1239
f 1281//1281 1297//1297 1351//1351
f 1269//1269 1335//1335 1337//1337
f 1150//1150 1116//1116 1295//1295
f 1226//1226 1315//1315 1317//1317
f 1280//1280 1281//1281 1316//1316
f 1180//1180 1352//1352 1283//1283
f 1339//1339 1286//1286 1353//1353
f 1353//1353 1286//1286 1340//1340
f 1354//1354 1271//1271 1304//1304
f 1354//1354 1304//1304 1305//1305
f 1355//1355 1354//1354 1305//1305
f 1145//1145 1264//1264 1272//1272
f 1233//1233 1306//1306 1288//1288
f 1209//1209 1289//1289 1193//1193
f 1346//1346 1347//1347 1356//1356
f 1357//1357 1346//1346 1356//1356
f 1275//1275 1347//1347 1291//1291
f 1357//1357 1274//1274 1346//1346
f 1275//1275 1247//1247 1358//1358
f 1146//1146 1325//1325 1276//1276
f 1326//1326 1358//1358 1247//1247
f 1077//1077 1079//1079 1359//1359
f 1079//1079 1234//1234 1359//1359
f 1309//1309 1348//1348 1310//1310
f 1327//1327 1235//1235 1277//1277
f 1310//1310 1360//1360 1311//1311
f 1349//1349 1148//1148 1210//1210
f 1293//1293 1312//1312 1361//1361
f 1268//1268 1197//1197 1294//1294
f 1294//1294 1332//1332 1362//1362
f 1350//1350 1363//1363 1238//1238
f 1282//1282 1338//1338 1318//1318
f 1364//1364 1300//1300 1301//1301
f 1364//1364 1301//1301 1302//1302
f 1339//1339 1365//1365 1302//1302
f 1366//1366 1339//1339 1353//1353
f 1320//1320 1367//1367 1260//1260
f 1367//1367 1320//1320 1241//1241
f 1242//1242 1368//1368 1303//1303
f 1369//1369 1246//1246 1290//1290
f 1356//1356 1347//1347 1370//1370
f 1370//1370 1347//1347 1371//1371
f 1371//1371 1347//1347 1275//1275
f 1325//1325 1274//1274 1372//1372
f 1266//1266 1373//1373 1277//1277
f 1348//1348 1327//1327 1277//1277
f 1329//1329 1267//1267 1374//1374
f 1330//1330 1255//1255 1375//1375
f 1376//1376 1332//1332 1333//1333
f 1314//1314 1065//1065 1295//1295
f 1335//1335 1334//1334 1377//1377
f 1281//1281 1351//1351 1378//1378
f 1297//1297 1298//1298 1351//1351
f 1378//1378 1316//1316 1281//1281
f 1295//1295 1116//1116 1379//1379
f 1352//1352 1180//1180 1215//1215
f 1283//1283 1380//1380 1284//1284
f 1381//1381 1300//1300 1364//1364
f 1319//1319 1260//1260 1382//1382
f 1383//1383 1382//1382 1260//1260
f 1241//1241 1384//1384 1367//1367
f 1242//1242 1342//1342 1368//1368
f 1321//1321 1271//1271 1385//1385
f 1322//1322 1386//1386 1343//1343
f 1303//1303 1386//1386 1322//1322
f 1387//1387 1289//1289 1209//1209
f 1387//1387 1209//1209 1273//1273
f 1357//1357 1356//1356 1388//1388
f 1274//1274 1357//1357 1372//1372
f 1359//1359 1326//1326 1077//1077
f 1292//1292 1328//1328 1279//1279
f 1279//1279 1389//1389 1267//1267
f 1312//1312 1253//1253 1329//1329
f 1361//1361 1331//1331 1293//1293
f 1255//1255 1196//1196 1375//1375
f 1268//1268 1294//1294 1350//1350
f 1336//1336 1377//1377 1334//1334
f 1081//1081 1296//1296 1315//1315
f 1318//1318 1298//1298 1299//1299
f 1352//1352 1215//1215 1390//1390
f 1338//1338 1300//1300 1381//1381
f 1284//1284 1380//1380 1285//1285
f 1353//1353 1340//1340 1391//1391
f 1260//1260 1384//1384 1383//1383
f 1367//1367 1384//1384 1260//1260
f 1261//1261 1392//1392 1241//1241
f 1261//1261 1321//1321 1393//1393
f 1303//1303 1368//1368 1386//1386
f 1354//1354 1355//1355 1394//1394
f 1305//1305 1344//1344 1355//1355
f 1264//1264 1323//1323 1272//1272
f 1290//1290 1395//1395 1369//1369
f 1246//1246 1369//1369 1345//1345
f 1289//1289 1396//1396 1290//1290
f 1387//1387 1396//1396 1289//1289
f 1370//1370 1397//1397 1356//1356
f 1372//1372 1357//1357 1398//1398
f 1325//1325 1372//1372 1399//1399
f 1359//1359 1234//1234 1400//1400
f 1400//1400 1234//1234 1308//1308
f 1348//1348 1277//1277 1401//1401
f 1348//1348 1360//1360 1310//1310
f 1311//1311 1360//1360 1328//1328
f 1210//1210 1330//1330 1349//1349
f 1196//1196 1237//1237 1402//1402
f 1313//1313 1403//1403 1404//1404
f 1404//1404 1333//1333 1313//1313
f 1376//1376 1404//1404 1405//1405
f 1237//1237 1314//1314 1402//1402
f 1333//1333 1404//1404 1376//1376
f 1350//1350 1406//1406 1363//1363
f 1376//1376 1362//1362 1332//1332
f 1295//1295 1407//1407 1314//1314
f 1337//1337 1335//1335 1377//1377
f 1116//1116 1316//1316 1379//1379
f 1298//1298 1318//1318 1408//1408
f 1390//1390 1215//1215 1317//1317
f 1352//1352 1380//1380 1283//1283
f 1409//1409 1380//1380 1352//1352
f 1380//1380 1409//1409 1285//1285
f 1285//1285 1410//1410 1287//1287
f 1339//1339 1366//1366 1365//1365
f 1220//1220 1411//1411 1342//1342
f 1354//1354 1385//1385 1271//1271
f 1290//1290 1412//1412 1395//1395
f 1397//1397 1388//1388 1356//1356
f 1413//1413 1357//1357 1388//1388
f 1413//1413 1398//1398 1357//1357
f 1275//1275 1414//1414 1371//1371
f 1325//1325 1399//1399 1276//1276
f 1326//1326 1415//1415 1358//1358
f 1266//1266 1307//1307 1373//1373
f 1416//1416 1400//1400 1308//1308
f 1373//1373 1401//1401 1277//1277
f 1308//1308 1349//1349 1417//1417
f 1328//1328 1418//1418 1279//1279
f 1389//1389 1374//1374 1267//1267
f 1312//1312 1329//1329 1361//1361
f 1419//1419 1330//1330 1375//1375
f 1331//1331 1403//1403 1313//1313
f 1350//1350 1294//1294 1420//1420
f 1420//1420 1294//1294 1362//1362
f 1351//1351 1298//1298 1421//1421
f 1422//1422 1363//1363 1406//1406
f 1422//1422 1377//1377 1336//1336
f 1238//1238 1363//1363 1296//1296
f 1336//1336 1337//1337 1377//1377
f 1336//1336 1377//1377 1423//1423
f 1338//1338 1381//1381 1318//1318
f 1302//1302 1424//1424 1364//1364
f 1340//1340 1425//1425 1391//1391
f 1319//1319 1426//1426 1340//1340
f 1384//1384 1241//1241 1392//1392
f 1220//1220 1341//1341 1411//1411
f 1354//1354 1427//1427 1385//1385
f 1428//1428 1263//1263 1343//1343
f 1428//1428 1323//1323 1263//1263
f 1355//1355 1344//1344 1429//1429
f 1430//1430 1396//1396 1387//1387
f 1344//1344 1288//1288 1431//1431
f 1273//1273 1265//1265 1387//1387
f 1306//1306 1324//1324 1432//1432
f 1279//1279 1418//1418 1389//1389
f 1330//1330 1419//1419 1433//1433
f 1374//1374 1389//1389 1434//1434
f 1374//1374 1435//1435 1329//1329
f 1436//1436 1434//1434 1389//1389
f 1374//1374 1434//1434 1437//1437
f 1437//1437 1435//1435 1374//1374
f 1438//1438 1437//1437 1434//1434
f 1361//1361 1403//1403 1331//1331
f 1405//1405 1404//1404 1437//1437
f 1196//1196 1402//1402 1439//1439
f 1435//1435 1404//1404 1403//1403
f 1406//1406 1377//1377 1422//1422
f 1351//1351 1421//1421 1440//1440
f 1351//1351 1440//1440 1378//1378
f 1422//1422 1336//1336 1423//1423
f 1441//1441 1408//1408 1318//1318
f 1410//1410 1285//1285 1409//1409
f 1442//1442 1366//1366 1353//1353
f 1340//1340 1426//1426 1425//1425
f 1319//1319 1382//1382 1426//1426
f 1261//1261 1393//1393 1392//1392
f 1321//1321 1385//1385 1393//1393
f 1343//1343 1386//1386 1443//1443
f 1396//1396 1430//1430 1444//1444
f 1323//1323 1430//1430 1272//1272
f 1396//1396 1444//1444 1290//1290
f 1272//1272 1430//1430 1387//1387
f 1369//1369 1445//1445 1345//1345
f 1265//1265 1272//1272 1387//1387
f 1306//1306 1432//1432 1288//1288
f 1324//1324 1445//1445 1446//1446
f 1345//1345 1445//1445 1324//1324
f 1397//1397 1447//1447 1388//1388
f 1413//1413 1448//1448 1398//1398
f 1449//1449 1448//1448 1413//1413
f 1450//1450 1399//1399 1372//1372
f 1359//1359 1415//1415 1326//1326
f 1248//1248 1276//1276 1451//1451
f 1348//1348 1401//1401 1452//1452
f 1360//1360 1348//1348 1453//1453
f 1360//1360 1454//1454 1328//1328
f 1418//1418 1328//1328 1455//1455
f 1433//1433 1456//1456 1330//1330
f 1435//1435 1361//1361 1329//1329
f 1361//1361 1435//1435 1403//1403
f 1437//1437 1404//1404 1435//1435
f 1375//1375 1196//1196 1439//1439
f 1406//1406 1350//1350 1420//1420
f 1423//1423 1377//1377 1457//1457
f 1363//1363 1422//1422 1457//1457
f 1295//1295 1379//1379 1407//1407
f 1316//1316 1378//1378 1458//1458
f 1459//1459 1318//1318 1381//1381
f 1441//1441 1318//1318 1460//1460
f 1390//1390 1409//1409 1352//1352
f 1302//1302 1365//1365 1424//1424
f 1409//1409 1461//1461 1410//1410
f 1353//1353 1462//1462 1442//1442
f 1353//1353 1391//1391 1462//1462
f 1287//1287 1410//1410 1463//1463
f 1391//1391 1425//1425 1464//1464
f 1342//1342 1411//1411 1368//1368
f 1354//1354 1465//1465 1427//1427
f 1394//1394 1465//1465 1354//1354
f 1355//1355 1466//1466 1394//1394
f 1355//1355 1429//1429 1466//1466
f 1395//1395 1467//1467 1468//1468
f 1395//1395 1468//1468 1369//1369
f 1290//1290 1444//1444 1412//1412
f 1288//1288 1432//1432 1431//1431
f 1324//1324 1446//1446 1432//1432
f 1371//1371 1469//1469 1370//1370
f 1413//1413 1388//1388 1447//1447
f 1372//1372 1398//1398 1450//1450
f 1275//1275 1470//1470 1414//1414
f 1399//1399 1471//1471 1276//1276
f 1248//1248 1451//1451 1307//1307
f 1307//1307 1472//1472 1373//1373
f 1452//1452 1453//1453 1348//1348
f 1349//1349 1330//1330 1473//1473
f 1328//1328 1454//1454 1455//1455
f 1389//1389 1474//1474 1436//1436
f 1375//1375 1475//1475 1419//1419
f 1476//1476 1438//1438 1434//1434
f 1402//1402 1314//1314 1477//1477
f 1407//1407 1477//1477 1314//1314
f 1377//1377 1406//1406 1457//1457
f 1406//1406 1420//1420 1457//1457
f 1421//1421 1298//1298 1408//1408
f 1296//1296 1457//1457 1420//1420
f 1362//1362 1296//1296 1420//1420
f 1422//1422 1423//1423 1457//1457
f 1363//1363 1457//1457 1296//1296
f 1458//1458 1378//1378 1440//1440
f 1441//1441 1478//1478 1408//1408
f 1460//1460 1479//1479 1441//1441
f 1424//1424 1365//1365 1480//1480
f 1366//1366 1442//1442 1481//1481
f 1366//1366 1481//1481 1482//1482
f 1366//1366 1482//1482 1365//1365
f 1391//1391 1464//1464 1462//1462
f 1341//1341 1287//1287 1463//1463
f 1411//1411 1483//1483 1368//1368
f 1323//1323 1484//1484 1430//1430
f 1444//1444 1430//1430 1484//1484
f 1412//1412 1467//1467 1395//1395
f 1447//1447 1485//1485 1413//1413
f 1413//1413 1485//1485 1449//1449
f 1371//1371 1414//1414 1486//1486
f 1487//1487 1486//1486 1414//1414
f 1275//1275 1358//1358 1470//1470
f 1471//1471 1451//1451 1276//1276
f 1359//1359 1400//1400 1415//1415
f 1416//1416 1308//1308 1417//1417
f 1373//1373 1472//1472 1401//1401
f 1360//1360 1453//1453 1454//1454
f 1389//1389 1418//1418 1488//1488
f 1456//1456 1433//1433 1489//1489
f 1436//1436 1476//1476 1434//1434
f 1375//1375 1439//1439 1475//1475
f 1440//1440 1421//1421 1490//1490
f 1479//1479 1478//1478 1441//1441
f 1318//1318 1459//1459 1460//1460
f 1381//1381 1364//1364 1491//1491
f 1390//1390 1492//1492 1409//1409
f 1341//1341 1493//1493 1411//1411
f 1443//1443 1368//1368 1483//1483
f 1343//1343 1483//1483 1428//1428
f 1343//1343 1443//1443 1483//1483
f 1368//1368 1443//1443 1386//1386
f 1494//1494 1429//1429 1344//1344
f 1412//1412 1495//1495 1467//1467
f 1468//1468 1496//1496 1445//1445
f 1369//1369 1468//1468 1445//1445
f 1494//1494 1432//1432 1446//1446
f 1448//1448 1497//1497 1398//1398
f 1398//1398 1497//1497 1450//1450
f 1307//1307 1451//1451 1472//1472
f 1473//1473 1417//1417 1349//1349
f 1473//1473 1330//1330 1456//1456
f 1389//1389 1488//1488 1474//1474
f 1456//1456 1489//1489 1498//1498
f 1419//1419 1499//1499 1433//1433
f 1436//1436 1500//1500 1476//1476
f 1405//1405 1437//1437 1438//1438
f 1408//1408 1490//1490 1421//1421
f 1407//1407 1379//1379 1501//1501
f 1478//1478 1490//1490 1408//1408
f 1316//1316 1458//1458 1502//1502
f 1364//1364 1424//1424 1491//1491
f 1461//1461 1409//1409 1492//1492
f 1442//1442 1462//1462 1503//1503
f 1503//1503 1481//1481 1442//1442
f 1461//1461 1504//1504 1410//1410
f 1505//1505 1341//1341 1463//1463
f 1382//1382 1506//1506 1426//1426
f 1484//1484 1323//1323 1428//1428
f 1507//1507 1468//1468 1508//1508
f 1468//1468 1467//1467 1508//1508
f 1429//1429 1494//1494 1509//1509
f 1467//1467 1495//1495 1510//1510
f 1344//1344 1431//1431 1494//1494
f 1445//1445 1496//1496 1446//1446
f 1397//1397 1370//1370 1511//1511
f 1486//1486 1469//1469 1371//1371
f 1449//1449 1512//1512 1448//1448
f 1399//1399 1513//1513 1471//1471
f 1358//1358 1415//1415 1514//1514
f 1401//1401 1472//1472 1452//1452
f 1452//1452 1515//1515 1453//1453
f 1474//1474 1488//1488 1516//1516
f 1455//1455 1517//1517 1418//1418
f 1518//1518 1489//1489 1433//1433
f 1516//1516 1436//1436 1474//1474
f 1376//1376 1519//1519 1362//1362
f 1520//1520 1440//1440 1490//1490
f 1440//1440 1520//1520 1458//1458
f 1521//1521 1458//1458 1520//1520
f 1480//1480 1491//1491 1424//1424
f 1479//1479 1460//1460 1522//1522
f 1464//1464 1503//1503 1462//1462
f 1503//1503 1464//1464 1523//1523
f 1464//1464 1425//1425 1523//1523
f 1410//1410 1524//1524 1463//1463
f 1525//1525 1426//1426 1506//1506
f 1425//1425 1426//1426 1525//1525
f 1384//1384 1526//1526 1383//1383
f 1527//1527 1465//1465 1394//1394
f 1509//1509 1468//1468 1507//1507
f 1467//1467 1510//1510 1528//1528
f 1468//1468 1509//1509 1496//1496
f 1432//1432 1494//1494 1431//1431
f 1446//1446 1496//1496 1494//1494
f 1370//1370 1469//1469 1511//1511
f 1447//1447 1397//1397 1529//1529
f 1485//1485 1447//1447 1529//1529
f 1512//1512 1449//1449 1485//1485
f 1530//1530 1448//1448 1512//1512
f 1399//1399 1450//1450 1513//1513
f 1451//1451 1471//1471 1531//1531
f 1451//1451 1532//1532 1472//1472
f 1472//1472 1532//1532 1533//1533
f 1534//1534 1456//1456 1498//1498
f 1489//1489 1534//1534 1498//1498
f 1535//1535 1534//1534 1489//1489
f 1433//1433 1536//1536 1518//1518
f 1407//1407 1537//1537 1477//1477
f 1519//1519 1296//1296 1362//1362
f 1316//1316 1502//1502 1379//1379
f 1317//1317 1538//1538 1390//1390
f 1520//1520 1478//1478 1539//1539
f 1539//1539 1478//1478 1479//1479
f 1540//1540 1460//1460 1459//1459
f 1479//1479 1522//1522 1539//1539
f 1460//1460 1540//1540 1522//1522
f 1365//1365 1482//1482 1480//1480
f 1504//1504 1524//1524 1410//1410
f 1425//1425 1525//1525 1523//1523
f 1463//1463 1524//1524 1541//1541
f 1541//1541 1505//1505 1463//1463
f 1341//1341 1542//1542 1493//1493
f 1411//1411 1493//1493 1483//1483
f 1394//1394 1466//1466 1543//1543
f 1544//1544 1484//1484 1428//1428
f 1509//1509 1545//1545 1429//1429
f 1507//1507 1545//1545 1509//1509
f 1508//1508 1467//1467 1528//1528
f 1509//1509 1494//1494 1496//1496
f 1546//1546 1530//1530 1512//1512
f 1448//1448 1530//1530 1497//1497
f 1414//1414 1470//1470 1487//1487
f 1513//1513 1547//1547 1471//1471
f 1548//1548 1533//1533 1532//1532
f 1534//1534 1473//1473 1456//1456
f 1455//1455 1454//1454 1549//1549
f 1433//1433 1550//1550 1536//1536
f 1499//1499 1550//1550 1433//1433
f 1489//1489 1518//1518 1535//1535
f 1551//1551 1438//1438 1476//1476
f 1552//1552 1553//1553 1554//1554
f 1438//1438 1551//1551 1555//1555
f 1402//1402 1554//1554 1439//1439
f 1376//1376 1405//1405 1519//1519
f 1501//1501 1537//1537 1407//1407
f 1519//1519 1556//1556 1296//1296
f 1458//1458 1521//1521 1502//1502
f 1520//1520 1490//1490 1478//1478
f 1557//1557 1558//1558 1381//1381
f 1381//1381 1558//1558 1459//1459
f 1381//1381 1491//1491 1557//1557
f 1559//1559 1491//1491 1480//1480
f 1481//1481 1503//1503 1560//1560
f 1560//1560 1503//1503 1523//1523
f 1427//1427 1465//1465 1561//1561
f 1527//1527 1394//1394 1543//1543
f 1466//1466 1429//1429 1543//1543
f 1507//1507 1508//1508 1562//1562
f 1563//1563 1400//1400 1416//1416
f 1532//1532 1564//1564 1548//1548
f 1533//1533 1548//1548 1472//1472
f 1472//1472 1565//1565 1452//1452
f 1566//1566 1417//1417 1473//1473
f 1454//1454 1453//1453 1515//1515
f 1516//1516 1488//1488 1500//1500
f 1516//1516 1500//1500 1436//1436
f 1419//1419 1475//1475 1567//1567
f 1554//1554 1553//1553 1568//1568
f 1553//1553 1552//1552 1569//1569
f 1551//1551 1570//1570 1555//1555
f 1438//1438 1555//1555 1405//1405
f 1552//1552 1554//1554 1402//1402
f 1405//1405 1555//1555 1571//1571
f 1402//1402 1477//1477 1552//1552
f 1552//1552 1477//1477 1537//1537
f 1519//1519 1405//1405 1571//1571
f 1459//1459 1558//1558 1572//1572
f 1573//1573 1539//1539 1522//1522
f 1390//1390 1574//1574 1492//1492
f 1560//1560 1575//1575 1482//1482
f 1506//1506 1382//1382 1576//1576
f 1526//1526 1577//1577 1383//1383
f 1526//1526 1578//1578 1577//1577
f 1579//1579 1526//1526 1384//1384
f 1579//1579 1384//1384 1392//1392
f 1484//1484 1580//1580 1444//1444
f 1529//1529 1581//1581 1485//1485
f 1485//1485 1581//1581 1512//1512
f 1546//1546 1512//1512 1581//1581
f 1450//1450 1497//1497 1513//1513
f 1487//1487 1470//1470 1582//1582
f 1415//1415 1400//1400 1583//1583
f 1563//1563 1583//1583 1400//1400
f 1472//1472 1548//1548 1565//1565
f 1416//1416 1417//1417 1563//1563
f 1584//1584 1454//1454 1515//1515
f 1455//1455 1549//1549 1517//1517
f 1418//1418 1517//1517 1488//1488
f 1585//1585 1586//1586 1536//1536
f 1499//1499 1587//1587 1550//1550
f 1586//1586 1518//1518 1536//1536
f 1488//1488 1588//1588 1500//1500
f 1536//1536 1550//1550 1589//1589
f 1419//1419 1567//1567 1499//1499
f 1439//1439 1590//1590 1475//1475
f 1569//1569 1552//1552 1591//1591
f 1519//1519 1571//1571 1556//1556
f 1501//1501 1592//1592 1537//1537
f 1491//1491 1559//1559 1557//1557
f 1459//1459 1572//1572 1540//1540
f 1461//1461 1593//1593 1504//1504
f 1594//1594 1480//1480 1482//1482
f 1560//1560 1482//1482 1481//1481
f 1576//1576 1382//1382 1383//1383
f 1383//1383 1577//1577 1576//1576
f 1578//1578 1595//1595 1577//1577
f 1579//1579 1392//1392 1393//1393
f 1579//1579 1393//1393 1596//1596
f 1561//1561 1465//1465 1597//1597
f 1483//1483 1598//1598 1428//1428
f 1599//1599 1507//1507 1562//1562
f 1545//1545 1507//1507 1599//1599
f 1429//1429 1600//1600 1543//1543
f 1444//1444 1601//1601 1412//1412
f 1528//1528 1510//1510 1602//1602
f 1601//1601 1495//1495 1412//1412
f 1397//1397 1511//1511 1529//1529
f 1486//1486 1487//1487 1603//1603
f 1547//1547 1531//1531 1471//1471
f 1515//1515 1452//1452 1565//1565
f 1454//1454 1584//1584 1549//1549
f 1604//1604 1586//1586 1585//1585
f 1488//1488 1517//1517 1588//1588
f 1535//1535 1605//1605 1534//1534
f 1606//1606 1589//1589 1550//1550
f 1605//1605 1535//1535 1607//1607
f 1535//1535 1518//1518 1607//1607
f 1553//1553 1608//1608 1568//1568
f 1553//1553 1569//1569 1608//1608
f 1554//1554 1568//1568 1439//1439
f 1552//1552 1609//1609 1591//1591
f 1609//1609 1552//1552 1537//1537
f 1501//1501 1610//1610 1592//1592
f 1611//1611 1521//1521 1520//1520
f 1559//1559 1558//1558 1557//1557
f 1612//1612 1520//1520 1539//1539
f 1573//1573 1522//1522 1613//1613
f 1522//1522 1540//1540 1613//1613
f 1594//1594 1559//1559 1480//1480
f 1594//1594 1482//1482 1575//1575
f 1523//1523 1614//1614 1560//1560
f 1483//1483 1493//1493 1615//1615
f 1393//1393 1385//1385 1596//1596
f 1427//1427 1561//1561 1385//1385
f 1429//1429 1545//1545 1600//1600
f 1616//1616 1510//1510 1495//1495
f 1601//1601 1616//1616 1495//1495
f 1529//1529 1617//1617 1581//1581
f 1603//1603 1469//1469 1486//1486
f 1546//1546 1581//1581 1618//1618
f 1603//1603 1487//1487 1582//1582
f 1619//1619 1530//1530 1546//1546
f 1358//1358 1514//1514 1470//1470
f 1531//1531 1532//1532 1451//1451
f 1564//1564 1532//1532 1620//1620
f 1621//1621 1550//1550 1587//1587
f 1604//1604 1585//1585 1622//1622
f 1604//1604 1622//1622 1623//1623
f 1606//1606 1550//1550 1621//1621
f 1585//1585 1536//1536 1622//1622
f 1589//1589 1622//1622 1536//1536
f 1624//1624 1518//1518 1586//1586
f 1500//1500 1588//1588 1476//1476
f 1518//1518 1625//1625 1607//1607
f 1590//1590 1567//1567 1475//1475
f 1555//1555 1570//1570 1626//1626
f 1569//1569 1591//1591 1609//1609
f 1555//1555 1626//1626 1571//1571
f 1626//1626 1627//1627 1571//1571
f 1571//1571 1627//1627 1628//1628
f 1571//1571 1628//1628 1556//1556
f 1609//1609 1537//1537 1592//1592
f 1610//1610 1379//1379 1502//1502
f 1610//1610 1501//1501 1379//1379
f 1539//1539 1573//1573 1612//1612
f 1613//1613 1540//1540 1629//1629
f 1630//1630 1504//1504 1593//1593
f 1560//1560 1631//1631 1575//1575
f 1631//1631 1560//1560 1614//1614
f 1523//1523 1525//1525 1632//1632
f 1632//1632 1614//1614 1523//1523
f 1524//1524 1504//1504 1630//1630
f 1505//1505 1541//1541 1633//1633
f 1634//1634 1526//1526 1579//1579
f 1542//1542 1615//1615 1493//1493
f 1385//1385 1561//1561 1596//1596
f 1635//1635 1597//1597 1465//1465
f 1636//1636 1635//1635 1465//1465
f 1598//1598 1544//1544 1428//1428
f 1637//1637 1580//1580 1484//1484
f 1444//1444 1580//1580 1638//1638
f 1616//1616 1602//1602 1510//1510
f 1581//1581 1617//1617 1639//1639
f 1581//1581 1639//1639 1618//1618
f 1640//1640 1497//1497 1530//1530
f 1514//1514 1582//1582 1470//1470
f 1514//1514 1415//1415 1641//1641
f 1620//1620 1532//1532 1531//1531
f 1642//1642 1565//1565 1548//1548
f 1417//1417 1566//1566 1563//1563
f 1566//1566 1473//1473 1643//1643
f 1473//1473 1534//1534 1643//1643
f 1604//1604 1623//1623 1644//1644
f 1568//1568 1590//1590 1439//1439
f 1645//1645 1646//1646 1647//1647
f 1648//1648 1649//1649 1650//1650
f 1650//1650 1649//1649 1651//1651
f 1652//1652 1569//1569 1609//1609
f 1628//1628 1652//1652 1609//1609
f 1628//1628 1609//1609 1592//1592
f 1556//1556 1628//1628 1592//1592
f 1611//1611 1520//1520 1653//1653
f 1556//1556 1315//1315 1296//1296
f 1520//1520 1654//1654 1653//1653
f 1317//1317 1315//1315 1538//1538
f 1654//1654 1520//1520 1612//1612
f 1558//1558 1559//1559 1655//1655
f 1558//1558 1655//1655 1572//1572
f 1655//1655 1559//1559 1594//1594
f 1655//1655 1540//1540 1572//1572
f 1656//1656 1540//1540 1657//1657
f 1461//1461 1492//1492 1593//1593
f 1614//1614 1658//1658 1631//1631
f 1659//1659 1578//1578 1526//1526
f 1634//1634 1659//1659 1526//1526
f 1598//1598 1483//1483 1615//1615
f 1465//1465 1527//1527 1636//1636
f 1562//1562 1660//1660 1599//1599
f 1544//1544 1637//1637 1484//1484
f 1444//1444 1638//1638 1601//1601
f 1661//1661 1469//1469 1603//1603
f 1546//1546 1662//1662 1619//1619
f 1618//1618 1662//1662 1546//1546
f 1640//1640 1530//1530 1619//1619
f 1641//1641 1415//1415 1583//1583
f 1586//1586 1622//1622 1604//1604
f 1663//1663 1604//1604 1622//1622
f 1622//1622 1604//1604 1663//1663
f 1604//1604 1622//1622 1586//1586
f 1604//1604 1624//1624 1586//1586
f 1622//1622 1589//1589 1663//1663
f 1664//1664 1607//1607 1625//1625
f 1664//1664 1665//1665 1607//1607
f 1551//1551 1666//1666 1570//1570
f 1667//1667 1568//1568 1608//1608
f 1668//1668 1608//1608 1569//1569
f 1647//1647 1651//1651 1645//1645
f 1652//1652 1668//1668 1569//1569
f 1556//1556 1592//1592 1669//1669
f 1502//1502 1521//1521 1611//1611
f 1502//1502 1670//1670 1610//1610
f 1612//1612 1671//1671 1654//1654
f 1573//1573 1672//1672 1612//1612
f 1574//1574 1390//1390 1538//1538
f 1540//1540 1656//1656 1673//1673
f 1540//1540 1655//1655 1657//1657
f 1594//1594 1575//1575 1674//1674
f 1525//1525 1675//1675 1632//1632
f 1506//1506 1675//1675 1525//1525
f 1633//1633 1541//1541 1676//1676
f 1341//1341 1505//1505 1633//1633
f 1542//1542 1341//1341 1677//1677
f 1634//1634 1579//1579 1678//1678
f 1597//1597 1635//1635 1679//1679
f 1562//1562 1508//1508 1680//1680
f 1680//1680 1508//1508 1528//1528
f 1469//1469 1661//1661 1511//1511
f 1529//1529 1511//1511 1617//1617
f 1681//1681 1583//1583 1563//1563
f 1563//1563 1566//1566 1681//1681
f 1515//1515 1682//1682 1584//1584
f 1644//1644 1623//1623 1683//1683
f 1683//1683 1623//1623 1622//1622
f 1663//1663 1589//1589 1684//1684
f 1624//1624 1625//1625 1518//1518
f 1685//1685 1589//1589 1606//1606
f 1684//1684 1589//1589 1685//1685
f 1684//1684 1685//1685 1608//1608
f 1607//1607 1665//1665 1686//1686
f 1664//1664 1686//1686 1665//1665
f 1647//1647 1646//1646 1668//1668
f 1648//1648 1687//1687 1649//1649
f 1570//1570 1666//1666 1626//1626
f 1688//1688 1652//1652 1647//1647
f 1647//1647 1652//1652 1651//1651
f 1689//1689 1651//1651 1649//1649
f 1652//1652 1690//1690 1668//1668
f 1652//1652 1688//1688 1690//1690
f 1651//1651 1652//1652 1628//1628
f 1627//1627 1651//1651 1628//1628
f 1612//1612 1672//1672 1673//1673
f 1673//1673 1691//1691 1612//1612
f 1673//1673 1629//1629 1540//1540
f 1691//1691 1673//1673 1656//1656
f 1656//1656 1692//1692 1691//1691
f 1674//1674 1655//1655 1594//1594
f 1692//1692 1656//1656 1693//1693
f 1693//1693 1656//1656 1657//1657
f 1575//1575 1694//1694 1674//1674
f 1631//1631 1694//1694 1575//1575
f 1695//1695 1576//1576 1696//1696
f 1577//1577 1696//1696 1576//1576
f 1697//1697 1696//1696 1577//1577
f 1577//1577 1595//1595 1697//1697
f 1595//1595 1578//1578 1698//1698
f 1698//1698 1578//1578 1659//1659
f 1579//1579 1596//1596 1678//1678
f 1561//1561 1597//1597 1699//1699
f 1700//1700 1597//1597 1679//1679
f 1678//1678 1596//1596 1561//1561
f 1699//1699 1678//1678 1561//1561
f 1701//1701 1639//1639 1617//1617
f 1662//1662 1618//1618 1639//1639
f 1702//1702 1513//1513 1497//1497
f 1513//1513 1702//1702 1547//1547
f 1564//1564 1703//1703 1548//1548
f 1704//1704 1566//1566 1643//1643
f 1643//1643 1534//1534 1705//1705
f 1534//1534 1605//1605 1705//1705
f 1604//1604 1663//1663 1624//1624
f 1706//1706 1624//1624 1663//1663
f 1624//1624 1706//1706 1707//1707
f 1622//1622 1707//1707 1706//1706
f 1707//1707 1622//1622 1604//1604
f 1663//1663 1604//1604 1622//1622
f 1476//1476 1588//1588 1708//1708
f 1476//1476 1708//1708 1551//1551
f 1551//1551 1708//1708 1666//1666
f 1608//1608 1668//1668 1709//1709
f 1687//1687 1710//1710 1649//1649
f 1668//1668 1646//1646 1711//1711
f 1645//1645 1712//1712 1646//1646
f 1647//1647 1690//1690 1668//1668
f 1645//1645 1651//1651 1688//1688
f 1668//1668 1690//1690 1647//1647
f 1689//1689 1713//1713 1650//1650
f 1651//1651 1627//1627 1650//1650
f 1714//1714 1650//1650 1627//1627
f 1650//1650 1714//1714 1689//1689
f 1651//1651 1689//1689 1714//1714
f 1653//1653 1654//1654 1715//1715
f 1502//1502 1611//1611 1670//1670
f 1613//1613 1629//1629 1672//1672
f 1612//1612 1691//1691 1671//1671
f 1672//1672 1716//1716 1673//1673
f 1673//1673 1716//1716 1629//1629
f 1717//1717 1614//1614 1632//1632
f 1717//1717 1658//1658 1614//1614
f 1541//1541 1524//1524 1676//1676
f 1595//1595 1718//1718 1697//1697
f 1341//1341 1633//1633 1677//1677
f 1542//1542 1677//1677 1615//1615
f 1719//1719 1634//1634 1699//1699
f 1699//1699 1634//1634 1678//1678
f 1719//1719 1699//1699 1597//1597
f 1700//1700 1719//1719 1597//1597
f 1544//1544 1720//1720 1637//1637
f 1545//1545 1721//1721 1600//1600
f 1722//1722 1602//1602 1616//1616
f 1662//1662 1639//1639 1701//1701
f 1497//1497 1640//1640 1702//1702
f 1723//1723 1548//1548 1703//1703
f 1584//1584 1724//1724 1549//1549
f 1644//1644 1707//1707 1604//1604
f 1624//1624 1707//1707 1725//1725
f 1726//1726 1588//1588 1517//1517
f 1624//1624 1727//1727 1625//1625
f 1663//1663 1625//1625 1727//1727
f 1625//1625 1663//1663 1728//1728
f 1728//1728 1663//1663 1624//1624
f 1727//1727 1624//1624 1663//1663
f 1727//1727 1663//1663 1684//1684
f 1727//1727 1684//1684 1608//1608
f 1729//1729 1607//1607 1686//1686
f 1711//1711 1646//1646 1710//1710
f 1608//1608 1685//1685 1667//1667
f 1646//1646 1712//1712 1710//1710
f 1710//1710 1712//1712 1711//1711
f 1730//1730 1567//1567 1590//1590
f 1645//1645 1688//1688 1712//1712
f 1687//1687 1648//1648 1731//1731
f 1668//1668 1711//1711 1647//1647
f 1711//1711 1688//1688 1647//1647
f 1626//1626 1732//1732 1627//1627
f 1611//1611 1653//1653 1733//1733
f 1556//1556 1669//1669 1315//1315
f 1671//1671 1715//1715 1654//1654
f 1613//1613 1672//1672 1573//1573
f 1672//1672 1629//1629 1716//1716
f 1693//1693 1734//1734 1735//1735
f 1655//1655 1674//1674 1657//1657
f 1657//1657 1674//1674 1736//1736
f 1736//1736 1674//1674 1694//1694
f 1694//1694 1631//1631 1737//1737
f 1738//1738 1658//1658 1717//1717
f 1738//1738 1717//1717 1718//1718
f 1717//1717 1695//1695 1697//1697
f 1697//1697 1695//1695 1696//1696
f 1718//1718 1717//1717 1697//1697
f 1698//1698 1739//1739 1595//1595
f 1659//1659 1634//1634 1719//1719
f 1740//1740 1679//1679 1635//1635
f 1562//1562 1680//1680 1741//1741
f 1580//1580 1637//1637 1638//1638
f 1638//1638 1742//1742 1601//1601
f 1531//1531 1743//1743 1620//1620
f 1704//1704 1681//1681 1566//1566
f 1642//1642 1548//1548 1723//1723
f 1704//1704 1643//1643 1744//1744
f 1683//1683 1622//1622 1706//1706
f 1621//1621 1587//1587 1745//1745
f 1663//1663 1727//1727 1746//1746
f 1747//1747 1606//1606 1621//1621
f 1748//1748 1664//1664 1625//1625
f 1499//1499 1749//1749 1587//1587
f 1686//1686 1750//1750 1729//1729
f 1666//1666 1708//1708 1751//1751
f 1499//1499 1567//1567 1749//1749
f 1730//1730 1749//1749 1567//1567
f 1732//1732 1666//1666 1752//1752
f 1712//1712 1688//1688 1711//1711
f 1666//1666 1732//1732 1626//1626
f 1689//1689 1649//1649 1710//1710
f 1568//1568 1753//1753 1590//1590
f 1688//1688 1651//1651 1714//1714
f 1648//1648 1650//1650 1713//1713
f 1611//1611 1733//1733 1754//1754
f 1755//1755 1538//1538 1315//1315
f 1671//1671 1691//1691 1735//1735
f 1692//1692 1735//1735 1691//1691
f 1692//1692 1693//1693 1735//1735
f 1693//1693 1657//1657 1734//1734
f 1506//1506 1695//1695 1675//1675
f 1695//1695 1632//1632 1675//1675
f 1506//1506 1576//1576 1695//1695
f 1632//1632 1695//1695 1717//1717
f 1718//1718 1595//1595 1739//1739
f 1756//1756 1659//1659 1719//1719
f 1756//1756 1719//1719 1700//1700
f 1756//1756 1700//1700 1757//1757
f 1679//1679 1758//1758 1700//1700
f 1598//1598 1720//1720 1544//1544
f 1599//1599 1660//1660 1759//1759
f 1562//1562 1741//1741 1660//1660
f 1721//1721 1545//1545 1599//1599
f 1637//1637 1742//1742 1638//1638
f 1528//1528 1602//1602 1760//1760
f 1511//1511 1661//1661 1761//1761
f 1547//1547 1762//1762 1531//1531
f 1583//1583 1681//1681 1763//1763
f 1704//1704 1764//1764 1681//1681
f 1703//1703 1764//1764 1723//1723
f 1723//1723 1764//1764 1744//1744
f 1744//1744 1764//1764 1704//1704
f 1744//1744 1643//1643 1705//1705
f 1682//1682 1724//1724 1584//1584
f 1683//1683 1765//1765 1644//1644
f 1765//1765 1766//1766 1644//1644
f 1644//1644 1766//1766 1767//1767
f 1644//1644 1706//1706 1707//1707
f 1683//1683 1707//1707 1706//1706
f 1707//1707 1683//1683 1767//1767
f 1706//1706 1767//1767 1683//1683
f 1767//1767 1706//1706 1644//1644
f 1725//1725 1728//1728 1624//1624
f 1728//1728 1748//1748 1625//1625
f 1708//1708 1588//1588 1726//1726
f 1587//1587 1749//1749 1745//1745
f 1607//1607 1729//1729 1605//1605
f 1748//1748 1750//1750 1664//1664
f 1768//1768 1751//1751 1708//1708
f 1686//1686 1664//1664 1750//1750
f 1769//1769 1687//1687 1731//1731
f 1710//1710 1711//1711 1770//1770
f 1710//1710 1770//1770 1689//1689
f 1568//1568 1667//1667 1753//1753
f 1732//1732 1771//1771 1627//1627
f 1670//1670 1611//1611 1754//1754
f 1736//1736 1694//1694 1772//1772
f 1631//1631 1658//1658 1737//1737
f 1738//1738 1773//1773 1658//1658
f 1630//1630 1774//1774 1524//1524
f 1676//1676 1524//1524 1774//1774
f 1615//1615 1775//1775 1598//1598
f 1776//1776 1599//1599 1759//1759
f 1599//1599 1776//1776 1721//1721
f 1777//1777 1778//1778 1637//1637
f 1637//1637 1778//1778 1742//1742
f 1779//1779 1617//1617 1511//1511
f 1617//1617 1779//1779 1701//1701
f 1603//1603 1582//1582 1780//1780
f 1781//1781 1619//1619 1662//1662
f 1782//1782 1640//1640 1619//1619
f 1547//1547 1702//1702 1762//1762
f 1531//1531 1762//1762 1743//1743
f 1783//1783 1583//1583 1763//1763
f 1784//1784 1564//1564 1620//1620
f 1515//1515 1565//1565 1682//1682
f 1765//1765 1683//1683 1785//1785
f 1786//1786 1767//1767 1766//1766
f 1786//1786 1707//1707 1767//1767
f 1785//1785 1683//1683 1706//1706
f 1706//1706 1767//1767 1785//1785
f 1785//1785 1767//1767 1706//1706
f 1785//1785 1706//1706 1746//1746
f 1706//1706 1663//1663 1746//1746
f 1726//1726 1787//1787 1708//1708
f 1711//1711 1710//1710 1788//1788
f 1687//1687 1789//1789 1710//1710
f 1666//1666 1751//1751 1752//1752
f 1732//1732 1752//1752 1771//1771
f 1790//1790 1731//1731 1648//1648
f 1790//1790 1648//1648 1713//1713
f 1791//1791 1733//1733 1653//1653
f 1653//1653 1715//1715 1791//1791
f 1593//1593 1492//1492 1792//1792
f 1737//1737 1793//1793 1694//1694
f 1794//1794 1718//1718 1795//1795
f 1775//1775 1720//1720 1598//1598
f 1758//1758 1679//1679 1796//1796
f 1679//1679 1740//1740 1796//1796
f 1777//1777 1637//1637 1720//1720
f 1759//1759 1660//1660 1797//1797
f 1798//1798 1527//1527 1543//1543
f 1543//1543 1600//1600 1798//1798
f 1528//1528 1760//1760 1680//1680
f 1661//1661 1603//1603 1799//1799
f 1701//1701 1781//1781 1662//1662
f 1702//1702 1640//1640 1800//1800
f 1514//1514 1801//1801 1582//1582
f 1641//1641 1801//1801 1514//1514
f 1783//1783 1641//1641 1583//1583
f 1681//1681 1802//1802 1763//1763
f 1764//1764 1802//1802 1681//1681
f 1723//1723 1803//1803 1642//1642
f 1682//1682 1565//1565 1642//1642
f 1723//1723 1744//1744 1803//1803
f 1804//1804 1765//1765 1786//1786
f 1766//1766 1725//1725 1786//1786
f 1786//1786 1765//1765 1785//1785
f 1786//1786 1785//1785 1725//1725
f 1786//1786 1725//1725 1785//1785
f 1725//1725 1707//1707 1786//1786
f 1605//1605 1805//1805 1705//1705
f 1549//1549 1806//1806 1517//1517
f 1724//1724 1806//1806 1549//1549
f 1748//1748 1727//1727 1807//1807
f 1808//1808 1807//1807 1727//1727
f 1807//1807 1808//1808 1728//1728
f 1746//1746 1728//1728 1808//1808
f 1728//1728 1746//1746 1748//1748
f 1727//1727 1748//1748 1746//1746
f 1748//1748 1809//1809 1750//1750
f 1787//1787 1768//1768 1708//1708
f 1769//1769 1789//1789 1687//1687
f 1709//1709 1668//1668 1690//1690
f 1667//1667 1810//1810 1753//1753
f 1755//1755 1574//1574 1538//1538
f 1734//1734 1657//1657 1811//1811
f 1574//1574 1792//1792 1492//1492
f 1657//1657 1736//1736 1811//1811
f 1812//1812 1811//1811 1736//1736
f 1736//1736 1772//1772 1812//1812
f 1694//1694 1793//1793 1772//1772
f 1813//1813 1793//1793 1737//1737
f 1738//1738 1718//1718 1794//1794
f 1698//1698 1814//1814 1739//1739
f 1698//1698 1659//1659 1815//1815
f 1659//1659 1816//1816 1815//1815
f 1659//1659 1756//1756 1816//1816
f 1817//1817 1740//1740 1635//1635
f 1818//1818 1776//1776 1759//1759
f 1602//1602 1722//1722 1760//1760
f 1701//1701 1779//1779 1781//1781
f 1619//1619 1781//1781 1782//1782
f 1780//1780 1582//1582 1819//1819
f 1582//1582 1801//1801 1819//1819
f 1702//1702 1800//1800 1762//1762
f 1783//1783 1801//1801 1641//1641
f 1620//1620 1743//1743 1784//1784
f 1804//1804 1766//1766 1765//1765
f 1746//1746 1804//1804 1786//1786
f 1786//1786 1785//1785 1746//1746
f 1726//1726 1517//1517 1806//1806
f 1788//1788 1729//1729 1820//1820
f 1809//1809 1820//1820 1750//1750
f 1820//1820 1729//1729 1750//1750
f 1788//1788 1789//1789 1729//1729
f 1710//1710 1789//1789 1788//1788
f 1727//1727 1608//1608 1808//1808
f 1608//1608 1709//1709 1808//1808
f 1821//1821 1789//1789 1769//1769
f 1788//1788 1822//1822 1711//1711
f 1690//1690 1688//1688 1714//1714
f 1689//1689 1770//1770 1713//1713
f 1733//1733 1791//1791 1754//1754
f 1315//1315 1669//1669 1823//1823
f 1772//1772 1793//1793 1824//1824
f 1825//1825 1774//1774 1630//1630
f 1738//1738 1794//1794 1826//1826
f 1718//1718 1739//1739 1827//1827
f 1698//1698 1815//1815 1814//1814
f 1756//1756 1828//1828 1816//1816
f 1757//1757 1700//1700 1829//1829
f 1829//1829 1700//1700 1758//1758
f 1775//1775 1830//1830 1720//1720
f 1635//1635 1636//1636 1817//1817
f 1600//1600 1721//1721 1798//1798
f 1761//1761 1661//1661 1799//1799
f 1831//1831 1640//1640 1832//1832
f 1832//1832 1640//1640 1782//1782
f 1640//1640 1831//1831 1800//1800
f 1803//1803 1833//1833 1642//1642
f 1803//1803 1744//1744 1805//1805
f 1744//1744 1705//1705 1805//1805
f 1745//1745 1834//1834 1621//1621
f 1805//1805 1605//1605 1729//1729
f 1787//1787 1726//1726 1806//1806
f 1725//1725 1807//1807 1728//1728
f 1747//1747 1621//1621 1834//1834
f 1787//1787 1821//1821 1768//1768
f 1748//1748 1807//1807 1809//1809
f 1729//1729 1789//1789 1835//1835
f 1820//1820 1836//1836 1788//1788
f 1821//1821 1768//1768 1837//1837
f 1751//1751 1769//1769 1837//1837
f 1769//1769 1751//1751 1821//1821
f 1768//1768 1821//1821 1751//1751
f 1752//1752 1751//1751 1837//1837
f 1838//1838 1837//1837 1769//1769
f 1769//1769 1731//1731 1838//1838
f 1790//1790 1838//1838 1731//1731
f 1749//1749 1606//1606 1747//1747
f 1822//1822 1770//1770 1711//1711
f 1749//1749 1730//1730 1839//1839
f 1714//1714 1627//1627 1840//1840
f 1753//1753 1841//1841 1590//1590
f 1841//1841 1753//1753 1842//1842
f 1791//1791 1843//1843 1844//1844
f 1754//1754 1791//1791 1844//1844
f 1845//1845 1754//1754 1844//1844
f 1592//1592 1846//1846 1669//1669
f 1670//1670 1754//1754 1845//1845
f 1592//1592 1610//1610 1846//1846
f 1610//1610 1670//1670 1847//1847
f 1848//1848 1849//1849 1671//1671
f 1671//1671 1735//1735 1848//1848
f 1813//1813 1737//1737 1850//1850
f 1737//1737 1658//1658 1851//1851
f 1773//1773 1851//1851 1658//1658
f 1738//1738 1826//1826 1773//1773
f 1826//1826 1794//1794 1795//1795
f 1795//1795 1718//1718 1827//1827
f 1676//1676 1852//1852 1633//1633
f 1814//1814 1827//1827 1739//1739
f 1815//1815 1816//1816 1853//1853
f 1677//1677 1775//1775 1615//1615
f 1756//1756 1757//1757 1828//1828
f 1776//1776 1818//1818 1854//1854
f 1776//1776 1854//1854 1721//1721
f 1855//1855 1680//1680 1760//1760
f 1760//1760 1722//1722 1856//1856
f 1761//1761 1799//1799 1857//1857
f 1779//1779 1511//1511 1858//1858
f 1799//1799 1603//1603 1780//1780
f 1799//1799 1780//1780 1859//1859
f 1858//1858 1781//1781 1779//1779
f 1764//1764 1703//1703 1860//1860
f 1804//1804 1861//1861 1766//1766
f 1729//1729 1835//1835 1805//1805
f 1821//1821 1835//1835 1789//1789
f 1808//1808 1709//1709 1809//1809
f 1709//1709 1690//1690 1862//1862
f 1749//1749 1747//1747 1839//1839
f 1685//1685 1839//1839 1747//1747
f 1839//1839 1685//1685 1749//1749
f 1606//1606 1749//1749 1685//1685
f 1862//1862 1690//1690 1863//1863
f 1713//1713 1714//1714 1822//1822
f 1863//1863 1822//1822 1714//1714
f 1822//1822 1863//1863 1770//1770
f 1690//1690 1770//1770 1863//1863
f 1770//1770 1690//1690 1713//1713
f 1714//1714 1713//1713 1690//1690
f 1667//1667 1685//1685 1810//1810
f 1771//1771 1840//1840 1627//1627
f 1791//1791 1715//1715 1843//1843
f 1715//1715 1671//1671 1843//1843
f 1843//1843 1671//1671 1849//1849
f 1811//1811 1864//1864 1734//1734
f 1864//1864 1735//1735 1734//1734
f 1574//1574 1755//1755 1865//1865
f 1866//1866 1630//1630 1593//1593
f 1850//1850 1737//1737 1851//1851
f 1793//1793 1813//1813 1867//1867
f 1824//1824 1793//1793 1868//1868
f 1774//1774 1825//1825 1676//1676
f 1633//1633 1852//1852 1677//1677
f 1869//1869 1797//1797 1870//1870
f 1869//1869 1759//1759 1797//1797
f 1660//1660 1871//1871 1797//1797
f 1854//1854 1818//1818 1740//1740
f 1660//1660 1741//1741 1871//1871
f 1636//1636 1527//1527 1798//1798
f 1872//1872 1721//1721 1854//1854
f 1721//1721 1872//1872 1798//1798
f 1601//1601 1742//1742 1873//1873
f 1616//1616 1874//1874 1722//1722
f 1856//1856 1722//1722 1874//1874
f 1857//1857 1799//1799 1859//1859
f 1875//1875 1831//1831 1832//1832
f 1876//1876 1780//1780 1819//1819
f 1877//1877 1876//1876 1819//1819
f 1877//1877 1819//1819 1801//1801
f 1784//1784 1860//1860 1703//1703
f 1784//1784 1703//1703 1564//1564
f 1802//1802 1764//1764 1878//1878
f 1878//1878 1764//1764 1860//1860
f 1833//1833 1682//1682 1642//1642
f 1803//1803 1805//1805 1833//1833
f 1766//1766 1807//1807 1725//1725
f 1879//1879 1768//1768 1821//1821
f 1821//1821 1837//1837 1838//1838
f 1839//1839 1745//1745 1749//1749
f 1880//1880 1685//1685 1747//1747
f 1753//1753 1810//1810 1842//1842
f 1844//1844 1843//1843 1849//1849
f 1670//1670 1845//1845 1881//1881
f 1735//1735 1882//1882 1848//1848
f 1882//1882 1735//1735 1883//1883
f 1884//1884 1811//1811 1812//1812
f 1792//1792 1866//1866 1593//1593
f 1885//1885 1772//1772 1824//1824
f 1886//1886 1851//1851 1773//1773
f 1793//1793 1867//1867 1868//1868
f 1795//1795 1827//1827 1887//1887
f 1826//1826 1795//1795 1888//1888
f 1677//1677 1889//1889 1775//1775
f 1757//1757 1829//1829 1828//1828
f 1720//1720 1830//1830 1777//1777
f 1759//1759 1869//1869 1890//1890
f 1740//1740 1891//1891 1796//1796
f 1818//1818 1891//1891 1740//1740
f 1818//1818 1892//1892 1891//1891
f 1797//1797 1871//1871 1870//1870
f 1817//1817 1854//1854 1740//1740
f 1778//1778 1777//1777 1893//1893
f 1636//1636 1798//1798 1872//1872
f 1873//1873 1616//1616 1601//1601
f 1511//1511 1761//1761 1858//1858
f 1781//1781 1858//1858 1782//1782
f 1894//1894 1800//1800 1831//1831
f 1895//1895 1743//1743 1762//1762
f 1682//1682 1787//1787 1724//1724
f 1766//1766 1896//1896 1807//1807
f 1804//1804 1807//1807 1896//1896
f 1807//1807 1804//1804 1861//1861
f 1746//1746 1861//1861 1804//1804
f 1861//1861 1746//1746 1766//1766
f 1896//1896 1766//1766 1746//1746
f 1724//1724 1787//1787 1806//1806
f 1787//1787 1835//1835 1821//1821
f 1897//1897 1822//1822 1788//1788
f 1840//1840 1862//1862 1863//1863
f 1863//1863 1714//1714 1840//1840
f 1810//1810 1685//1685 1898//1898
f 1810//1810 1899//1899 1842//1842
f 1881//1881 1847//1847 1670//1670
f 1864//1864 1811//1811 1900//1900
f 1900//1900 1811//1811 1884//1884
f 1735//1735 1864//1864 1901//1901
f 1902//1902 1848//1848 1882//1882
f 1735//1735 1901//1901 1883//1883
f 1903//1903 1812//1812 1772//1772
f 1772//1772 1885//1885 1903//1903
f 1825//1825 1630//1630 1866//1866
f 1813//1813 1850//1850 1867//1867
f 1867//1867 1904//1904 1868//1868
f 1826//1826 1905//1905 1906//1906
f 1905//1905 1826//1826 1907//1907
f 1887//1887 1888//1888 1795//1795
f 1907//1907 1826//1826 1888//1888
f 1888//1888 1887//1887 1908//1908
f 1814//1814 1908//1908 1827//1827
f 1908//1908 1853//1853 1888//1888
f 1907//1907 1888//1888 1853//1853
f 1814//1814 1815//1815 1908//1908
f 1818//1818 1759//1759 1892//1892
f 1854//1854 1817//1817 1872//1872
f 1872//1872 1817//1817 1636//1636
f 1856//1856 1855//1855 1760//1760
f 1856//1856 1874//1874 1909//1909
f 1910//1910 1857//1857 1859//1859
f 1859//1859 1780//1780 1876//1876
f 1910//1910 1859//1859 1876//1876
f 1832//1832 1910//1910 1875//1875
f 1875//1875 1910//1910 1876//1876
f 1876//1876 1911//1911 1875//1875
f 1762//1762 1800//1800 1895//1895
f 1784//1784 1743//1743 1895//1895
f 1682//1682 1833//1833 1787//1787
f 1805//1805 1835//1835 1833//1833
f 1787//1787 1833//1833 1835//1835
f 1745//1745 1912//1912 1834//1834
f 1913//1913 1912//1912 1745//1745
f 1807//1807 1914//1914 1809//1809
f 1836//1836 1915//1915 1788//1788
f 1879//1879 1821//1821 1838//1838
f 1879//1879 1916//1916 1837//1837
f 1768//1768 1879//1879 1837//1837
f 1839//1839 1730//1730 1917//1917
f 1822//1822 1840//1840 1918//1918
f 1919//1919 1918//1918 1840//1840
f 1918//1918 1919//1919 1822//1822
f 1862//1862 1822//1822 1919//1919
f 1840//1840 1822//1822 1862//1862
f 1713//1713 1822//1822 1918//1918
f 1790//1790 1713//1713 1918//1918
f 1685//1685 1880//1880 1920//1920
f 1920//1920 1898//1898 1685//1685
f 1841//1841 1842//1842 1921//1921
f 1922//1922 1844//1844 1849//1849
f 1845//1845 1844//1844 1922//1922
f 1849//1849 1848//1848 1922//1922
f 1755//1755 1315//1315 1823//1823
f 1900//1900 1923//1923 1864//1864
f 1924//1924 1866//1866 1792//1792
f 1886//1886 1773//1773 1925//1925
f 1773//1773 1826//1826 1925//1925
f 1867//1867 1925//1925 1826//1826
f 1906//1906 1867//1867 1826//1826
f 1904//1904 1867//1867 1906//1906
f 1887//1887 1827//1827 1908//1908
f 1815//1815 1853//1853 1908//1908
f 1853//1853 1816//1816 1926//1926
f 1758//1758 1927//1927 1829//1829
f 1928//1928 1759//1759 1890//1890
f 1893//1893 1777//1777 1929//1929
f 1870//1870 1930//1930 1869//1869
f 1928//1928 1892//1892 1759//1759
f 1931//1931 1874//1874 1616//1616
f 1858//1858 1761//1761 1932//1932
f 1761//1761 1857//1857 1910//1910
f 1858//1858 1932//1932 1782//1782
f 1832//1832 1782//1782 1932//1932
f 1875//1875 1911//1911 1831//1831
f 1911//1911 1894//1894 1831//1831
f 1800//1800 1894//1894 1895//1895
f 1876//1876 1877//1877 1911//1911
f 1878//1878 1763//1763 1802//1802
f 1804//1804 1896//1896 1933//1933
f 1934//1934 1807//1807 1861//1861
f 1935//1935 1746//1746 1808//1808
f 1915//1915 1897//1897 1788//1788
f 1839//1839 1913//1913 1745//1745
f 1837//1837 1916//1916 1752//1752
f 1822//1822 1897//1897 1918//1918
f 1590//1590 1841//1841 1730//1730
f 1810//1810 1898//1898 1899//1899
f 1900//1900 1936//1936 1923//1923
f 1847//1847 1846//1846 1610//1610
f 1884//1884 1936//1936 1900//1900
f 1845//1845 1937//1937 1881//1881
f 1864//1864 1923//1923 1901//1901
f 1867//1867 1850//1850 1938//1938
f 1866//1866 1939//1939 1825//1825
f 1940//1940 1868//1868 1904//1904
f 1889//1889 1677//1677 1852//1852
f 1816//1816 1828//1828 1926//1926
f 1829//1829 1941//1941 1828//1828
f 1830//1830 1929//1929 1777//1777
f 1742//1742 1778//1778 1873//1873
f 1932//1932 1761//1761 1910//1910
f 1932//1932 1910//1910 1832//1832
f 1877//1877 1801//1801 1783//1783
f 1895//1895 1942//1942 1784//1784
f 1783//1783 1763//1763 1943//1943
f 1878//1878 1943//1943 1763//1763
f 1784//1784 1942//1942 1860//1860
f 1861//1861 1804//1804 1933//1933
f 1944//1944 1861//1861 1934//1934
f 1944//1944 1933//1933 1861//1861
f 1896//1896 1861//1861 1933//1933
f 1861//1861 1896//1896 1934//1934
f 1944//1944 1934//1934 1896//1896
f 1935//1935 1944//1944 1896//1896
f 1746//1746 1935//1935 1896//1896
f 1945//1945 1834//1834 1912//1912
f 1934//1934 1914//1914 1807//1807
f 1820//1820 1914//1914 1915//1915
f 1834//1834 1945//1945 1747//1747
f 1820//1820 1809//1809 1914//1914
f 1820//1820 1915//1915 1836//1836
f 1838//1838 1790//1790 1946//1946
f 1947//1947 1752//1752 1916//1916
f 1771//1771 1752//1752 1947//1947
f 1790//1790 1918//1918 1946//1946
f 1771//1771 1947//1947 1840//1840
f 1730//1730 1841//1841 1948//1948
f 1841//1841 1949//1949 1948//1948
f 1669//1669 1846//1846 1823//1823
f 1845//1845 1922//1922 1937//1937
f 1936//1936 1884//1884 1950//1950
f 1922//1922 1848//1848 1937//1937
f 1937//1937 1848//1848 1902//1902
f 1881//1881 1937//1937 1951//1951
f 1823//1823 1865//1865 1755//1755
f 1952//1952 1902//1902 1882//1882
f 1924//1924 1939//1939 1866//1866
f 1851//1851 1938//1938 1850//1850
f 1824//1824 1868//1868 1953//1953
f 1938//1938 1851//1851 1886//1886
f 1905//1905 1954//1954 1906//1906
f 1676//1676 1955//1955 1852//1852
f 1956//1956 1957//1957 1958//1958
f 1959//1959 1927//1927 1758//1758
f 1960//1960 1869//1869 1930//1930
f 1930//1930 1870//1870 1961//1961
f 1871//1871 1741//1741 1962//1962
f 1856//1856 1909//1909 1855//1855
f 1874//1874 1963//1963 1909//1909
f 1943//1943 1877//1877 1783//1783
f 1860//1860 1942//1942 1878//1878
f 1935//1935 1933//1933 1944//1944
f 1808//1808 1809//1809 1964//1964
f 1809//1809 1914//1914 1964//1964
f 1964//1964 1914//1914 1809//1809
f 1809//1809 1709//1709 1964//1964
f 1945//1945 1880//1880 1747//1747
f 1862//1862 1964//1964 1709//1709
f 1839//1839 1917//1917 1913//1913
f 1917//1917 1730//1730 1948//1948
f 1898//1898 1920//1920 1965//1965
f 1847//1847 1881//1881 1951//1951
f 1950//1950 1884//1884 1812//1812
f 1952//1952 1882//1882 1883//1883
f 1865//1865 1966//1966 1574//1574
f 1792//1792 1574//1574 1966//1966
f 1903//1903 1885//1885 1967//1967
f 1925//1925 1938//1938 1886//1886
f 1938//1938 1925//1925 1867//1867
f 1868//1868 1940//1940 1953//1953
f 1904//1904 1906//1906 1954//1954
f 1853//1853 1926//1926 1968//1968
f 1889//1889 1830//1830 1775//1775
f 1958//1958 1957//1957 1969//1969
f 1958//1958 1970//1970 1971//1971
f 1972//1972 1970//1970 1829//1829
f 1971//1971 1956//1956 1958//1958
f 1973//1973 1929//1929 1974//1974
f 1975//1975 1959//1959 1758//1758
f 1975//1975 1758//1758 1796//1796
f 1929//1929 1973//1973 1893//1893
f 1961//1961 1870//1870 1871//1871
f 1741//1741 1680//1680 1855//1855
f 1616//1616 1873//1873 1931//1931
f 1877//1877 1894//1894 1911//1911
f 1894//1894 1877//1877 1943//1943
f 1895//1895 1894//1894 1942//1942
f 1942//1942 1943//1943 1878//1878
f 1933//1933 1976//1976 1861//1861
f 1935//1935 1976//1976 1933//1933
f 1934//1934 1915//1915 1914//1914
f 1808//1808 1964//1964 1935//1935
f 1935//1935 1964//1964 1977//1977
f 1945//1945 1978//1978 1880//1880
f 1978//1978 1920//1920 1880//1880
f 1979//1979 1898//1898 1965//1965
f 1841//1841 1921//1921 1949//1949
f 1842//1842 1980//1980 1921//1921
f 1980//1980 1842//1842 1899//1899
f 1981//1981 1923//1923 1936//1936
f 1923//1923 1981//1981 1982//1982
f 1923//1923 1982//1982 1901//1901
f 1981//1981 1936//1936 1950//1950
f 1983//1983 1937//1937 1902//1902
f 1865//1865 1823//1823 1984//1984
f 1847//1847 1951//1951 1985//1985
f 1883//1883 1901//1901 1986//1986
f 1903//1903 1987//1987 1812//1812
f 1967//1967 1987//1987 1903//1903
f 1966//1966 1924//1924 1792//1792
f 1824//1824 1953//1953 1885//1885
f 1940//1940 1988//1988 1953//1953
f 1989//1989 1825//1825 1939//1939
f 1905//1905 1990//1990 1954//1954
f 1853//1853 1968//1968 1907//1907
f 1970//1970 1991//1991 1829//1829
f 1974//1974 1929//1929 1992//1992
f 1972//1972 1971//1971 1970//1970
f 1972//1972 1829//1829 1927//1927
f 1956//1956 1890//1890 1993//1993
f 1890//1890 1956//1956 1928//1928
f 1930//1930 1994//1994 1960//1960
f 1930//1930 1961//1961 1994//1994
f 1893//1893 1995//1995 1778//1778
f 1778//1778 1996//1996 1873//1873
f 1931//1931 1963//1963 1874//1874
f 1894//1894 1943//1943 1942//1942
f 1838//1838 1997//1997 1879//1879
f 1897//1897 1998//1998 1918//1918
f 1862//1862 1919//1919 1999//1999
f 1978//1978 1965//1965 1920//1920
f 1919//1919 1840//1840 1947//1947
f 1948//1948 2000//2000 1917//1917
f 1898//1898 1979//1979 1899//1899
f 1846//1846 1847//1847 2001//2001
f 1902//1902 1952//1952 1983//1983
f 1952//1952 1883//1883 1986//1986
f 2002//2002 1939//1939 1924//1924
f 1940//1940 2003//2003 1988//1988
f 1989//1989 1939//1939 2002//2002
f 1676//1676 1989//1989 1955//1955
f 1676//1676 1825//1825 1989//1989
f 1852//1852 1955//1955 2004//2004
f 2005//2005 1969//1969 1957//1957
f 1991//1991 1970//1970 1958//1958
f 1957//1957 1956//1956 1993//1993
f 2006//2006 1974//1974 2007//2007
f 1956//1956 1971//1971 1928//1928
f 1891//1891 1892//1892 1796//1796
f 1890//1890 1869//1869 1960//1960
f 1893//1893 1973//1973 1995//1995
f 2008//2008 1909//1909 1963//1963
f 1976//1976 1934//1934 1861//1861
f 2009//2009 1915//1915 1934//1934
f 2009//2009 1897//1897 1915//1915
f 1964//1964 1862//1862 2010//2010
f 1916//1916 2011//2011 1947//1947
f 1999//1999 2010//2010 1862//1862
f 1919//1919 2011//2011 1999//1999
f 1947//1947 2011//2011 1919//1919
f 1979//1979 1965//1965 2012//2012
f 1979//1979 2012//2012 2013//2013
f 1982//1982 1981//1981 2014//2014
f 1981//1981 1950//1950 2015//2015
f 1983//1983 2016//2016 1937//1937
f 1937//1937 2016//2016 1951//1951
f 1985//1985 1951//1951 2016//2016
f 2001//2001 1847//1847 1985//1985
f 2017//2017 1950//1950 1812//1812
f 1901//1901 1982//1982 2018//2018
f 1901//1901 2018//2018 1986//1986
f 1812//1812 2019//2019 2017//2017
f 2019//2019 1812//1812 1987//1987
f 1940//1940 1904//1904 2020//2020
f 2021//2021 2003//2003 1940//1940
f 1954//1954 2020//2020 1904//1904
f 2022//2022 1905//1905 1907//1907
f 2023//2023 2022//2022 1907//1907
f 1968//1968 2023//2023 1907//1907
f 1974//1974 1992//1992 2007//2007
f 1959//1959 2024//2024 1927//1927
f 1975//1975 2025//2025 2024//2024
f 1975//1975 2024//2024 1959//1959
f 1973//1973 1974//1974 2026//2026
f 1892//1892 1975//1975 1796//1796
f 1994//1994 2027//2027 1960//1960
f 1778//1778 1995//1995 1996//1996
f 1741//1741 1855//1855 2008//2008
f 1909//1909 2008//2008 1855//1855
f 1873//1873 1996//1996 1931//1931
f 1912//1912 1913//1913 2028//2028
f 1838//1838 1946//1946 1997//1997
f 1998//1998 1897//1897 2009//2009
f 2029//2029 1913//1913 1917//1917
f 2030//2030 2000//2000 1948//1948
f 2030//2030 1948//1948 1949//1949
f 1979//1979 2013//2013 2031//2031
f 1899//1899 1979//1979 2031//2031
f 2015//2015 2014//2014 1981//1981
f 2015//2015 1950//1950 2032//2032
f 2014//2014 2033//2033 1982//1982
f 1950//1950 2017//2017 2032//2032
f 1982//1982 2033//2033 2017//2017
f 2034//2034 1987//1987 1967//1967
f 1966//1966 2035//2035 1924//1924
f 2002//2002 1924//1924 2035//2035
f 1889//1889 1852//1852 2004//2004
f 1958//1958 1969//1969 1991//1991
f 2006//2006 2026//2026 1974//1974
f 1960//1960 2036//2036 1890//1890
f 1871//1871 1962//1962 1961//1961
f 1741//1741 2008//2008 1962//1962
f 2037//2037 1963//1963 1931//1931
f 1977//1977 1976//1976 1935//1935
f 1912//1912 2028//2028 1945//1945
f 1934//1934 1976//1976 1977//1977
f 1934//1934 1977//1977 2009//2009
f 1913//1913 2029//2029 2028//2028
f 2012//2012 1978//1978 1945//1945
f 1916//1916 1879//1879 2011//2011
f 1978//1978 2012//2012 1965//1965
f 1918//1918 1998//1998 1946//1946
f 2013//2013 2038//2038 2031//2031
f 1982//1982 2017//2017 2018//2018
f 2019//2019 2018//2018 2017//2017
f 1984//1984 2039//2039 1865//1865
f 2039//2039 1984//1984 2035//2035
f 1865//1865 2039//2039 1966//1966
f 2040//2040 1986//1986 2018//2018
f 2039//2039 2035//2035 1966//1966
f 2041//2041 2019//2019 1987//1987
f 2040//2040 2041//2041 2042//2042
f 2040//2040 2043//2043 2044//2044
f 2040//2040 2042//2042 2043//2043
f 1953//1953 2045//2045 1885//1885
f 2042//2042 2041//2041 2046//2046
f 1953//1953 1988//1988 2045//2045
f 2046//2046 2003//2003 2047//2047
f 1989//1989 2002//2002 2004//2004
f 2004//2004 1955//1955 1989//1989
f 1905//1905 2022//2022 1990//1990
f 1969//1969 2005//2005 2048//2048
f 1830//1830 2049//2049 1929//1929
f 1829//1829 1991//1991 2050//2050
f 1927//1927 2024//2024 2051//2051
f 2051//2051 1972//1972 1927//1927
f 2052//2052 1892//1892 1928//1928
f 1975//1975 1892//1892 2025//2025
f 1973//1973 2026//2026 2053//2053
f 1995//1995 1973//1973 2053//2053
f 1961//1961 2053//2053 1994//1994
f 2054//2054 1996//1996 1995//1995
f 1996//1996 2037//2037 1931//1931
f 1945//1945 2028//2028 2055//2055
f 1964//1964 2056//2056 1977//1977
f 1977//1977 2056//2056 2009//2009
f 2056//2056 2057//2057 2009//2009
f 2056//2056 1964//1964 2010//2010
f 2011//2011 1879//1879 2058//2058
f 2059//2059 2013//2013 2012//2012
f 2060//2060 1846//1846 2001//2001
f 1823//1823 2061//2061 1984//1984
f 2040//2040 2018//2018 2019//2019
f 2040//2040 2019//2019 2041//2041
f 2062//2062 2044//2044 2043//2043
f 2034//2034 2063//2063 1987//1987
f 1987//1987 2063//2063 2041//2041
f 2046//2046 2043//2043 2042//2042
f 2046//2046 2041//2041 2063//2063
f 2063//2063 1988//1988 2003//2003
f 2046//2046 2063//2063 2003//2003
f 2021//2021 2047//2047 2003//2003
f 2020//2020 1954//1954 2064//2064
f 2065//2065 2004//2004 2002//2002
f 1889//1889 2066//2066 1830//1830
f 1969//1969 2048//2048 2067//2067
f 2049//2049 1992//1992 1929//1929
f 2067//2067 1991//1991 1969//1969
f 1972//1972 2052//2052 1971//1971
f 1971//1971 2052//2052 1928//1928
f 1994//1994 2026//2026 2068//2068
f 1890//1890 2036//2036 1993//1993
f 2027//2027 1994//1994 2068//2068
f 1994//1994 2053//2053 2026//2026
f 1961//1961 1962//1962 2053//2053
f 2055//2055 2028//2028 2029//2029
f 2055//2055 2012//2012 1945//1945
f 1997//1997 2058//2058 1879//1879
f 1998//1998 2056//2056 2057//2057
f 2010//2010 2057//2057 2056//2056
f 2057//2057 2010//2010 2009//2009
f 1999//1999 2009//2009 2010//2010
f 2009//2009 1999//1999 1998//1998
f 2056//2056 1998//1998 1999//1999
f 1997//1997 1946//1946 1998//1998
f 2069//2069 2029//2029 1917//1917
f 1917//1917 2000//2000 2070//2070
f 2071//2071 1949//1949 1921//1921
f 2015//2015 2072//2072 2014//2014
f 2015//2015 2032//2032 2072//2072
f 2073//2073 1983//1983 2074//2074
f 2073//2073 2016//2016 1983//1983
f 1952//1952 2074//2074 1983//1983
f 2017//2017 2033//2033 2032//2032
f 2060//2060 2061//2061 1846//1846
f 2061//2061 1823//1823 1846//1846
f 1985//1985 2016//2016 2075//2075
f 1986//1986 2074//2074 1952//1952
f 2035//2035 1984//1984 2076//2076
f 2034//2034 2045//2045 2063//2063
f 2063//2063 2045//2045 1988//1988
f 1940//1940 2020//2020 2021//2021
f 2077//2077 2047//2047 2078//2078
f 2004//2004 2065//2065 1889//1889
f 2079//2079 2080//2080 2081//2081
f 2080//2080 2082//2082 2083//2083
f 2083//2083 2081//2081 2080//2080
f 2082//2082 2023//2023 2084//2084
f 2084//2084 2023//2023 1968//1968
f 1926//1926 1828//1828 1941//1941
f 1957//1957 1993//1993 2005//2005
f 2026//2026 2006//2006 2085//2085
f 2068//2068 2026//2026 2085//2085
f 1995//1995 2053//2053 2054//2054
f 1962//1962 2086//2086 2053//2053
f 1962//1962 2008//2008 2086//2086
f 2037//2037 2008//2008 1963//1963
f 2087//2087 2057//2057 2056//2056
f 1998//1998 2057//2057 2087//2087
f 1997//1997 1998//1998 2087//2087
f 2058//2058 1999//1999 2011//2011
f 2070//2070 2059//2059 2030//2030
f 2000//2000 2013//2013 2070//2070
f 2059//2059 2070//2070 2013//2013
f 2013//2013 2000//2000 2038//2038
f 2000//2000 2030//2030 2059//2059
f 2088//2088 1980//1980 1899//1899
f 1980//1980 2071//2071 1921//1921
f 2014//2014 2072//2072 2033//2033
f 2033//2033 2072//2072 2032//2032
f 2089//2089 2001//2001 1985//1985
f 1984//1984 2061//2061 2076//2076
f 2045//2045 1967//1967 1885//1885
f 2034//2034 1967//1967 2045//2045
f 2035//2035 2076//2076 2002//2002
f 2090//2090 2046//2046 2047//2047
f 2077//2077 2079//2079 2091//2091
f 2023//2023 2092//2092 2022//2022
f 2077//2077 2078//2078 2079//2079
f 2079//2079 2078//2078 2080//2080
f 2093//2093 2082//2082 2080//2080
f 1889//1889 2065//2065 2066//2066
f 2066//2066 2049//2049 1830//1830
f 2094//2094 2095//2095 2096//2096
f 2097//2097 1992//1992 2094//2094
f 2067//2067 2098//2098 1991//1991
f 1829//1829 2050//2050 1941//1941
f 2048//2048 2005//2005 2099//2099
f 2051//2051 2052//2052 1972//1972
f 2025//2025 2051//2051 2024//2024
f 2025//2025 1892//1892 2051//2051
f 1892//1892 2052//2052 2051//2051
f 2027//2027 2100//2100 1960//1960
f 1960//1960 2100//2100 2101//2101
f 2086//2086 2054//2054 2053//2053
f 2008//2008 2037//2037 2086//2086
f 2054//2054 2037//2037 1996//1996
f 1999//1999 2087//2087 2056//2056
f 2102//2102 2012//2012 2055//2055
f 2070//2070 2069//2069 1917//1917
f 2103//2103 2075//2075 2016//2016
f 1986//1986 2044//2044 2074//2074
f 2089//2089 2060//2060 2001//2001
f 2104//2104 2076//2076 2061//2061
f 2043//2043 2046//2046 2090//2090
f 2105//2105 2047//2047 2106//2106
f 2077//2077 2106//2106 2047//2047
f 2002//2002 2076//2076 2065//2065
f 2023//2023 2082//2082 2092//2092
f 2078//2078 2093//2093 2080//2080
f 2107//2107 2049//2049 2066//2066
f 1992//1992 2049//2049 2094//2094
f 2007//2007 1992//1992 2097//2097
f 2108//2108 2007//2007 2097//2097
f 1960//1960 2101//2101 2036//2036
f 2054//2054 2086//2086 2037//2037
f 2087//2087 2058//2058 1997//1997
f 2087//2087 1999//1999 2058//2058
f 2000//2000 2059//2059 2038//2038
f 2088//2088 1899//1899 2031//2031
f 2088//2088 2071//2071 1980//1980
f 2073//2073 2103//2103 2016//2016
f 1985//1985 2075//2075 2089//2089
f 1986//1986 2040//2040 2044//2044
f 2061//2061 2060//2060 2104//2104
f 2104//2104 2109//2109 2076//2076
f 2110//2110 2111//2111 2112//2112
f 2047//2047 2105//2105 2090//2090
f 2021//2021 2020//2020 2113//2113
f 2047//2047 2021//2021 2113//2113
f 1990//1990 2064//2064 1954//1954
f 2047//2047 2114//2114 2078//2078
f 2079//2079 2115//2115 2091//2091
f 2093//2093 2092//2092 2082//2082
f 2081//2081 2115//2115 2079//2079
f 2116//2116 2094//2094 2049//2049
f 2107//2107 2116//2116 2049//2049
f 2067//2067 2117//2117 2098//2098
f 2096//2096 2097//2097 2094//2094
f 2117//2117 2067//2067 2048//2048
f 2006//2006 2007//2007 2108//2108
f 2055//2055 2029//2029 2102//2102
f 2012//2012 2102//2102 2059//2059
f 2030//2030 2118//2118 2070//2070
f 2060//2060 2089//2089 2110//2110
f 2104//2104 2060//2060 2110//2110
f 2119//2119 2111//2111 2110//2110
f 2076//2076 2109//2109 2065//2065
f 2047//2047 2113//2113 2114//2114
f 2112//2112 2120//2120 2121//2121
f 2121//2121 2122//2122 2112//2112
f 2123//2123 2122//2122 2121//2121
f 2124//2124 2116//2116 2107//2107
f 2083//2083 2125//2125 2081//2081
f 2126//2126 2083//2083 2082//2082
f 2094//2094 2116//2116 2127//2127
f 2095//2095 2094//2094 2128//2128
f 2095//2095 2128//2128 2096//2096
f 1968//1968 1926//1926 1941//1941
f 2048//2048 2129//2129 2117//2117
f 2096//2096 2130//2130 2097//2097
f 2050//2050 1991//1991 2098//2098
f 2005//2005 2131//2131 2099//2099
f 2027//2027 2068//2068 2100//2100
f 2102//2102 2029//2029 2069//2069
f 1949//1949 2118//2118 2030//2030
f 2074//2074 2132//2132 2073//2073
f 2132//2132 2103//2103 2073//2073
f 2090//2090 2062//2062 2043//2043
f 2104//2104 2110//2110 2122//2122
f 2120//2120 2112//2112 2111//2111
f 2104//2104 2122//2122 2109//2109
f 2113//2113 2020//2020 2064//2064
f 2110//2110 2112//2112 2122//2122
f 2106//2106 2077//2077 2091//2091
f 2121//2121 2133//2133 2123//2123
f 2065//2065 2109//2109 2066//2066
f 2109//2109 2107//2107 2066//2066
f 2107//2107 2122//2122 2123//2123
f 2124//2124 2107//2107 2123//2123
f 2126//2126 2082//2082 2084//2084
f 1968//1968 1941//1941 2134//2134
f 2050//2050 2098//2098 2135//2135
f 2136//2136 1993//1993 2036//2036
f 2137//2137 2068//2068 2085//2085
f 2038//2038 2059//2059 2138//2138
f 1949//1949 2071//2071 2139//2139
f 2132//2132 2074//2074 2044//2044
f 2089//2089 2075//2075 2140//2140
f 2089//2089 2140//2140 2110//2110
f 2140//2140 2119//2119 2110//2110
f 1990//1990 2113//2113 2064//2064
f 2141//2141 2121//2121 2120//2120
f 2121//2121 2141//2141 2133//2133
f 2109//2109 2122//2122 2107//2107
f 2142//2142 2116//2116 2124//2124
f 2116//2116 2142//2142 2127//2127
f 2128//2128 2094//2094 2127//2127
f 2143//2143 2083//2083 2117//2117
f 2117//2117 2144//2144 2098//2098
f 2096//2096 2131//2131 2130//2130
f 2130//2130 2145//2145 2097//2097
f 2146//2146 2130//2130 2131//2131
f 2145//2145 2108//2108 2097//2097
f 2005//2005 2146//2146 2131//2131
f 2005//2005 1993//1993 2136//2136
f 2137//2137 2100//2100 2068//2068
f 2036//2036 2101//2101 2136//2136
f 2147//2147 2088//2088 2031//2031
f 2088//2088 2139//2139 2071//2071
f 2119//2119 2148//2148 2111//2111
f 2114//2114 2092//2092 2093//2093
f 2093//2093 2078//2078 2114//2114
f 2142//2142 2124//2124 2123//2123
f 2081//2081 2125//2125 2149//2149
f 2083//2083 2126//2126 2117//2117
f 2084//2084 1968//1968 2150//2150
f 2134//2134 1941//1941 2050//2050
f 2096//2096 2151//2151 2131//2131
f 2131//2131 2151//2151 2099//2099
f 2006//2006 2108//2108 2085//2085
f 2152//2152 2101//2101 2100//2100
f 2118//2118 1949//1949 2153//2153
f 2038//2038 2147//2147 2031//2031
f 2140//2140 2154//2154 2119//2119
f 2155//2155 2062//2062 2090//2090
f 2155//2155 2148//2148 2062//2062
f 2114//2114 2113//2113 2022//2022
f 2114//2114 2022//2022 2092//2092
f 2081//2081 2149//2149 2115//2115
f 2156//2156 2157//2157 2128//2128
f 2157//2157 2096//2096 2128//2128
f 2135//2135 2134//2134 2050//2050
f 2130//2130 2146//2146 2145//2145
f 2005//2005 2136//2136 2146//2146
f 2085//2085 2108//2108 2158//2158
f 2085//2085 2158//2158 2137//2137
f 2136//2136 2101//2101 2152//2152
f 2137//2137 2152//2152 2100//2100
f 2069//2069 2159//2159 2102//2102
f 2147//2147 2038//2038 2138//2138
f 2153//2153 1949//1949 2139//2139
f 2147//2147 2139//2139 2088//2088
f 2132//2132 2044//2044 2160//2160
f 2154//2154 2062//2062 2148//2148
f 2119//2119 2154//2154 2148//2148
f 2155//2155 2090//2090 2161//2161
f 2091//2091 2162//2162 2106//2106
f 2113//2113 1990//1990 2022//2022
f 2120//2120 2163//2163 2141//2141
f 2156//2156 2128//2128 2164//2164
f 2083//2083 2143//2143 2125//2125
f 2126//2126 2084//2084 2150//2150
f 2144//2144 2126//2126 2150//2150
f 2126//2126 2144//2144 2117//2117
f 2150//2150 1968//1968 2134//2134
f 2096//2096 2157//2157 2165//2165
f 2098//2098 2144//2144 2135//2135
f 2151//2151 2096//2096 2165//2165
f 2099//2099 2129//2129 2048//2048
f 2145//2145 2146//2146 2158//2158
f 2145//2145 2158//2158 2108//2108
f 2136//2136 2158//2158 2146//2146
f 2166//2166 2102//2102 2159//2159
f 2167//2167 2069//2069 2070//2070
f 2132//2132 2168//2168 2103//2103
f 2075//2075 2103//2103 2168//2168
f 2075//2075 2168//2168 2140//2140
f 2044//2044 2062//2062 2160//2160
f 2148//2148 2155//2155 2169//2169
f 2141//2141 2170//2170 2171//2171
f 2091//2091 2115//2115 2172//2172
f 2158//2158 2136//2136 2152//2152
f 2137//2137 2158//2158 2152//2152
f 2059//2059 2102//2102 2166//2166
f 2070//2070 2118//2118 2167//2167
f 2132//2132 2160//2160 2168//2168
f 2140//2140 2168//2168 2154//2154
f 2154//2154 2160//2160 2062//2062
f 2111//2111 2148//2148 2169//2169
f 2170//2170 2141//2141 2163//2163
f 2142//2142 2173//2173 2127//2127
f 2144//2144 2150//2150 2134//2134
f 2144//2144 2134//2134 2135//2135
f 2129//2129 2143//2143 2117//2117
f 2167//2167 2159//2159 2069//2069
f 2153//2153 2174//2174 2118//2118
f 2175//2175 2147//2147 2138//2138
f 2153//2153 2139//2139 2175//2175
f 2168//2168 2160//2160 2154//2154
f 2169//2169 2120//2120 2111//2111
f 2162//2162 2091//2091 2172//2172
f 2142//2142 2123//2123 2133//2133
f 2156//2156 2164//2164 2176//2176
f 2164//2164 2128//2128 2127//2127
f 2177//2177 2157//2157 2156//2156
f 2099//2099 2178//2178 2129//2129
f 2118//2118 2174//2174 2179//2179
f 2167//2167 2118//2118 2179//2179
f 2059//2059 2166//2166 2138//2138
f 2147//2147 2175//2175 2139//2139
f 2141//2141 2171//2171 2133//2133
f 2173//2173 2142//2142 2133//2133
f 2099//2099 2151//2151 2178//2178
f 2166//2166 2180//2180 2138//2138
f 2169//2169 2155//2155 2181//2181
f 2090//2090 2105//2105 2182//2182
f 2120//2120 2169//2169 2163//2163
f 2166//2166 2159//2159 2183//2183
f 2153//2153 2175//2175 2174//2174
f 2138//2138 2180//2180 2175//2175
f 2090//2090 2182//2182 2161//2161
f 2162//2162 2105//2105 2106//2106
f 2156//2156 2184//2184 2177//2177
f 2177//2177 2185//2185 2157//2157
f 2167//2167 2183//2183 2159//2159
f 2176//2176 2184//2184 2156//2156
f 2149//2149 2125//2125 2186//2186
f 2143//2143 2187//2187 2125//2125
f 2157//2157 2185//2185 2165//2165
f 2167//2167 2179//2179 2183//2183
f 2166//2166 2183//2183 2180//2180
f 2155//2155 2161//2161 2181//2181
f 2188//2188 2169//2169 2181//2181
f 2188//2188 2163//2163 2169//2169
f 2189//2189 2170//2170 2163//2163
f 2162//2162 2172//2172 2190//2190
f 2125//2125 2185//2185 2177//2177
f 2125//2125 2187//2187 2185//2185
f 2187//2187 2143//2143 2178//2178
f 2143//2143 2129//2129 2178//2178
f 2165//2165 2185//2185 2151//2151
f 2174//2174 2175//2175 2180//2180
f 2182//2182 2191//2191 2161//2161
f 2161//2161 2191//2191 2181//2181
f 2162//2162 2182//2182 2105//2105
f 2115//2115 2192//2192 2172//2172
f 2192//2192 2149//2149 2186//2186
f 2177//2177 2186//2186 2125//2125
f 2185//2185 2178//2178 2151//2151
f 2179//2179 2174//2174 2180//2180
f 2193//2193 2191//2191 2182//2182
f 2182//2182 2162//2162 2193//2193
f 2188//2188 2189//2189 2163//2163
f 2149//2149 2192//2192 2115//2115
f 2184//2184 2186//2186 2177//2177
f 2180//2180 2183//2183 2194//2194
f 2194//2194 2183//2183 2179//2179
f 2194//2194 2179//2179 2180//2180
f 2191//2191 2195//2195 2181//2181
f 2193//2193 2162//2162 2196//2196
f 2189//2189 2196//2196 2190//2190
f 2170//2170 2189//2189 2190//2190
f 2197//2197 2170//2170 2190//2190
f 2197//2197 2171//2171 2170//2170
f 2198//2198 2164//2164 2127//2127
f 2176//2176 2186//2186 2184//2184
f 2195//2195 2191//2191 2193//2193
f 2196//2196 2195//2195 2193//2193
f 2189//2189 2188//2188 2196//2196
f 2190//2190 2196//2196 2162//2162
f 2176//2176 2192//2192 2186//2186
f 2178//2178 2185//2185 2187//2187
f 2195//2195 2188//2188 2181//2181
f 2188//2188 2195//2195 2196//2196
f 2172//2172 2199//2199 2190//2190
f 2200//2200 2133//2133 2171//2171
f 2133//2133 2200//2200 2173//2173
f 2200//2200 2198//2198 2173//2173
f 2173//2173 2198//2198 2127//2127
f 2164//2164 2201//2201 2176//2176
f 2199//2199 2197//2197 2190//2190
f 2164//2164 2198//2198 2201//2201
f 2197//2197 2199//2199 2202//2202
f 2171//2171 2197//2197 2202//2202
f 2176//2176 2203//2203 2192//2192
f 2204//2204 2202//2202 2199//2199
f 2204//2204 2199//2199 2172//2172
f 2203//2203 2172//2172 2192//2192
f 2176//2176 2201//2201 2203//2203
f 2202//2202 2205//2205 2171//2171
f 2204//2204 2172//2172 2203//2203
f 2202//2202 2204//2204 2205//2205
f 2205//2205 2204//2204 2206//2206
f 2204//2204 2203//2203 2206//2206
f 2171//2171 2205//2205 2200//2200
f 2200//2200 2207//2207 2198//2198
f 2207//2207 2205//2205 2206//2206
f 2206//2206 2203//2203 2208//2208
f 2208//2208 2203//2203 2201//2201
f 2208//2208 2207//2207 2206//2206
f 2205//2205 2207//2207 2200//2200
f 2198//2198 2207//2207 2201//2201
f 2207//2207 2208//2208 2201//2201
